Common_RowID,SMILES_Solvent,y_true,learner,feature_layer,seed,Solvent
330,C1CCCCC1,-2.8981808939367553,XGBoost,CAT-Solv-47,42,Cyclohexane
331,C1CCCCC1,-2.763897031304257,XGBoost,CAT-Solv-47,42,Cyclohexane
332,C1CCCCC1,-2.5667621398841893,XGBoost,CAT-Solv-47,42,Cyclohexane
333,C1CCCCC1,-2.4078183756977265,XGBoost,CAT-Solv-47,42,Cyclohexane
334,C1CCCCC1,-2.303224613793591,XGBoost,CAT-Solv-47,42,Cyclohexane
335,C1CCCCC1,-2.193877090124794,XGBoost,CAT-Solv-47,42,Cyclohexane
336,C1CCCCC1,-2.1356484144786356,XGBoost,CAT-Solv-47,42,Cyclohexane
337,C1CCCCC1,-2.04248364849467,XGBoost,CAT-Solv-47,42,Cyclohexane
338,C1CCCCC1,-1.9560826584682585,XGBoost,CAT-Solv-47,42,Cyclohexane
657,CN1CCCC1=O,-4.491357110318077,XGBoost,CAT-Solv-47,42,NMP
658,CN1CCCC1=O,-4.098616327687801,XGBoost,CAT-Solv-47,42,NMP
659,CN1CCCC1=O,-3.869812147489723,XGBoost,CAT-Solv-47,42,NMP
660,CN1CCCC1=O,-3.6233155884396377,XGBoost,CAT-Solv-47,42,NMP
661,CN1CCCC1=O,-3.4164327079751144,XGBoost,CAT-Solv-47,42,NMP
958,CCCOC(C)=O,-0.9465241873569872,XGBoost,CAT-Solv-47,42,n-Pr acetate
959,CCCOC(C)=O,-0.8922901354882344,XGBoost,CAT-Solv-47,42,n-Pr acetate
960,CCCOC(C)=O,-0.8545058416531066,XGBoost,CAT-Solv-47,42,n-Pr acetate
961,CCCOC(C)=O,-0.8093741463529338,XGBoost,CAT-Solv-47,42,n-Pr acetate
962,CCCOC(C)=O,-0.7665851277394433,XGBoost,CAT-Solv-47,42,n-Pr acetate
963,CCCOC(C)=O,-0.7242641060138514,XGBoost,CAT-Solv-47,42,n-Pr acetate
964,CCCOC(C)=O,-0.6794120477097328,XGBoost,CAT-Solv-47,42,n-Pr acetate
965,CCCOC(C)=O,-0.6335341333219154,XGBoost,CAT-Solv-47,42,n-Pr acetate
966,CCCOC(C)=O,-0.585870036804785,XGBoost,CAT-Solv-47,42,n-Pr acetate
967,CCCOC(C)=O,-0.5433888060625882,XGBoost,CAT-Solv-47,42,n-Pr acetate
988,CN1CCCC1=O,0.4702359681805794,XGBoost,CAT-Solv-47,42,NMP
989,CN1CCCC1=O,0.4784826460560164,XGBoost,CAT-Solv-47,42,NMP
990,CN1CCCC1=O,0.4957093025174495,XGBoost,CAT-Solv-47,42,NMP
991,CN1CCCC1=O,0.5143285857073514,XGBoost,CAT-Solv-47,42,NMP
992,CN1CCCC1=O,0.5288433528677553,XGBoost,CAT-Solv-47,42,NMP
993,CN1CCCC1=O,0.5403879681960287,XGBoost,CAT-Solv-47,42,NMP
994,CN1CCCC1=O,0.5500014117447193,XGBoost,CAT-Solv-47,42,NMP
995,CN1CCCC1=O,0.5667410749307179,XGBoost,CAT-Solv-47,42,NMP
996,CN1CCCC1=O,0.582564903950069,XGBoost,CAT-Solv-47,42,NMP
997,CN1CCCC1=O,0.5983867455472762,XGBoost,CAT-Solv-47,42,NMP
1017,C1CCCCC1,-1.0553589685689122,XGBoost,CAT-Solv-47,42,Cyclohexane
1018,C1CCCCC1,-0.9826711478646676,XGBoost,CAT-Solv-47,42,Cyclohexane
1019,C1CCCCC1,-0.9085339102422996,XGBoost,CAT-Solv-47,42,Cyclohexane
1020,C1CCCCC1,-0.8334708301268587,XGBoost,CAT-Solv-47,42,Cyclohexane
1021,C1CCCCC1,-0.7611075334206658,XGBoost,CAT-Solv-47,42,Cyclohexane
1022,C1CCCCC1,-0.692894569445799,XGBoost,CAT-Solv-47,42,Cyclohexane
1023,C1CCCCC1,-0.6266378943772193,XGBoost,CAT-Solv-47,42,Cyclohexane
1024,C1CCCCC1,-0.5611734894907403,XGBoost,CAT-Solv-47,42,Cyclohexane
1309,C1CCCCC1,-3.8031893603761406,XGBoost,CAT-Solv-47,42,Cyclohexane
1310,C1CCCCC1,-3.59976350391605,XGBoost,CAT-Solv-47,42,Cyclohexane
1311,C1CCCCC1,-3.234336693681223,XGBoost,CAT-Solv-47,42,Cyclohexane
1312,C1CCCCC1,-2.819825816823023,XGBoost,CAT-Solv-47,42,Cyclohexane
1411,CN1CCCC1=O,-1.2401919480455474,XGBoost,CAT-Solv-47,42,NMP
1412,CN1CCCC1=O,-1.2264460912609376,XGBoost,CAT-Solv-47,42,NMP
1413,CN1CCCC1=O,-1.212504210869023,XGBoost,CAT-Solv-47,42,NMP
1414,CN1CCCC1=O,-1.1962697307948091,XGBoost,CAT-Solv-47,42,NMP
1415,CN1CCCC1=O,-1.1841899018971616,XGBoost,CAT-Solv-47,42,NMP
1416,CN1CCCC1=O,-1.1738863554502588,XGBoost,CAT-Solv-47,42,NMP
1417,CN1CCCC1=O,-1.1606753519627886,XGBoost,CAT-Solv-47,42,NMP
1418,CN1CCCC1=O,-1.1492290579194775,XGBoost,CAT-Solv-47,42,NMP
1698,CS(C)=O,-1.228859040071948,XGBoost,CAT-Solv-47,42,DMSO
1699,CS(C)=O,-1.1721590130269943,XGBoost,CAT-Solv-47,42,DMSO
1700,CS(C)=O,-1.118280384405097,XGBoost,CAT-Solv-47,42,DMSO
1701,CS(C)=O,-1.0678000439815525,XGBoost,CAT-Solv-47,42,DMSO
1702,CS(C)=O,-0.9909575478690316,XGBoost,CAT-Solv-47,42,DMSO
1703,OCCO,-2.6876811059927492,XGBoost,CAT-Solv-47,42,Ethylene glycol
1704,OCCO,-2.5352776086829465,XGBoost,CAT-Solv-47,42,Ethylene glycol
1705,OCCO,-2.374225004176719,XGBoost,CAT-Solv-47,42,Ethylene glycol
1706,OCCO,-2.242350667040206,XGBoost,CAT-Solv-47,42,Ethylene glycol
1707,OCCO,-2.028116929175731,XGBoost,CAT-Solv-47,42,Ethylene glycol
1808,CS(C)=O,0.2954805303398199,XGBoost,CAT-Solv-47,42,DMSO
1809,CS(C)=O,0.3581571077086902,XGBoost,CAT-Solv-47,42,DMSO
1810,CS(C)=O,0.4286261139166107,XGBoost,CAT-Solv-47,42,DMSO
1811,CS(C)=O,0.5010100708372596,XGBoost,CAT-Solv-47,42,DMSO
1812,CS(C)=O,0.5637343441943437,XGBoost,CAT-Solv-47,42,DMSO
1813,CS(C)=O,0.6266229375606448,XGBoost,CAT-Solv-47,42,DMSO
1814,CS(C)=O,0.6941490873832553,XGBoost,CAT-Solv-47,42,DMSO
1815,CS(C)=O,0.7548459181102427,XGBoost,CAT-Solv-47,42,DMSO
1816,CS(C)=O,0.8179634599996142,XGBoost,CAT-Solv-47,42,DMSO
1817,CS(C)=O,0.8898690119100651,XGBoost,CAT-Solv-47,42,DMSO
2168,C1CCCCC1,-3.606136132532512,XGBoost,CAT-Solv-47,42,Cyclohexane
2169,C1CCCCC1,-3.3561756166126573,XGBoost,CAT-Solv-47,42,Cyclohexane
2170,C1CCCCC1,-3.143581842826553,XGBoost,CAT-Solv-47,42,Cyclohexane
2171,C1CCCCC1,-2.8930043755797743,XGBoost,CAT-Solv-47,42,Cyclohexane
2172,C1CCCCC1,-2.679314619914265,XGBoost,CAT-Solv-47,42,Cyclohexane
2173,C1CCCCC1,-2.4869895490964744,XGBoost,CAT-Solv-47,42,Cyclohexane
2174,C1CCCCC1,-2.2908092849595665,XGBoost,CAT-Solv-47,42,Cyclohexane
2175,C1CCCCC1,-2.108948369014269,XGBoost,CAT-Solv-47,42,Cyclohexane
2176,C1CCCCC1,-1.952937991735644,XGBoost,CAT-Solv-47,42,Cyclohexane
2177,C1CCCCC1,-1.798518491407148,XGBoost,CAT-Solv-47,42,Cyclohexane
2297,OCCO,-2.07740322431052,XGBoost,CAT-Solv-47,42,Ethylene glycol
2298,OCCO,-1.907526200834701,XGBoost,CAT-Solv-47,42,Ethylene glycol
2299,OCCO,-1.7233813212265028,XGBoost,CAT-Solv-47,42,Ethylene glycol
2300,OCCO,-1.536337008459889,XGBoost,CAT-Solv-47,42,Ethylene glycol
2301,OCCO,-1.3724916978264363,XGBoost,CAT-Solv-47,42,Ethylene glycol
2302,OCCO,-1.2316469359793405,XGBoost,CAT-Solv-47,42,Ethylene glycol
2303,OCCO,-1.1027762773011396,XGBoost,CAT-Solv-47,42,Ethylene glycol
2304,OCCO,-0.9848560106580444,XGBoost,CAT-Solv-47,42,Ethylene glycol
2305,OCCO,-0.8724565488945758,XGBoost,CAT-Solv-47,42,Ethylene glycol
2306,OCCO,-0.7641400929099713,XGBoost,CAT-Solv-47,42,Ethylene glycol
2903,CN1CCCC1=O,0.4123858104115932,XGBoost,CAT-Solv-47,42,NMP
2904,CN1CCCC1=O,0.4754652395131354,XGBoost,CAT-Solv-47,42,NMP
2905,CN1CCCC1=O,0.5538921231843801,XGBoost,CAT-Solv-47,42,NMP
2906,CN1CCCC1=O,0.6488136595192683,XGBoost,CAT-Solv-47,42,NMP
2907,CN1CCCC1=O,0.7517113637622925,XGBoost,CAT-Solv-47,42,NMP
2908,CN1CCCC1=O,0.8464895657485728,XGBoost,CAT-Solv-47,42,NMP
2909,CN1CCCC1=O,0.9432583891127448,XGBoost,CAT-Solv-47,42,NMP
2910,CN1CCCC1=O,1.0500868435113124,XGBoost,CAT-Solv-47,42,NMP
2911,CN1CCCC1=O,1.1646478810905712,XGBoost,CAT-Solv-47,42,NMP
2921,CS(C)=O,0.9283837224660644,XGBoost,CAT-Solv-47,42,DMSO
2922,CS(C)=O,1.0165598512050116,XGBoost,CAT-Solv-47,42,DMSO
2923,CS(C)=O,1.1121174037304122,XGBoost,CAT-Solv-47,42,DMSO
2924,CS(C)=O,1.2117184303335926,XGBoost,CAT-Solv-47,42,DMSO
2925,CS(C)=O,1.3319217635884872,XGBoost,CAT-Solv-47,42,DMSO
2926,CS(C)=O,1.4659132989015058,XGBoost,CAT-Solv-47,42,DMSO
2927,OCCO,-0.7474270011452762,XGBoost,CAT-Solv-47,42,Ethylene glycol
2928,OCCO,-0.7119732722931663,XGBoost,CAT-Solv-47,42,Ethylene glycol
2929,OCCO,-0.6116158327408263,XGBoost,CAT-Solv-47,42,Ethylene glycol
2930,OCCO,-0.5280270348486147,XGBoost,CAT-Solv-47,42,Ethylene glycol
2931,OCCO,-0.4510908255577944,XGBoost,CAT-Solv-47,42,Ethylene glycol
2932,OCCO,-0.3763989611677105,XGBoost,CAT-Solv-47,42,Ethylene glycol
2933,OCCO,-0.308811630993233,XGBoost,CAT-Solv-47,42,Ethylene glycol
2934,OCCO,-0.2418693324416556,XGBoost,CAT-Solv-47,42,Ethylene glycol
2935,OCCO,-0.1721864132442214,XGBoost,CAT-Solv-47,42,Ethylene glycol
3113,CS(C)=O,-0.4101734435070168,XGBoost,CAT-Solv-47,42,DMSO
3114,CS(C)=O,-0.3396369391412644,XGBoost,CAT-Solv-47,42,DMSO
3115,CS(C)=O,-0.2518029905715824,XGBoost,CAT-Solv-47,42,DMSO
3116,CS(C)=O,-0.1691336834124054,XGBoost,CAT-Solv-47,42,DMSO
3117,CS(C)=O,-0.0958948944757523,XGBoost,CAT-Solv-47,42,DMSO
3118,CS(C)=O,-0.0528883091139473,XGBoost,CAT-Solv-47,42,DMSO
3119,CS(C)=O,0.042399631676414,XGBoost,CAT-Solv-47,42,DMSO
3120,CS(C)=O,0.1209023559875326,XGBoost,CAT-Solv-47,42,DMSO
3250,C1CCCCC1,-4.0563663840642725,XGBoost,CAT-Solv-47,42,Cyclohexane
3251,C1CCCCC1,-3.943007702778663,XGBoost,CAT-Solv-47,42,Cyclohexane
3252,C1CCCCC1,-3.8445408233401146,XGBoost,CAT-Solv-47,42,Cyclohexane
3253,C1CCCCC1,-3.736005182318078,XGBoost,CAT-Solv-47,42,Cyclohexane
3254,C1CCCCC1,-3.6397214095740527,XGBoost,CAT-Solv-47,42,Cyclohexane
3255,C1CCCCC1,-3.5445357738033985,XGBoost,CAT-Solv-47,42,Cyclohexane
3256,C1CCCCC1,-3.453960976326816,XGBoost,CAT-Solv-47,42,Cyclohexane
3257,C1CCCCC1,-3.3649876300524917,XGBoost,CAT-Solv-47,42,Cyclohexane
3258,C1CCCCC1,-3.274698192054745,XGBoost,CAT-Solv-47,42,Cyclohexane
3339,CS(C)=O,-2.383513699245844,XGBoost,CAT-Solv-47,42,DMSO
3340,CS(C)=O,-2.300039119498576,XGBoost,CAT-Solv-47,42,DMSO
3341,CS(C)=O,-2.2234770584154884,XGBoost,CAT-Solv-47,42,DMSO
3342,CS(C)=O,-2.149000685342515,XGBoost,CAT-Solv-47,42,DMSO
3343,CS(C)=O,-2.0634387369897143,XGBoost,CAT-Solv-47,42,DMSO
3344,CS(C)=O,-1.993399420428452,XGBoost,CAT-Solv-47,42,DMSO
3345,CS(C)=O,-1.9236691558458865,XGBoost,CAT-Solv-47,42,DMSO
3534,OCCO,-2.0626542720779635,XGBoost,CAT-Solv-47,42,Ethylene glycol
3535,OCCO,-1.9262640767175585,XGBoost,CAT-Solv-47,42,Ethylene glycol
3536,OCCO,-1.781513059690038,XGBoost,CAT-Solv-47,42,Ethylene glycol
3537,OCCO,-1.657896892771562,XGBoost,CAT-Solv-47,42,Ethylene glycol
3538,OCCO,-1.526605518248129,XGBoost,CAT-Solv-47,42,Ethylene glycol
3539,OCCO,-1.397052244620363,XGBoost,CAT-Solv-47,42,Ethylene glycol
3540,OCCO,-1.284101191900124,XGBoost,CAT-Solv-47,42,Ethylene glycol
3541,OCCO,-1.1434582429779991,XGBoost,CAT-Solv-47,42,Ethylene glycol
3542,OCCO,-1.0215773316305703,XGBoost,CAT-Solv-47,42,Ethylene glycol
3588,CN1CCCC1=O,-0.6465132378450245,XGBoost,CAT-Solv-47,42,NMP
3589,CN1CCCC1=O,-0.6950705445211439,XGBoost,CAT-Solv-47,42,NMP
3590,CN1CCCC1=O,-0.5895819982175486,XGBoost,CAT-Solv-47,42,NMP
3591,CN1CCCC1=O,-0.6122032781229128,XGBoost,CAT-Solv-47,42,NMP
3592,CN1CCCC1=O,-0.5232539351213222,XGBoost,CAT-Solv-47,42,NMP
3593,CN1CCCC1=O,-0.5410250612319253,XGBoost,CAT-Solv-47,42,NMP
3594,CN1CCCC1=O,-0.4671494619685703,XGBoost,CAT-Solv-47,42,NMP
3595,CN1CCCC1=O,-0.4959844682524253,XGBoost,CAT-Solv-47,42,NMP
3596,CN1CCCC1=O,-0.3978979597171316,XGBoost,CAT-Solv-47,42,NMP
3597,CN1CCCC1=O,-0.4525776753995725,XGBoost,CAT-Solv-47,42,NMP
3718,CCCOC(C)=O,-0.9307491836387696,XGBoost,CAT-Solv-47,42,n-Pr acetate
3719,CCCOC(C)=O,-0.858280868435574,XGBoost,CAT-Solv-47,42,n-Pr acetate
3720,CCCOC(C)=O,-0.7782735010450728,XGBoost,CAT-Solv-47,42,n-Pr acetate
3721,CCCOC(C)=O,-0.7154158878094932,XGBoost,CAT-Solv-47,42,n-Pr acetate
3722,CCCOC(C)=O,-0.642110901439715,XGBoost,CAT-Solv-47,42,n-Pr acetate
3723,CCCOC(C)=O,-0.5824059953708897,XGBoost,CAT-Solv-47,42,n-Pr acetate
3724,CCCOC(C)=O,-0.508433824696574,XGBoost,CAT-Solv-47,42,n-Pr acetate
3725,CCCOC(C)=O,-0.4401711608881835,XGBoost,CAT-Solv-47,42,n-Pr acetate
3726,CCCOC(C)=O,-0.3659262917405941,XGBoost,CAT-Solv-47,42,n-Pr acetate
3727,CCCOC(C)=O,-0.2923621345281121,XGBoost,CAT-Solv-47,42,n-Pr acetate
4090,CS(C)=O,-0.5098467099561486,XGBoost,CAT-Solv-47,42,DMSO
4091,CS(C)=O,-0.3860371397103141,XGBoost,CAT-Solv-47,42,DMSO
4092,CS(C)=O,-0.3211056593373421,XGBoost,CAT-Solv-47,42,DMSO
4093,CS(C)=O,-0.2431551795106926,XGBoost,CAT-Solv-47,42,DMSO
4094,CS(C)=O,-0.1114623818275948,XGBoost,CAT-Solv-47,42,DMSO
4095,OCCO,-1.539282293433647,XGBoost,CAT-Solv-47,42,Ethylene glycol
4096,OCCO,-1.4201078662964828,XGBoost,CAT-Solv-47,42,Ethylene glycol
4097,OCCO,-1.3398643024895909,XGBoost,CAT-Solv-47,42,Ethylene glycol
4098,OCCO,-1.2780421590146114,XGBoost,CAT-Solv-47,42,Ethylene glycol
4099,OCCO,-1.0863656484703337,XGBoost,CAT-Solv-47,42,Ethylene glycol
4207,CCCOC(C)=O,-1.5759606583837704,XGBoost,CAT-Solv-47,42,n-Pr acetate
4208,CCCOC(C)=O,-1.5092706662677826,XGBoost,CAT-Solv-47,42,n-Pr acetate
4209,CCCOC(C)=O,-1.4345738008654263,XGBoost,CAT-Solv-47,42,n-Pr acetate
4210,CCCOC(C)=O,-1.366767408213818,XGBoost,CAT-Solv-47,42,n-Pr acetate
4211,CCCOC(C)=O,-1.3169208806693526,XGBoost,CAT-Solv-47,42,n-Pr acetate
4212,CCCOC(C)=O,-1.2585415944418816,XGBoost,CAT-Solv-47,42,n-Pr acetate
4213,CCCOC(C)=O,-1.190328576491502,XGBoost,CAT-Solv-47,42,n-Pr acetate
4214,CCCOC(C)=O,-1.1102649145630292,XGBoost,CAT-Solv-47,42,n-Pr acetate
4215,CCCOC(C)=O,-1.0360480541223216,XGBoost,CAT-Solv-47,42,n-Pr acetate
4350,CCCOC(C)=O,-2.115015097546172,XGBoost,CAT-Solv-47,42,n-Pr acetate
4351,CCCOC(C)=O,-2.028804395714622,XGBoost,CAT-Solv-47,42,n-Pr acetate
4352,CCCOC(C)=O,-1.9610490737125108,XGBoost,CAT-Solv-47,42,n-Pr acetate
4353,CCCOC(C)=O,-1.8889340478525432,XGBoost,CAT-Solv-47,42,n-Pr acetate
4354,CCCOC(C)=O,-1.816416997840676,XGBoost,CAT-Solv-47,42,n-Pr acetate
4355,CCCOC(C)=O,-1.7444998261216629,XGBoost,CAT-Solv-47,42,n-Pr acetate
4356,CCCOC(C)=O,-1.6738177388171531,XGBoost,CAT-Solv-47,42,n-Pr acetate
4357,CCCOC(C)=O,-1.596148874072422,XGBoost,CAT-Solv-47,42,n-Pr acetate
4358,CCCOC(C)=O,-1.5238174057356104,XGBoost,CAT-Solv-47,42,n-Pr acetate
4584,CCCOC(C)=O,-1.8427501463040703,XGBoost,CAT-Solv-47,42,n-Pr acetate
4585,CCCOC(C)=O,-1.790334437191751,XGBoost,CAT-Solv-47,42,n-Pr acetate
4586,CCCOC(C)=O,-1.694838982204138,XGBoost,CAT-Solv-47,42,n-Pr acetate
4587,CCCOC(C)=O,-1.6455758244775176,XGBoost,CAT-Solv-47,42,n-Pr acetate
4588,CCCOC(C)=O,-1.6042884899533891,XGBoost,CAT-Solv-47,42,n-Pr acetate
4589,CCCOC(C)=O,-1.5034431215291786,XGBoost,CAT-Solv-47,42,n-Pr acetate
4590,CCCOC(C)=O,-1.4576562000404725,XGBoost,CAT-Solv-47,42,n-Pr acetate
4591,CCCOC(C)=O,-1.365726752174308,XGBoost,CAT-Solv-47,42,n-Pr acetate
4592,CCCOC(C)=O,-1.3450339313571142,XGBoost,CAT-Solv-47,42,n-Pr acetate
4859,C1CCCCC1,-4.752110671154092,XGBoost,CAT-Solv-47,42,Cyclohexane
4860,C1CCCCC1,-4.6307827464515645,XGBoost,CAT-Solv-47,42,Cyclohexane
4861,C1CCCCC1,-4.5025321768988285,XGBoost,CAT-Solv-47,42,Cyclohexane
4862,C1CCCCC1,-4.389398456124467,XGBoost,CAT-Solv-47,42,Cyclohexane
4863,C1CCCCC1,-4.2731653242978105,XGBoost,CAT-Solv-47,42,Cyclohexane
4864,C1CCCCC1,-4.170237810817301,XGBoost,CAT-Solv-47,42,Cyclohexane
4865,C1CCCCC1,-4.066620498050144,XGBoost,CAT-Solv-47,42,Cyclohexane
4866,C1CCCCC1,-3.965171700771057,XGBoost,CAT-Solv-47,42,Cyclohexane
5241,CCCOC(C)=O,-2.3275676832907446,XGBoost,CAT-Solv-47,42,n-Pr acetate
5242,CCCOC(C)=O,-2.2399152862171396,XGBoost,CAT-Solv-47,42,n-Pr acetate
5243,CCCOC(C)=O,-2.137668479990172,XGBoost,CAT-Solv-47,42,n-Pr acetate
5244,CCCOC(C)=O,-2.041014164351446,XGBoost,CAT-Solv-47,42,n-Pr acetate
5245,CCCOC(C)=O,-1.9589956967396176,XGBoost,CAT-Solv-47,42,n-Pr acetate
5246,CCCOC(C)=O,-1.8787998443088536,XGBoost,CAT-Solv-47,42,n-Pr acetate
5247,CCCOC(C)=O,-1.7987862870234912,XGBoost,CAT-Solv-47,42,n-Pr acetate
5248,CCCOC(C)=O,-1.7268396198268638,XGBoost,CAT-Solv-47,42,n-Pr acetate
5249,CCCOC(C)=O,-1.6343631580580902,XGBoost,CAT-Solv-47,42,n-Pr acetate
5250,CCCOC(C)=O,-1.5652046855935486,XGBoost,CAT-Solv-47,42,n-Pr acetate
5339,CN1CCCC1=O,-0.6198380279272551,XGBoost,CAT-Solv-47,42,NMP
5340,CN1CCCC1=O,-0.6465852976195561,XGBoost,CAT-Solv-47,42,NMP
5341,CN1CCCC1=O,-0.5609893105219065,XGBoost,CAT-Solv-47,42,NMP
5342,CN1CCCC1=O,-0.5878219970620351,XGBoost,CAT-Solv-47,42,NMP
5343,CN1CCCC1=O,-0.5070937354950127,XGBoost,CAT-Solv-47,42,NMP
5344,CN1CCCC1=O,-0.533717806781763,XGBoost,CAT-Solv-47,42,NMP
5345,CN1CCCC1=O,-0.455045539553586,XGBoost,CAT-Solv-47,42,NMP
5346,CN1CCCC1=O,-0.485539711051317,XGBoost,CAT-Solv-47,42,NMP
5347,CN1CCCC1=O,-0.4017638434687761,XGBoost,CAT-Solv-47,42,NMP
5348,CN1CCCC1=O,-0.4355366720266357,XGBoost,CAT-Solv-47,42,NMP
5349,CN1CCCC1=O,-0.3543206225919671,XGBoost,CAT-Solv-47,42,NMP
5350,CN1CCCC1=O,-0.3917399083769903,XGBoost,CAT-Solv-47,42,NMP
5351,CN1CCCC1=O,-0.3031133635225066,XGBoost,CAT-Solv-47,42,NMP
5352,CN1CCCC1=O,-0.349496568101722,XGBoost,CAT-Solv-47,42,NMP
5353,CN1CCCC1=O,-0.2551341683649382,XGBoost,CAT-Solv-47,42,NMP
5354,CN1CCCC1=O,-0.3022002980544259,XGBoost,CAT-Solv-47,42,NMP
5355,CN1CCCC1=O,-0.2096164749058679,XGBoost,CAT-Solv-47,42,NMP
5356,CN1CCCC1=O,-0.2597985825595967,XGBoost,CAT-Solv-47,42,NMP
5394,CS(C)=O,-0.2486205420541219,XGBoost,CAT-Solv-47,42,DMSO
5395,CS(C)=O,-0.1671564924605544,XGBoost,CAT-Solv-47,42,DMSO
5396,CS(C)=O,-0.0951479879361633,XGBoost,CAT-Solv-47,42,DMSO
5397,CS(C)=O,-0.0243481750420589,XGBoost,CAT-Solv-47,42,DMSO
5398,CS(C)=O,0.045149767062975,XGBoost,CAT-Solv-47,42,DMSO
5399,CS(C)=O,0.1152812881881192,XGBoost,CAT-Solv-47,42,DMSO
5400,CS(C)=O,0.1834552011510912,XGBoost,CAT-Solv-47,42,DMSO
5419,C1CCCCC1,-4.741218681766415,XGBoost,CAT-Solv-47,42,Cyclohexane
5420,C1CCCCC1,-4.598980667408453,XGBoost,CAT-Solv-47,42,Cyclohexane
5421,C1CCCCC1,-4.457183704939847,XGBoost,CAT-Solv-47,42,Cyclohexane
5422,C1CCCCC1,-4.322143759901343,XGBoost,CAT-Solv-47,42,Cyclohexane
5423,C1CCCCC1,-4.205654745450386,XGBoost,CAT-Solv-47,42,Cyclohexane
5424,C1CCCCC1,-4.088475363605087,XGBoost,CAT-Solv-47,42,Cyclohexane
5425,C1CCCCC1,-3.9811469706669382,XGBoost,CAT-Solv-47,42,Cyclohexane
5426,C1CCCCC1,-3.875218618276691,XGBoost,CAT-Solv-47,42,Cyclohexane
5427,C1CCCCC1,-3.769912028915901,XGBoost,CAT-Solv-47,42,Cyclohexane
5526,CN1CCCC1=O,-0.0710759656061677,XGBoost,CAT-Solv-47,42,NMP
5527,CN1CCCC1=O,-0.0153372891003428,XGBoost,CAT-Solv-47,42,NMP
5528,CN1CCCC1=O,0.0577180465059894,XGBoost,CAT-Solv-47,42,NMP
5529,CN1CCCC1=O,0.1148931492350624,XGBoost,CAT-Solv-47,42,NMP
5530,CN1CCCC1=O,0.1752356513293701,XGBoost,CAT-Solv-47,42,NMP
5531,CN1CCCC1=O,0.2412173167286938,XGBoost,CAT-Solv-47,42,NMP
5532,CN1CCCC1=O,0.3019754083365789,XGBoost,CAT-Solv-47,42,NMP
5533,CN1CCCC1=O,0.3644465725130212,XGBoost,CAT-Solv-47,42,NMP
5534,CN1CCCC1=O,0.4334899904712367,XGBoost,CAT-Solv-47,42,NMP
5535,CN1CCCC1=O,0.5159630671268826,XGBoost,CAT-Solv-47,42,NMP
5546,OCCO,-1.8351509620623312,XGBoost,CAT-Solv-47,42,Ethylene glycol
5547,OCCO,-1.7641448109572069,XGBoost,CAT-Solv-47,42,Ethylene glycol
5548,OCCO,-1.6859847596696604,XGBoost,CAT-Solv-47,42,Ethylene glycol
5549,OCCO,-1.5948958437049934,XGBoost,CAT-Solv-47,42,Ethylene glycol
5550,OCCO,-1.5128730639300343,XGBoost,CAT-Solv-47,42,Ethylene glycol
5551,OCCO,-1.4294098044585732,XGBoost,CAT-Solv-47,42,Ethylene glycol
5552,OCCO,-1.358932907380472,XGBoost,CAT-Solv-47,42,Ethylene glycol
5553,OCCO,-1.2714873220771592,XGBoost,CAT-Solv-47,42,Ethylene glycol
5554,OCCO,-1.1863574303332471,XGBoost,CAT-Solv-47,42,Ethylene glycol
5555,OCCO,-1.098771903890735,XGBoost,CAT-Solv-47,42,Ethylene glycol
5646,C1CCCCC1,-2.0019873135777053,XGBoost,CAT-Solv-47,42,Cyclohexane
5647,C1CCCCC1,-1.907701497257792,XGBoost,CAT-Solv-47,42,Cyclohexane
5648,C1CCCCC1,-1.8095339030779551,XGBoost,CAT-Solv-47,42,Cyclohexane
5649,C1CCCCC1,-1.7009990783209108,XGBoost,CAT-Solv-47,42,Cyclohexane
5650,C1CCCCC1,-1.5986895746052023,XGBoost,CAT-Solv-47,42,Cyclohexane
5651,C1CCCCC1,-1.4880227993887378,XGBoost,CAT-Solv-47,42,Cyclohexane
5652,C1CCCCC1,-1.3664594819726583,XGBoost,CAT-Solv-47,42,Cyclohexane
5653,C1CCCCC1,-1.2425992929873075,XGBoost,CAT-Solv-47,42,Cyclohexane
5654,C1CCCCC1,-1.1221525777588242,XGBoost,CAT-Solv-47,42,Cyclohexane
5753,CN1CCCC1=O,0.4065904281165814,XGBoost,CAT-Solv-47,42,NMP
5754,CN1CCCC1=O,0.4596852949750339,XGBoost,CAT-Solv-47,42,NMP
5755,CN1CCCC1=O,0.5179431504742629,XGBoost,CAT-Solv-47,42,NMP
5756,CN1CCCC1=O,0.5807697699600349,XGBoost,CAT-Solv-47,42,NMP
5757,CN1CCCC1=O,0.6455209898252222,XGBoost,CAT-Solv-47,42,NMP
5758,CN1CCCC1=O,0.7073007923797275,XGBoost,CAT-Solv-47,42,NMP
5759,CN1CCCC1=O,0.7754573693895916,XGBoost,CAT-Solv-47,42,NMP
5760,CN1CCCC1=O,0.8415868049714785,XGBoost,CAT-Solv-47,42,NMP
5761,CN1CCCC1=O,0.9127931114409622,XGBoost,CAT-Solv-47,42,NMP
5762,CN1CCCC1=O,0.990292898341785,XGBoost,CAT-Solv-47,42,NMP
5773,OCCO,-1.073769753550308,XGBoost,CAT-Solv-47,42,Ethylene glycol
5774,OCCO,-1.0281567701758658,XGBoost,CAT-Solv-47,42,Ethylene glycol
5775,OCCO,-0.9647988984522484,XGBoost,CAT-Solv-47,42,Ethylene glycol
5776,OCCO,-0.8897021680867424,XGBoost,CAT-Solv-47,42,Ethylene glycol
5777,OCCO,-0.8118823735567311,XGBoost,CAT-Solv-47,42,Ethylene glycol
5778,OCCO,-0.7308197499000761,XGBoost,CAT-Solv-47,42,Ethylene glycol
5779,OCCO,-0.6431348935628333,XGBoost,CAT-Solv-47,42,Ethylene glycol
5780,OCCO,-0.5552505449707107,XGBoost,CAT-Solv-47,42,Ethylene glycol
5781,OCCO,-0.474121607784079,XGBoost,CAT-Solv-47,42,Ethylene glycol
5782,OCCO,-0.3949312469394334,XGBoost,CAT-Solv-47,42,Ethylene glycol
6084,C1CCCCC1,-1.5602826914665993,XGBoost,CAT-Solv-47,42,Cyclohexane
6085,C1CCCCC1,-1.454673199444752,XGBoost,CAT-Solv-47,42,Cyclohexane
6086,C1CCCCC1,-1.3459038359058653,XGBoost,CAT-Solv-47,42,Cyclohexane
6087,C1CCCCC1,-1.2442695817547444,XGBoost,CAT-Solv-47,42,Cyclohexane
6088,C1CCCCC1,-1.1424995270020273,XGBoost,CAT-Solv-47,42,Cyclohexane
6089,C1CCCCC1,-1.0401189998310405,XGBoost,CAT-Solv-47,42,Cyclohexane
6090,C1CCCCC1,-0.9361710727941256,XGBoost,CAT-Solv-47,42,Cyclohexane
6091,C1CCCCC1,-0.8433489892227666,XGBoost,CAT-Solv-47,42,Cyclohexane
6162,C1CCCCC1,-1.7056615301753426,XGBoost,CAT-Solv-47,42,Cyclohexane
6163,C1CCCCC1,-1.5392555583877914,XGBoost,CAT-Solv-47,42,Cyclohexane
6164,C1CCCCC1,-1.4771672080309677,XGBoost,CAT-Solv-47,42,Cyclohexane
6165,C1CCCCC1,-1.4090410961705429,XGBoost,CAT-Solv-47,42,Cyclohexane
6166,C1CCCCC1,-1.3498061644596522,XGBoost,CAT-Solv-47,42,Cyclohexane
6167,C1CCCCC1,-1.283001092733462,XGBoost,CAT-Solv-47,42,Cyclohexane
6168,C1CCCCC1,-1.2223460479729125,XGBoost,CAT-Solv-47,42,Cyclohexane
6169,C1CCCCC1,-1.1603934164978962,XGBoost,CAT-Solv-47,42,Cyclohexane
6170,C1CCCCC1,-1.1023195977854912,XGBoost,CAT-Solv-47,42,Cyclohexane
6171,C1CCCCC1,-0.9977112088409557,XGBoost,CAT-Solv-47,42,Cyclohexane
6172,C1CCCCC1,-0.91914271116383,XGBoost,CAT-Solv-47,42,Cyclohexane
6173,C1CCCCC1,-0.8418867078016656,XGBoost,CAT-Solv-47,42,Cyclohexane
6174,C1CCCCC1,-0.772746039885307,XGBoost,CAT-Solv-47,42,Cyclohexane
6222,C1CCCCC1,-1.585381265656529,XGBoost,CAT-Solv-47,42,Cyclohexane
6223,C1CCCCC1,-1.4236356859220094,XGBoost,CAT-Solv-47,42,Cyclohexane
6224,C1CCCCC1,-1.2714517813509192,XGBoost,CAT-Solv-47,42,Cyclohexane
6225,C1CCCCC1,-1.1147523453030177,XGBoost,CAT-Solv-47,42,Cyclohexane
6226,C1CCCCC1,-0.9757183195130766,XGBoost,CAT-Solv-47,42,Cyclohexane
6227,C1CCCCC1,-0.8271071230921424,XGBoost,CAT-Solv-47,42,Cyclohexane
6228,C1CCCCC1,-0.6909490800915804,XGBoost,CAT-Solv-47,42,Cyclohexane
6229,C1CCCCC1,-0.5532207481771878,XGBoost,CAT-Solv-47,42,Cyclohexane
6230,C1CCCCC1,-0.4216176088726622,XGBoost,CAT-Solv-47,42,Cyclohexane
6521,CCCOC(C)=O,-1.5451794266024037,XGBoost,CAT-Solv-47,42,n-Pr acetate
6522,CCCOC(C)=O,-1.4694507621307027,XGBoost,CAT-Solv-47,42,n-Pr acetate
6523,CCCOC(C)=O,-1.4067592454273143,XGBoost,CAT-Solv-47,42,n-Pr acetate
6524,CCCOC(C)=O,-1.345096251273335,XGBoost,CAT-Solv-47,42,n-Pr acetate
6525,CCCOC(C)=O,-1.289781317109791,XGBoost,CAT-Solv-47,42,n-Pr acetate
6526,CCCOC(C)=O,-1.2295777192015267,XGBoost,CAT-Solv-47,42,n-Pr acetate
6527,CCCOC(C)=O,-1.1671930314171703,XGBoost,CAT-Solv-47,42,n-Pr acetate
6528,CCCOC(C)=O,-1.105619719181543,XGBoost,CAT-Solv-47,42,n-Pr acetate
6529,CCCOC(C)=O,-1.0492615115170862,XGBoost,CAT-Solv-47,42,n-Pr acetate
6530,CCCOC(C)=O,-0.9941773961587628,XGBoost,CAT-Solv-47,42,n-Pr acetate
6644,CCCOC(C)=O,-0.2565101559861633,XGBoost,CAT-Solv-47,42,n-Pr acetate
6645,CCCOC(C)=O,-0.1995669503991186,XGBoost,CAT-Solv-47,42,n-Pr acetate
6646,CCCOC(C)=O,-0.13835828172487,XGBoost,CAT-Solv-47,42,n-Pr acetate
6647,CCCOC(C)=O,-0.0708772688861641,XGBoost,CAT-Solv-47,42,n-Pr acetate
6648,CCCOC(C)=O,-0.0008378153874871,XGBoost,CAT-Solv-47,42,n-Pr acetate
6649,CCCOC(C)=O,0.0647111549098547,XGBoost,CAT-Solv-47,42,n-Pr acetate
6650,CCCOC(C)=O,0.131910577961133,XGBoost,CAT-Solv-47,42,n-Pr acetate
6651,CCCOC(C)=O,0.2023500761055144,XGBoost,CAT-Solv-47,42,n-Pr acetate
6652,CCCOC(C)=O,0.274028309594849,XGBoost,CAT-Solv-47,42,n-Pr acetate
6851,CN1CCCC1=O,-1.7029687056980598,XGBoost,CAT-Solv-47,42,NMP
6852,CN1CCCC1=O,-1.6525803288513583,XGBoost,CAT-Solv-47,42,NMP
6853,CN1CCCC1=O,-1.603722617840586,XGBoost,CAT-Solv-47,42,NMP
6854,CN1CCCC1=O,-0.143188805439886,XGBoost,CAT-Solv-47,42,NMP
6855,CN1CCCC1=O,-1.5578411750336345,XGBoost,CAT-Solv-47,42,NMP
6856,CN1CCCC1=O,-0.1033555094452131,XGBoost,CAT-Solv-47,42,NMP
6857,CN1CCCC1=O,-1.5105677170251537,XGBoost,CAT-Solv-47,42,NMP
6858,CN1CCCC1=O,-0.0639522716765258,XGBoost,CAT-Solv-47,42,NMP
6859,CN1CCCC1=O,-1.464596694058343,XGBoost,CAT-Solv-47,42,NMP
6860,CN1CCCC1=O,-0.0250397109472598,XGBoost,CAT-Solv-47,42,NMP
6861,CN1CCCC1=O,-1.4140349327985218,XGBoost,CAT-Solv-47,42,NMP
6862,CN1CCCC1=O,-1.3647052255531449,XGBoost,CAT-Solv-47,42,NMP
6863,CN1CCCC1=O,0.0121472406119453,XGBoost,CAT-Solv-47,42,NMP
6864,CN1CCCC1=O,-1.3114304165629955,XGBoost,CAT-Solv-47,42,NMP
7081,CN1CCCC1=O,0.0088756023017504,XGBoost,CAT-Solv-47,42,NMP
7082,CN1CCCC1=O,0.0139197268261125,XGBoost,CAT-Solv-47,42,NMP
7083,CN1CCCC1=O,0.0184481824503708,XGBoost,CAT-Solv-47,42,NMP
7084,CN1CCCC1=O,0.0301557404631752,XGBoost,CAT-Solv-47,42,NMP
7085,CN1CCCC1=O,0.0323747007405679,XGBoost,CAT-Solv-47,42,NMP
7086,CN1CCCC1=O,0.0421236366946257,XGBoost,CAT-Solv-47,42,NMP
7087,CN1CCCC1=O,0.0480370560719898,XGBoost,CAT-Solv-47,42,NMP
7088,CN1CCCC1=O,0.0542971315965308,XGBoost,CAT-Solv-47,42,NMP
7089,CN1CCCC1=O,0.0647537291955871,XGBoost,CAT-Solv-47,42,NMP
7090,CN1CCCC1=O,0.0679770077732582,XGBoost,CAT-Solv-47,42,NMP
7091,CN1CCCC1=O,0.080241374337005,XGBoost,CAT-Solv-47,42,NMP
7092,CN1CCCC1=O,0.082713726751907,XGBoost,CAT-Solv-47,42,NMP
7093,CN1CCCC1=O,0.0950727570918861,XGBoost,CAT-Solv-47,42,NMP
7094,CN1CCCC1=O,0.0984006527178253,XGBoost,CAT-Solv-47,42,NMP
7095,CN1CCCC1=O,0.1108124503977165,XGBoost,CAT-Solv-47,42,NMP
7096,CN1CCCC1=O,0.1143051341282754,XGBoost,CAT-Solv-47,42,NMP
7097,CN1CCCC1=O,0.1271854335377268,XGBoost,CAT-Solv-47,42,NMP
7098,CN1CCCC1=O,0.1406000538493821,XGBoost,CAT-Solv-47,42,NMP
7099,CN1CCCC1=O,0.1535298131723719,XGBoost,CAT-Solv-47,42,NMP
7444,CS(C)=O,-1.125090679247242,XGBoost,CAT-Solv-47,42,DMSO
7445,CS(C)=O,-1.1002877134424267,XGBoost,CAT-Solv-47,42,DMSO
7446,CS(C)=O,-1.0410985739098182,XGBoost,CAT-Solv-47,42,DMSO
7447,CS(C)=O,-0.9811893303358942,XGBoost,CAT-Solv-47,42,DMSO
7448,CS(C)=O,-0.9212233502944612,XGBoost,CAT-Solv-47,42,DMSO
7449,CS(C)=O,-0.8895942477391297,XGBoost,CAT-Solv-47,42,DMSO
7450,CS(C)=O,-0.8556626063809509,XGBoost,CAT-Solv-47,42,DMSO
7451,CS(C)=O,-0.8008308779088684,XGBoost,CAT-Solv-47,42,DMSO
7452,CS(C)=O,-0.7352250027990801,XGBoost,CAT-Solv-47,42,DMSO
7453,CS(C)=O,-0.658487600021164,XGBoost,CAT-Solv-47,42,DMSO
7454,CS(C)=O,-0.59218447301996,XGBoost,CAT-Solv-47,42,DMSO
7455,CS(C)=O,-0.5178707854827146,XGBoost,CAT-Solv-47,42,DMSO
7504,CS(C)=O,-1.2250933943768598,XGBoost,CAT-Solv-47,42,DMSO
7505,CS(C)=O,-1.1407700738779494,XGBoost,CAT-Solv-47,42,DMSO
7506,CS(C)=O,-0.9671766800562764,XGBoost,CAT-Solv-47,42,DMSO
7507,CS(C)=O,-0.930269880947546,XGBoost,CAT-Solv-47,42,DMSO
7508,CS(C)=O,-0.8722360609201562,XGBoost,CAT-Solv-47,42,DMSO
7509,CS(C)=O,-0.810790001902837,XGBoost,CAT-Solv-47,42,DMSO
7510,CS(C)=O,-0.7597246506775928,XGBoost,CAT-Solv-47,42,DMSO
7511,CS(C)=O,-0.7098732371692692,XGBoost,CAT-Solv-47,42,DMSO
7512,CS(C)=O,-0.6572756800221682,XGBoost,CAT-Solv-47,42,DMSO
7513,CS(C)=O,-0.610402245011627,XGBoost,CAT-Solv-47,42,DMSO
7514,CS(C)=O,-0.5705611234336496,XGBoost,CAT-Solv-47,42,DMSO
7515,CS(C)=O,-0.504542819815633,XGBoost,CAT-Solv-47,42,DMSO
7667,C1CCCCC1,-1.5847010247583018,XGBoost,CAT-Solv-47,42,Cyclohexane
7668,C1CCCCC1,-1.4848543539957304,XGBoost,CAT-Solv-47,42,Cyclohexane
7669,C1CCCCC1,-1.3865751578102852,XGBoost,CAT-Solv-47,42,Cyclohexane
7670,C1CCCCC1,-1.2933077638583916,XGBoost,CAT-Solv-47,42,Cyclohexane
7671,C1CCCCC1,-1.200855418904407,XGBoost,CAT-Solv-47,42,Cyclohexane
7672,C1CCCCC1,-1.1043903806209705,XGBoost,CAT-Solv-47,42,Cyclohexane
7673,C1CCCCC1,-1.0214496960451591,XGBoost,CAT-Solv-47,42,Cyclohexane
7674,C1CCCCC1,-0.9365183806499996,XGBoost,CAT-Solv-47,42,Cyclohexane
7675,C1CCCCC1,-0.8547048176161418,XGBoost,CAT-Solv-47,42,Cyclohexane
7919,CS(C)=O,-3.033655385324532,XGBoost,CAT-Solv-47,42,DMSO
7920,CS(C)=O,-2.959986620631427,XGBoost,CAT-Solv-47,42,DMSO
7921,CS(C)=O,-2.8719913943486755,XGBoost,CAT-Solv-47,42,DMSO
7922,CS(C)=O,-2.776539416583039,XGBoost,CAT-Solv-47,42,DMSO
7923,CS(C)=O,-2.696017868469158,XGBoost,CAT-Solv-47,42,DMSO
7924,CS(C)=O,-2.626148290431371,XGBoost,CAT-Solv-47,42,DMSO
7925,CS(C)=O,-2.566076795703643,XGBoost,CAT-Solv-47,42,DMSO
7926,CS(C)=O,-2.474623005854955,XGBoost,CAT-Solv-47,42,DMSO
7927,CS(C)=O,-2.3876505263217984,XGBoost,CAT-Solv-47,42,DMSO
7973,C1CCCCC1,0.5635436713263949,XGBoost,CAT-Solv-47,42,Cyclohexane
7974,C1CCCCC1,0.6796704614205487,XGBoost,CAT-Solv-47,42,Cyclohexane
7975,C1CCCCC1,0.8088659622491712,XGBoost,CAT-Solv-47,42,Cyclohexane
7976,C1CCCCC1,0.9339147845383856,XGBoost,CAT-Solv-47,42,Cyclohexane
7977,C1CCCCC1,1.070625828745802,XGBoost,CAT-Solv-47,42,Cyclohexane
7978,C1CCCCC1,1.2231291224102732,XGBoost,CAT-Solv-47,42,Cyclohexane
7979,C1CCCCC1,1.4037586856716269,XGBoost,CAT-Solv-47,42,Cyclohexane
7980,C1CCCCC1,1.6539912317725127,XGBoost,CAT-Solv-47,42,Cyclohexane
8037,C1CCCCC1,-0.7680173928976197,XGBoost,CAT-Solv-47,42,Cyclohexane
8038,C1CCCCC1,-0.6657023164417303,XGBoost,CAT-Solv-47,42,Cyclohexane
8039,C1CCCCC1,-0.5595392501233186,XGBoost,CAT-Solv-47,42,Cyclohexane
8040,C1CCCCC1,-0.4445780225182825,XGBoost,CAT-Solv-47,42,Cyclohexane
8041,C1CCCCC1,-0.3163894500776386,XGBoost,CAT-Solv-47,42,Cyclohexane
8042,C1CCCCC1,-0.1811294472974134,XGBoost,CAT-Solv-47,42,Cyclohexane
8043,C1CCCCC1,-0.0216145344651837,XGBoost,CAT-Solv-47,42,Cyclohexane
8044,C1CCCCC1,0.13246293033678,XGBoost,CAT-Solv-47,42,Cyclohexane
8045,C1CCCCC1,0.2362075532192803,XGBoost,CAT-Solv-47,42,Cyclohexane
8046,C1CCCCC1,0.3221091958668174,XGBoost,CAT-Solv-47,42,Cyclohexane
8129,CCCOC(C)=O,0.0313737858885418,XGBoost,CAT-Solv-47,42,n-Pr acetate
8130,CCCOC(C)=O,0.0733589004226506,XGBoost,CAT-Solv-47,42,n-Pr acetate
8131,CCCOC(C)=O,0.1034239930514241,XGBoost,CAT-Solv-47,42,n-Pr acetate
8132,CCCOC(C)=O,0.1534814339382537,XGBoost,CAT-Solv-47,42,n-Pr acetate
8133,CCCOC(C)=O,0.191344644742658,XGBoost,CAT-Solv-47,42,n-Pr acetate
8134,CCCOC(C)=O,0.2393455898042983,XGBoost,CAT-Solv-47,42,n-Pr acetate
8135,CCCOC(C)=O,0.2907775722122333,XGBoost,CAT-Solv-47,42,n-Pr acetate
8136,CCCOC(C)=O,0.3315930410623415,XGBoost,CAT-Solv-47,42,n-Pr acetate
8137,CCCOC(C)=O,0.3715788572252198,XGBoost,CAT-Solv-47,42,n-Pr acetate
8191,C1CCCCC1,-1.3335333038797947,XGBoost,CAT-Solv-47,42,Cyclohexane
8192,C1CCCCC1,-1.277946384772071,XGBoost,CAT-Solv-47,42,Cyclohexane
8193,C1CCCCC1,-1.215403626422182,XGBoost,CAT-Solv-47,42,Cyclohexane
8194,C1CCCCC1,-1.132685385509936,XGBoost,CAT-Solv-47,42,Cyclohexane
8195,C1CCCCC1,-1.0733803562261668,XGBoost,CAT-Solv-47,42,Cyclohexane
8196,C1CCCCC1,-0.9968735378971189,XGBoost,CAT-Solv-47,42,Cyclohexane
8197,C1CCCCC1,-0.925527041863102,XGBoost,CAT-Solv-47,42,Cyclohexane
8198,C1CCCCC1,-0.8502244650351864,XGBoost,CAT-Solv-47,42,Cyclohexane
8199,C1CCCCC1,-0.7791955211439751,XGBoost,CAT-Solv-47,42,Cyclohexane
8200,C1CCCCC1,-0.7040555226270099,XGBoost,CAT-Solv-47,42,Cyclohexane
8201,C1CCCCC1,-0.6351198329262396,XGBoost,CAT-Solv-47,42,Cyclohexane
8279,OCCO,-0.481516185814414,XGBoost,CAT-Solv-47,42,Ethylene glycol
8280,OCCO,-0.4472507114518375,XGBoost,CAT-Solv-47,42,Ethylene glycol
8281,OCCO,-0.4113637746291465,XGBoost,CAT-Solv-47,42,Ethylene glycol
8282,OCCO,-0.3592290917093963,XGBoost,CAT-Solv-47,42,Ethylene glycol
8283,OCCO,-0.2994451697581025,XGBoost,CAT-Solv-47,42,Ethylene glycol
8284,OCCO,-0.248324490560437,XGBoost,CAT-Solv-47,42,Ethylene glycol
8285,OCCO,-0.1908657074324052,XGBoost,CAT-Solv-47,42,Ethylene glycol
8286,OCCO,-0.1376972318637472,XGBoost,CAT-Solv-47,42,Ethylene glycol
8287,OCCO,-0.0800046036970639,XGBoost,CAT-Solv-47,42,Ethylene glycol
8288,OCCO,-0.0270167729526088,XGBoost,CAT-Solv-47,42,Ethylene glycol
8289,OCCO,0.0466595451779706,XGBoost,CAT-Solv-47,42,Ethylene glycol
8290,C1CCCCC1,-1.8401008934438603,XGBoost,CAT-Solv-47,42,Cyclohexane
8291,C1CCCCC1,-1.7227705598527956,XGBoost,CAT-Solv-47,42,Cyclohexane
8292,C1CCCCC1,-1.6188269222554466,XGBoost,CAT-Solv-47,42,Cyclohexane
8293,C1CCCCC1,-1.513153835311412,XGBoost,CAT-Solv-47,42,Cyclohexane
8294,C1CCCCC1,-1.4112911237685264,XGBoost,CAT-Solv-47,42,Cyclohexane
8295,C1CCCCC1,-1.3050738945073912,XGBoost,CAT-Solv-47,42,Cyclohexane
8296,C1CCCCC1,-1.1999753595005866,XGBoost,CAT-Solv-47,42,Cyclohexane
8297,C1CCCCC1,-1.093872891166275,XGBoost,CAT-Solv-47,42,Cyclohexane
8443,C1CCCCC1,-1.149236328458314,XGBoost,CAT-Solv-47,42,Cyclohexane
8444,C1CCCCC1,-1.067770273737351,XGBoost,CAT-Solv-47,42,Cyclohexane
8445,C1CCCCC1,-0.975881271267449,XGBoost,CAT-Solv-47,42,Cyclohexane
8446,C1CCCCC1,-0.8877998099453852,XGBoost,CAT-Solv-47,42,Cyclohexane
8447,C1CCCCC1,-0.7964252784477185,XGBoost,CAT-Solv-47,42,Cyclohexane
8448,C1CCCCC1,-0.6886369616473101,XGBoost,CAT-Solv-47,42,Cyclohexane
8449,C1CCCCC1,-0.5800440848476649,XGBoost,CAT-Solv-47,42,Cyclohexane
8450,C1CCCCC1,-0.4519087813799824,XGBoost,CAT-Solv-47,42,Cyclohexane
8451,C1CCCCC1,-0.3224040427843907,XGBoost,CAT-Solv-47,42,Cyclohexane
8452,C1CCCCC1,-0.1935957310671332,XGBoost,CAT-Solv-47,42,Cyclohexane
8453,C1CCCCC1,-0.0779085268590931,XGBoost,CAT-Solv-47,42,Cyclohexane
8454,C1CCCCC1,0.0282289936481642,XGBoost,CAT-Solv-47,42,Cyclohexane
8638,C1CCCCC1,-1.9332123171322704,XGBoost,CAT-Solv-47,42,Cyclohexane
8639,C1CCCCC1,-1.8290609095199832,XGBoost,CAT-Solv-47,42,Cyclohexane
8640,C1CCCCC1,-1.7232399940871848,XGBoost,CAT-Solv-47,42,Cyclohexane
8641,C1CCCCC1,-1.620120496395846,XGBoost,CAT-Solv-47,42,Cyclohexane
8642,C1CCCCC1,-1.514905355840518,XGBoost,CAT-Solv-47,42,Cyclohexane
8643,C1CCCCC1,-1.4066185685663417,XGBoost,CAT-Solv-47,42,Cyclohexane
8644,C1CCCCC1,-1.2940924733804764,XGBoost,CAT-Solv-47,42,Cyclohexane
8645,C1CCCCC1,-1.173251831349644,XGBoost,CAT-Solv-47,42,Cyclohexane
8763,CN1CCCC1=O,0.1497218202362082,XGBoost,CAT-Solv-47,42,NMP
8764,CN1CCCC1=O,0.1954934079632362,XGBoost,CAT-Solv-47,42,NMP
8765,CN1CCCC1=O,0.2701315507970496,XGBoost,CAT-Solv-47,42,NMP
8766,CN1CCCC1=O,0.3454509927212864,XGBoost,CAT-Solv-47,42,NMP
8767,CN1CCCC1=O,0.4252375117455464,XGBoost,CAT-Solv-47,42,NMP
8768,CN1CCCC1=O,0.5026459380127493,XGBoost,CAT-Solv-47,42,NMP
8769,CN1CCCC1=O,0.5862240666600494,XGBoost,CAT-Solv-47,42,NMP
8770,CN1CCCC1=O,0.6669881389152246,XGBoost,CAT-Solv-47,42,NMP
8771,CN1CCCC1=O,0.7535460537699521,XGBoost,CAT-Solv-47,42,NMP
8841,CCCOC(C)=O,-0.4543638220771764,XGBoost,CAT-Solv-47,42,n-Pr acetate
8842,CCCOC(C)=O,-0.3523926613336256,XGBoost,CAT-Solv-47,42,n-Pr acetate
8843,CCCOC(C)=O,-0.3136980909026414,XGBoost,CAT-Solv-47,42,n-Pr acetate
8844,CCCOC(C)=O,-0.2347214414544093,XGBoost,CAT-Solv-47,42,n-Pr acetate
8845,CCCOC(C)=O,-0.1183534487961858,XGBoost,CAT-Solv-47,42,n-Pr acetate
8846,CCCOC(C)=O,-0.0337885317050359,XGBoost,CAT-Solv-47,42,n-Pr acetate
8847,CCCOC(C)=O,0.0913040908527063,XGBoost,CAT-Solv-47,42,n-Pr acetate
8848,CCCOC(C)=O,0.1892977959762391,XGBoost,CAT-Solv-47,42,n-Pr acetate
8849,CCCOC(C)=O,0.3170020344183316,XGBoost,CAT-Solv-47,42,n-Pr acetate
8850,CCCOC(C)=O,0.4687538974907443,XGBoost,CAT-Solv-47,42,n-Pr acetate
9013,OCCO,-1.2005641356732748,XGBoost,CAT-Solv-47,42,Ethylene glycol
9014,OCCO,-1.1078947709227902,XGBoost,CAT-Solv-47,42,Ethylene glycol
9015,OCCO,-0.9779249516907051,XGBoost,CAT-Solv-47,42,Ethylene glycol
9016,OCCO,-0.8915822516431215,XGBoost,CAT-Solv-47,42,Ethylene glycol
9017,OCCO,-0.8116478209141375,XGBoost,CAT-Solv-47,42,Ethylene glycol
9018,OCCO,-0.6784998919112478,XGBoost,CAT-Solv-47,42,Ethylene glycol
9019,OCCO,-0.5205463340411961,XGBoost,CAT-Solv-47,42,Ethylene glycol
9020,OCCO,-0.4583114103924458,XGBoost,CAT-Solv-47,42,Ethylene glycol
9190,C1CCCCC1,-2.382595796580482,XGBoost,CAT-Solv-47,42,Cyclohexane
9191,C1CCCCC1,-1.8793228518218097,XGBoost,CAT-Solv-47,42,Cyclohexane
9192,C1CCCCC1,-1.4528946862842769,XGBoost,CAT-Solv-47,42,Cyclohexane
9193,C1CCCCC1,-1.0941873704348593,XGBoost,CAT-Solv-47,42,Cyclohexane
9194,C1CCCCC1,-0.7835852119445947,XGBoost,CAT-Solv-47,42,Cyclohexane
9195,C1CCCCC1,-0.5319755755970056,XGBoost,CAT-Solv-47,42,Cyclohexane
9196,C1CCCCC1,-0.3358344882730285,XGBoost,CAT-Solv-47,42,Cyclohexane
9197,C1CCCCC1,-0.1791104809169449,XGBoost,CAT-Solv-47,42,Cyclohexane
9198,C1CCCCC1,-0.0745354847892243,XGBoost,CAT-Solv-47,42,Cyclohexane
9199,C1CCCCC1,-0.0165035654681858,XGBoost,CAT-Solv-47,42,Cyclohexane
9455,CCCOC(C)=O,-0.9899397103015884,XGBoost,CAT-Solv-47,42,n-Pr acetate
9456,CCCOC(C)=O,-0.958618313947656,XGBoost,CAT-Solv-47,42,n-Pr acetate
9457,CCCOC(C)=O,-0.8843008123727921,XGBoost,CAT-Solv-47,42,n-Pr acetate
9458,CCCOC(C)=O,-0.8252432450389168,XGBoost,CAT-Solv-47,42,n-Pr acetate
9459,CCCOC(C)=O,-0.6217565147755378,XGBoost,CAT-Solv-47,42,n-Pr acetate
9460,CCCOC(C)=O,-0.6113655117914335,XGBoost,CAT-Solv-47,42,n-Pr acetate
9461,CCCOC(C)=O,-0.493592321717588,XGBoost,CAT-Solv-47,42,n-Pr acetate
9462,CCCOC(C)=O,-0.4871988576632209,XGBoost,CAT-Solv-47,42,n-Pr acetate
9463,CCCOC(C)=O,-0.3352654485767795,XGBoost,CAT-Solv-47,42,n-Pr acetate
9464,CCCOC(C)=O,-0.3074678001023466,XGBoost,CAT-Solv-47,42,n-Pr acetate
9495,OCCO,-1.7842121348524596,XGBoost,CAT-Solv-47,42,Ethylene glycol
9496,OCCO,-1.7505799131994593,XGBoost,CAT-Solv-47,42,Ethylene glycol
9497,OCCO,-1.7316231228679506,XGBoost,CAT-Solv-47,42,Ethylene glycol
9498,OCCO,-1.6735041429415909,XGBoost,CAT-Solv-47,42,Ethylene glycol
9499,OCCO,-1.6398626782607468,XGBoost,CAT-Solv-47,42,Ethylene glycol
9500,OCCO,-1.5289619220549289,XGBoost,CAT-Solv-47,42,Ethylene glycol
9501,OCCO,-1.4950772320909214,XGBoost,CAT-Solv-47,42,Ethylene glycol
9502,OCCO,-1.4444915927726267,XGBoost,CAT-Solv-47,42,Ethylene glycol
9503,OCCO,-1.3580349265264409,XGBoost,CAT-Solv-47,42,Ethylene glycol
9504,OCCO,-1.3557683350275669,XGBoost,CAT-Solv-47,42,Ethylene glycol
10531,CN1CCCC1=O,-0.220198000788446,XGBoost,CAT-Solv-47,42,NMP
10532,CN1CCCC1=O,-0.1313638836611787,XGBoost,CAT-Solv-47,42,NMP
10533,CN1CCCC1=O,-0.0662749539871483,XGBoost,CAT-Solv-47,42,NMP
10534,CN1CCCC1=O,0.0335434908953054,XGBoost,CAT-Solv-47,42,NMP
10535,CN1CCCC1=O,0.1203788647548006,XGBoost,CAT-Solv-47,42,NMP
10541,CS(C)=O,-1.2897633066929088,XGBoost,CAT-Solv-47,42,DMSO
10542,CS(C)=O,-1.0722642121053785,XGBoost,CAT-Solv-47,42,DMSO
10543,CS(C)=O,-0.9079437629996004,XGBoost,CAT-Solv-47,42,DMSO
10544,CS(C)=O,-0.7336000187858188,XGBoost,CAT-Solv-47,42,DMSO
10545,CS(C)=O,-0.587317075219468,XGBoost,CAT-Solv-47,42,DMSO
10904,OCCO,-0.1846055383296325,XGBoost,CAT-Solv-47,42,Ethylene glycol
10905,OCCO,-0.1299189265603806,XGBoost,CAT-Solv-47,42,Ethylene glycol
10906,OCCO,-0.0815003116982897,XGBoost,CAT-Solv-47,42,Ethylene glycol
10907,OCCO,-0.038275983221741,XGBoost,CAT-Solv-47,42,Ethylene glycol
10908,OCCO,0.0007294389309478,XGBoost,CAT-Solv-47,42,Ethylene glycol
10909,OCCO,0.0494297064180829,XGBoost,CAT-Solv-47,42,Ethylene glycol
10910,OCCO,0.0929799223603749,XGBoost,CAT-Solv-47,42,Ethylene glycol
10911,OCCO,0.1322351776179121,XGBoost,CAT-Solv-47,42,Ethylene glycol
10912,OCCO,0.1680141674908623,XGBoost,CAT-Solv-47,42,Ethylene glycol
10913,OCCO,0.1979053171516371,XGBoost,CAT-Solv-47,42,Ethylene glycol
11014,CCCOC(C)=O,-2.3949078098172656,XGBoost,CAT-Solv-47,42,n-Pr acetate
11015,CCCOC(C)=O,-2.3187117995733892,XGBoost,CAT-Solv-47,42,n-Pr acetate
11016,CCCOC(C)=O,-2.2376102111005136,XGBoost,CAT-Solv-47,42,n-Pr acetate
11017,CCCOC(C)=O,-2.1498298416273873,XGBoost,CAT-Solv-47,42,n-Pr acetate
11018,CCCOC(C)=O,-2.065654336653013,XGBoost,CAT-Solv-47,42,n-Pr acetate
11019,CCCOC(C)=O,-1.9837901581207216,XGBoost,CAT-Solv-47,42,n-Pr acetate
11020,CCCOC(C)=O,-1.9067701568535396,XGBoost,CAT-Solv-47,42,n-Pr acetate
11021,CCCOC(C)=O,-1.8252730373392496,XGBoost,CAT-Solv-47,42,n-Pr acetate
11022,CCCOC(C)=O,-1.7457845732817574,XGBoost,CAT-Solv-47,42,n-Pr acetate
11394,CS(C)=O,-2.6754056426647908,XGBoost,CAT-Solv-47,42,DMSO
11395,CS(C)=O,-2.5741926285962116,XGBoost,CAT-Solv-47,42,DMSO
11396,CS(C)=O,-2.4745835480841176,XGBoost,CAT-Solv-47,42,DMSO
11397,CS(C)=O,-2.3653211094847144,XGBoost,CAT-Solv-47,42,DMSO
11398,CS(C)=O,-2.2357151805663453,XGBoost,CAT-Solv-47,42,DMSO
11399,CS(C)=O,-2.105342165879305,XGBoost,CAT-Solv-47,42,DMSO
11400,CS(C)=O,-1.735219724243556,XGBoost,CAT-Solv-47,42,DMSO
11696,CS(C)=O,1.03165554849133,XGBoost,CAT-Solv-47,42,DMSO
11697,CS(C)=O,1.0482011186492817,XGBoost,CAT-Solv-47,42,DMSO
11698,CS(C)=O,1.0658812089929346,XGBoost,CAT-Solv-47,42,DMSO
11699,CS(C)=O,1.0883369419019533,XGBoost,CAT-Solv-47,42,DMSO
11700,CS(C)=O,1.1070393398480272,XGBoost,CAT-Solv-47,42,DMSO
11701,CS(C)=O,1.1312838826175449,XGBoost,CAT-Solv-47,42,DMSO
11702,CS(C)=O,1.1575836074225327,XGBoost,CAT-Solv-47,42,DMSO
11710,OCCO,-1.7924368049134314,XGBoost,CAT-Solv-47,42,Ethylene glycol
11711,OCCO,-1.678598489226491,XGBoost,CAT-Solv-47,42,Ethylene glycol
11712,OCCO,-1.568164711570342,XGBoost,CAT-Solv-47,42,Ethylene glycol
11713,OCCO,-1.4553849330658075,XGBoost,CAT-Solv-47,42,Ethylene glycol
11714,OCCO,-1.3645639454042129,XGBoost,CAT-Solv-47,42,Ethylene glycol
11715,OCCO,-1.2591142456104745,XGBoost,CAT-Solv-47,42,Ethylene glycol
11716,OCCO,-1.15764477151093,XGBoost,CAT-Solv-47,42,Ethylene glycol
11717,OCCO,-1.058577828056706,XGBoost,CAT-Solv-47,42,Ethylene glycol
11718,OCCO,-0.9652266014795168,XGBoost,CAT-Solv-47,42,Ethylene glycol
11719,OCCO,-0.8716475537003733,XGBoost,CAT-Solv-47,42,Ethylene glycol
12692,C1CCCCC1,-5.244098387983605,XGBoost,CAT-Solv-47,42,Cyclohexane
12693,C1CCCCC1,-5.057928456443106,XGBoost,CAT-Solv-47,42,Cyclohexane
12694,C1CCCCC1,-4.874189206811708,XGBoost,CAT-Solv-47,42,Cyclohexane
12695,C1CCCCC1,-4.716036979207801,XGBoost,CAT-Solv-47,42,Cyclohexane
12696,C1CCCCC1,-4.554331703773188,XGBoost,CAT-Solv-47,42,Cyclohexane
12697,C1CCCCC1,-4.405065270933297,XGBoost,CAT-Solv-47,42,Cyclohexane
12698,C1CCCCC1,-4.258370416733398,XGBoost,CAT-Solv-47,42,Cyclohexane
12699,C1CCCCC1,-4.1099228743333995,XGBoost,CAT-Solv-47,42,Cyclohexane
12933,CN1CCCC1=O,-0.1676057914109542,XGBoost,CAT-Solv-47,42,NMP
12934,CN1CCCC1=O,-0.113116892730427,XGBoost,CAT-Solv-47,42,NMP
12935,CN1CCCC1=O,-0.0527787031583838,XGBoost,CAT-Solv-47,42,NMP
12936,CN1CCCC1=O,0.0091876096812125,XGBoost,CAT-Solv-47,42,NMP
12937,CN1CCCC1=O,0.0651071812437767,XGBoost,CAT-Solv-47,42,NMP
12938,CN1CCCC1=O,0.1215896392166976,XGBoost,CAT-Solv-47,42,NMP
12939,CN1CCCC1=O,0.1839249955757417,XGBoost,CAT-Solv-47,42,NMP
12940,CN1CCCC1=O,0.2440429217550237,XGBoost,CAT-Solv-47,42,NMP
12941,CN1CCCC1=O,0.3054315330203765,XGBoost,CAT-Solv-47,42,NMP
12942,CN1CCCC1=O,0.3649389067132567,XGBoost,CAT-Solv-47,42,NMP
13106,CS(C)=O,0.3266459684712513,XGBoost,CAT-Solv-47,42,DMSO
13107,CS(C)=O,0.4058017311985571,XGBoost,CAT-Solv-47,42,DMSO
13108,CS(C)=O,0.4820174139535805,XGBoost,CAT-Solv-47,42,DMSO
13109,CS(C)=O,0.5518836211324819,XGBoost,CAT-Solv-47,42,DMSO
13110,CS(C)=O,0.6256065497012461,XGBoost,CAT-Solv-47,42,DMSO
13111,CS(C)=O,0.6938229872481151,XGBoost,CAT-Solv-47,42,DMSO
13112,CS(C)=O,0.7576901535518094,XGBoost,CAT-Solv-47,42,DMSO
13113,CS(C)=O,0.8187555380168177,XGBoost,CAT-Solv-47,42,DMSO
13114,CS(C)=O,0.8789103764881315,XGBoost,CAT-Solv-47,42,DMSO
13115,CS(C)=O,0.936745955567846,XGBoost,CAT-Solv-47,42,DMSO
13663,CCCOC(C)=O,-0.5815826112206424,XGBoost,CAT-Solv-47,42,n-Pr acetate
13664,CCCOC(C)=O,-0.5727307728264116,XGBoost,CAT-Solv-47,42,n-Pr acetate
13665,CCCOC(C)=O,-0.5578358437624122,XGBoost,CAT-Solv-47,42,n-Pr acetate
13666,CCCOC(C)=O,-0.542957838031611,XGBoost,CAT-Solv-47,42,n-Pr acetate
13667,CCCOC(C)=O,-0.5227395970657409,XGBoost,CAT-Solv-47,42,n-Pr acetate
13668,CCCOC(C)=O,-0.4965516688640635,XGBoost,CAT-Solv-47,42,n-Pr acetate
13669,CCCOC(C)=O,-0.4725034144231737,XGBoost,CAT-Solv-47,42,n-Pr acetate
13670,CCCOC(C)=O,-0.4460922585600905,XGBoost,CAT-Solv-47,42,n-Pr acetate
13671,CCCOC(C)=O,-0.4149399066128878,XGBoost,CAT-Solv-47,42,n-Pr acetate
13672,CCCOC(C)=O,-0.3777387756506554,XGBoost,CAT-Solv-47,42,n-Pr acetate
13673,CCCOC(C)=O,-0.3466998641440844,XGBoost,CAT-Solv-47,42,n-Pr acetate
14099,C1CCCCC1,-5.2563400227294865,XGBoost,CAT-Solv-47,42,Cyclohexane
14100,C1CCCCC1,-5.095236925022746,XGBoost,CAT-Solv-47,42,Cyclohexane
14101,C1CCCCC1,-4.923786355755596,XGBoost,CAT-Solv-47,42,Cyclohexane
14102,C1CCCCC1,-4.779943201110365,XGBoost,CAT-Solv-47,42,Cyclohexane
14103,C1CCCCC1,-4.652234069516598,XGBoost,CAT-Solv-47,42,Cyclohexane
14104,C1CCCCC1,-4.525049723306983,XGBoost,CAT-Solv-47,42,Cyclohexane
14105,C1CCCCC1,-4.4065618293479085,XGBoost,CAT-Solv-47,42,Cyclohexane
14149,CCCOC(C)=O,-1.4539752837009268,XGBoost,CAT-Solv-47,42,n-Pr acetate
14150,CCCOC(C)=O,-1.390162303894329,XGBoost,CAT-Solv-47,42,n-Pr acetate
14151,CCCOC(C)=O,-1.3305151858799082,XGBoost,CAT-Solv-47,42,n-Pr acetate
14152,CCCOC(C)=O,-1.2753278925578853,XGBoost,CAT-Solv-47,42,n-Pr acetate
14153,CCCOC(C)=O,-1.2205455599380155,XGBoost,CAT-Solv-47,42,n-Pr acetate
14154,CCCOC(C)=O,-1.1638527168337205,XGBoost,CAT-Solv-47,42,n-Pr acetate
14155,CCCOC(C)=O,-1.1041317406434792,XGBoost,CAT-Solv-47,42,n-Pr acetate
14156,CCCOC(C)=O,-1.0447729313795442,XGBoost,CAT-Solv-47,42,n-Pr acetate
14157,CCCOC(C)=O,-0.984689696730952,XGBoost,CAT-Solv-47,42,n-Pr acetate
14335,CCCOC(C)=O,-0.5022813981914258,XGBoost,CAT-Solv-47,42,n-Pr acetate
14336,CCCOC(C)=O,-0.3687964595433801,XGBoost,CAT-Solv-47,42,n-Pr acetate
14337,CCCOC(C)=O,-0.2278791849805848,XGBoost,CAT-Solv-47,42,n-Pr acetate
14338,CCCOC(C)=O,-0.0952301874689855,XGBoost,CAT-Solv-47,42,n-Pr acetate
14339,CCCOC(C)=O,0.045825440657722,XGBoost,CAT-Solv-47,42,n-Pr acetate
14340,CCCOC(C)=O,0.189354717887059,XGBoost,CAT-Solv-47,42,n-Pr acetate
14341,CCCOC(C)=O,0.3316625429852374,XGBoost,CAT-Solv-47,42,n-Pr acetate
15211,CCCOC(C)=O,-1.085740851741042,XGBoost,CAT-Solv-47,42,n-Pr acetate
15212,CCCOC(C)=O,-1.032484422129988,XGBoost,CAT-Solv-47,42,n-Pr acetate
15213,CCCOC(C)=O,-0.9835473720749264,XGBoost,CAT-Solv-47,42,n-Pr acetate
15214,CCCOC(C)=O,-0.9164809289577532,XGBoost,CAT-Solv-47,42,n-Pr acetate
15215,CCCOC(C)=O,-0.8695953226136525,XGBoost,CAT-Solv-47,42,n-Pr acetate
15216,CCCOC(C)=O,-0.8268393213423627,XGBoost,CAT-Solv-47,42,n-Pr acetate
15217,CCCOC(C)=O,-0.778007047357875,XGBoost,CAT-Solv-47,42,n-Pr acetate
15218,CCCOC(C)=O,-0.7316663335618474,XGBoost,CAT-Solv-47,42,n-Pr acetate
15219,CCCOC(C)=O,-0.6975489012125002,XGBoost,CAT-Solv-47,42,n-Pr acetate
15537,CN1CCCC1=O,-1.550175098000276,XGBoost,CAT-Solv-47,42,NMP
15538,CN1CCCC1=O,-1.44749547847744,XGBoost,CAT-Solv-47,42,NMP
15539,CN1CCCC1=O,-1.3425963884557517,XGBoost,CAT-Solv-47,42,NMP
15540,CN1CCCC1=O,-1.2627779046998815,XGBoost,CAT-Solv-47,42,NMP
15541,CN1CCCC1=O,-1.1949573706771768,XGBoost,CAT-Solv-47,42,NMP
15542,CN1CCCC1=O,-1.1337838398422415,XGBoost,CAT-Solv-47,42,NMP
15543,CN1CCCC1=O,-1.0762205037219192,XGBoost,CAT-Solv-47,42,NMP
15544,CN1CCCC1=O,-1.0215083138316703,XGBoost,CAT-Solv-47,42,NMP
15545,CN1CCCC1=O,-0.9654342852828256,XGBoost,CAT-Solv-47,42,NMP
15546,CN1CCCC1=O,-0.9167111441405584,XGBoost,CAT-Solv-47,42,NMP
15547,CN1CCCC1=O,-0.8718106209076155,XGBoost,CAT-Solv-47,42,NMP
15548,OCCO,-1.4353381553622582,XGBoost,CAT-Solv-47,42,Ethylene glycol
15549,OCCO,-1.333867336840851,XGBoost,CAT-Solv-47,42,Ethylene glycol
15550,OCCO,-1.24000284624308,XGBoost,CAT-Solv-47,42,Ethylene glycol
15551,OCCO,-1.1389921069711162,XGBoost,CAT-Solv-47,42,Ethylene glycol
15552,OCCO,-1.0452615413277868,XGBoost,CAT-Solv-47,42,Ethylene glycol
15553,OCCO,-0.9677303473276616,XGBoost,CAT-Solv-47,42,Ethylene glycol
15554,OCCO,-0.8854625381425342,XGBoost,CAT-Solv-47,42,Ethylene glycol
15555,OCCO,-0.8094406321840658,XGBoost,CAT-Solv-47,42,Ethylene glycol
15556,OCCO,-0.7266050264653826,XGBoost,CAT-Solv-47,42,Ethylene glycol
15557,OCCO,-0.6394170553184388,XGBoost,CAT-Solv-47,42,Ethylene glycol
15558,OCCO,-0.5443721093126689,XGBoost,CAT-Solv-47,42,Ethylene glycol
15736,CCCOC(C)=O,-1.8569292136315063,XGBoost,CAT-Solv-47,42,n-Pr acetate
15737,CCCOC(C)=O,-1.8080935052272045,XGBoost,CAT-Solv-47,42,n-Pr acetate
15738,CCCOC(C)=O,-1.7725721663511025,XGBoost,CAT-Solv-47,42,n-Pr acetate
15739,CCCOC(C)=O,-1.7347663976549217,XGBoost,CAT-Solv-47,42,n-Pr acetate
15740,CCCOC(C)=O,-1.69647950242681,XGBoost,CAT-Solv-47,42,n-Pr acetate
15741,CCCOC(C)=O,-1.675555072326127,XGBoost,CAT-Solv-47,42,n-Pr acetate
15742,CCCOC(C)=O,-1.6505980751760554,XGBoost,CAT-Solv-47,42,n-Pr acetate
15743,CCCOC(C)=O,-1.6342892904240516,XGBoost,CAT-Solv-47,42,n-Pr acetate
15744,CCCOC(C)=O,-1.6206353350169718,XGBoost,CAT-Solv-47,42,n-Pr acetate
15745,CCCOC(C)=O,-1.6069139037387516,XGBoost,CAT-Solv-47,42,n-Pr acetate
15930,C1CCCCC1,-1.6107977984010071,XGBoost,CAT-Solv-47,42,Cyclohexane
15931,C1CCCCC1,-1.546953261921136,XGBoost,CAT-Solv-47,42,Cyclohexane
15932,C1CCCCC1,-1.3815038559305437,XGBoost,CAT-Solv-47,42,Cyclohexane
15933,C1CCCCC1,-1.2614915496823038,XGBoost,CAT-Solv-47,42,Cyclohexane
15934,C1CCCCC1,-1.1211364019371013,XGBoost,CAT-Solv-47,42,Cyclohexane
15935,C1CCCCC1,-0.9602714535592244,XGBoost,CAT-Solv-47,42,Cyclohexane
15936,C1CCCCC1,-0.7937798647960826,XGBoost,CAT-Solv-47,42,Cyclohexane
15937,C1CCCCC1,-0.6234091687980069,XGBoost,CAT-Solv-47,42,Cyclohexane
15938,C1CCCCC1,-0.4488240618412598,XGBoost,CAT-Solv-47,42,Cyclohexane
16133,C1CCCCC1,-3.930632266732354,XGBoost,CAT-Solv-47,42,Cyclohexane
16134,C1CCCCC1,-3.914875998002228,XGBoost,CAT-Solv-47,42,Cyclohexane
16135,C1CCCCC1,-3.905545433901799,XGBoost,CAT-Solv-47,42,Cyclohexane
16136,C1CCCCC1,-3.879188563014696,XGBoost,CAT-Solv-47,42,Cyclohexane
16137,C1CCCCC1,-3.822298320102337,XGBoost,CAT-Solv-47,42,Cyclohexane
16138,C1CCCCC1,-3.74835884889963,XGBoost,CAT-Solv-47,42,Cyclohexane
16168,C1CCCCC1,-2.5536189074676416,XGBoost,CAT-Solv-47,42,Cyclohexane
16281,CCCOC(C)=O,0.1570598224244163,XGBoost,CAT-Solv-47,42,n-Pr acetate
16282,CCCOC(C)=O,0.2231108151949468,XGBoost,CAT-Solv-47,42,n-Pr acetate
16283,CCCOC(C)=O,0.3104507181728416,XGBoost,CAT-Solv-47,42,n-Pr acetate
16284,CCCOC(C)=O,0.3882235464658086,XGBoost,CAT-Solv-47,42,n-Pr acetate
16285,CCCOC(C)=O,0.4685143386629309,XGBoost,CAT-Solv-47,42,n-Pr acetate
16286,CCCOC(C)=O,0.549417908709263,XGBoost,CAT-Solv-47,42,n-Pr acetate
16287,CCCOC(C)=O,0.6368537836817847,XGBoost,CAT-Solv-47,42,n-Pr acetate
16288,CCCOC(C)=O,0.7257038238533907,XGBoost,CAT-Solv-47,42,n-Pr acetate
16397,CS(C)=O,-0.3969580210139956,XGBoost,CAT-Solv-47,42,DMSO
16398,CS(C)=O,-0.3516482509060201,XGBoost,CAT-Solv-47,42,DMSO
16399,CS(C)=O,-0.2875223429330011,XGBoost,CAT-Solv-47,42,DMSO
16400,CS(C)=O,-0.2372022945594641,XGBoost,CAT-Solv-47,42,DMSO
16401,CS(C)=O,-0.1880571594511404,XGBoost,CAT-Solv-47,42,DMSO
16442,C1CCCCC1,-1.5099462137577797,XGBoost,CAT-Solv-47,42,Cyclohexane
16443,C1CCCCC1,-1.4095121250278952,XGBoost,CAT-Solv-47,42,Cyclohexane
16444,C1CCCCC1,-1.3208957279409412,XGBoost,CAT-Solv-47,42,Cyclohexane
16445,C1CCCCC1,-1.205704124659587,XGBoost,CAT-Solv-47,42,Cyclohexane
16446,C1CCCCC1,-1.1068621686383633,XGBoost,CAT-Solv-47,42,Cyclohexane
16447,C1CCCCC1,-1.024421945814184,XGBoost,CAT-Solv-47,42,Cyclohexane
16448,C1CCCCC1,-0.9201455354572636,XGBoost,CAT-Solv-47,42,Cyclohexane
16611,OCCO,-5.314565018304109,XGBoost,CAT-Solv-47,42,Ethylene glycol
16612,OCCO,-5.261831223833782,XGBoost,CAT-Solv-47,42,Ethylene glycol
16613,OCCO,-5.203578172704961,XGBoost,CAT-Solv-47,42,Ethylene glycol
16614,OCCO,-5.156540820337441,XGBoost,CAT-Solv-47,42,Ethylene glycol
16615,OCCO,-5.100930977101256,XGBoost,CAT-Solv-47,42,Ethylene glycol
16616,OCCO,-5.035597896645751,XGBoost,CAT-Solv-47,42,Ethylene glycol
16617,OCCO,-4.963370990450643,XGBoost,CAT-Solv-47,42,Ethylene glycol
16618,OCCO,-4.898707118788553,XGBoost,CAT-Solv-47,42,Ethylene glycol
16619,OCCO,-4.826510884857313,XGBoost,CAT-Solv-47,42,Ethylene glycol
16620,OCCO,-4.771852256760871,XGBoost,CAT-Solv-47,42,Ethylene glycol
16621,C1CCCCC1,-2.339852457601196,XGBoost,CAT-Solv-47,42,Cyclohexane
16622,C1CCCCC1,-2.2833070826879407,XGBoost,CAT-Solv-47,42,Cyclohexane
16623,C1CCCCC1,-2.2340252352666803,XGBoost,CAT-Solv-47,42,Cyclohexane
16624,C1CCCCC1,-2.1783049127658227,XGBoost,CAT-Solv-47,42,Cyclohexane
16625,C1CCCCC1,-2.1292342149636667,XGBoost,CAT-Solv-47,42,Cyclohexane
16626,C1CCCCC1,-2.0793009304618533,XGBoost,CAT-Solv-47,42,Cyclohexane
16627,C1CCCCC1,-2.0290567446911862,XGBoost,CAT-Solv-47,42,Cyclohexane
16628,C1CCCCC1,-1.980365287014108,XGBoost,CAT-Solv-47,42,Cyclohexane
16629,C1CCCCC1,-1.9306146860743136,XGBoost,CAT-Solv-47,42,Cyclohexane
16630,C1CCCCC1,-1.8866321492268283,XGBoost,CAT-Solv-47,42,Cyclohexane
16631,C1CCCCC1,-1.8350412508854137,XGBoost,CAT-Solv-47,42,Cyclohexane
16632,C1CCCCC1,-1.7890452706106952,XGBoost,CAT-Solv-47,42,Cyclohexane
16633,C1CCCCC1,-1.7434570994266894,XGBoost,CAT-Solv-47,42,Cyclohexane
16909,CCCOC(C)=O,-0.8959925607524185,XGBoost,CAT-Solv-47,42,n-Pr acetate
16910,CCCOC(C)=O,-0.8238596011181748,XGBoost,CAT-Solv-47,42,n-Pr acetate
16911,CCCOC(C)=O,-0.7568031563495742,XGBoost,CAT-Solv-47,42,n-Pr acetate
16912,CCCOC(C)=O,-0.6955948995937493,XGBoost,CAT-Solv-47,42,n-Pr acetate
16913,CCCOC(C)=O,-0.6137253373528301,XGBoost,CAT-Solv-47,42,n-Pr acetate
16914,CCCOC(C)=O,-0.5524117399240481,XGBoost,CAT-Solv-47,42,n-Pr acetate
16915,CCCOC(C)=O,-0.4705795302024519,XGBoost,CAT-Solv-47,42,n-Pr acetate
16916,CCCOC(C)=O,-0.3998523682640164,XGBoost,CAT-Solv-47,42,n-Pr acetate
16917,CCCOC(C)=O,-0.3114120338070565,XGBoost,CAT-Solv-47,42,n-Pr acetate
16960,CN1CCCC1=O,-0.3838585379738608,XGBoost,CAT-Solv-47,42,NMP
16961,CN1CCCC1=O,-0.268152233522428,XGBoost,CAT-Solv-47,42,NMP
16962,CN1CCCC1=O,-0.1152085625875362,XGBoost,CAT-Solv-47,42,NMP
16963,CN1CCCC1=O,-0.0154438262718959,XGBoost,CAT-Solv-47,42,NMP
16996,CS(C)=O,0.0606759046016312,XGBoost,CAT-Solv-47,42,DMSO
16997,CS(C)=O,0.2896807160373372,XGBoost,CAT-Solv-47,42,DMSO
16998,CS(C)=O,0.5434310823979779,XGBoost,CAT-Solv-47,42,DMSO
16999,CS(C)=O,0.7688442522938473,XGBoost,CAT-Solv-47,42,DMSO
17053,CN1CCCC1=O,-1.7625785127585918,XGBoost,CAT-Solv-47,42,NMP
17054,CN1CCCC1=O,-1.699964994532431,XGBoost,CAT-Solv-47,42,NMP
17055,CN1CCCC1=O,-1.6364884633497865,XGBoost,CAT-Solv-47,42,NMP
17056,CN1CCCC1=O,-1.5748314994210169,XGBoost,CAT-Solv-47,42,NMP
17057,CN1CCCC1=O,-1.5135036335338616,XGBoost,CAT-Solv-47,42,NMP
17058,CN1CCCC1=O,-1.4554693246377688,XGBoost,CAT-Solv-47,42,NMP
17059,CN1CCCC1=O,-1.3961626835447098,XGBoost,CAT-Solv-47,42,NMP
17060,CN1CCCC1=O,-1.3400363127559842,XGBoost,CAT-Solv-47,42,NMP
17061,CN1CCCC1=O,-1.2850994693350857,XGBoost,CAT-Solv-47,42,NMP
17062,CS(C)=O,-0.965742653922502,XGBoost,CAT-Solv-47,42,DMSO
17063,CS(C)=O,-0.9138077897776494,XGBoost,CAT-Solv-47,42,DMSO
17064,CS(C)=O,-0.8576511623516904,XGBoost,CAT-Solv-47,42,DMSO
17065,CS(C)=O,-0.8038936340875205,XGBoost,CAT-Solv-47,42,DMSO
17066,CS(C)=O,-0.7516230863203754,XGBoost,CAT-Solv-47,42,DMSO
17067,CS(C)=O,-0.6962783757155449,XGBoost,CAT-Solv-47,42,DMSO
17291,OCCO,-1.9676572154955136,XGBoost,CAT-Solv-47,42,Ethylene glycol
17292,OCCO,-1.9157700134251203,XGBoost,CAT-Solv-47,42,Ethylene glycol
17293,OCCO,-1.8643363708543237,XGBoost,CAT-Solv-47,42,Ethylene glycol
17294,OCCO,-1.8101838004489037,XGBoost,CAT-Solv-47,42,Ethylene glycol
17295,OCCO,-1.7619171467979315,XGBoost,CAT-Solv-47,42,Ethylene glycol
17296,OCCO,-1.7171290713598806,XGBoost,CAT-Solv-47,42,Ethylene glycol
17297,OCCO,-1.6725192409099072,XGBoost,CAT-Solv-47,42,Ethylene glycol
17298,OCCO,-1.6322997323970676,XGBoost,CAT-Solv-47,42,Ethylene glycol
17299,OCCO,-1.593621780899652,XGBoost,CAT-Solv-47,42,Ethylene glycol
17300,OCCO,-1.5470955977925582,XGBoost,CAT-Solv-47,42,Ethylene glycol
17393,C1CCCCC1,-4.91831297159289,XGBoost,CAT-Solv-47,42,Cyclohexane
17394,C1CCCCC1,-4.659913568805066,XGBoost,CAT-Solv-47,42,Cyclohexane
17395,C1CCCCC1,-4.456884652436224,XGBoost,CAT-Solv-47,42,Cyclohexane
17396,C1CCCCC1,-4.264081807715271,XGBoost,CAT-Solv-47,42,Cyclohexane
17397,C1CCCCC1,-4.0679983402002495,XGBoost,CAT-Solv-47,42,Cyclohexane
17398,C1CCCCC1,-3.876489112764234,XGBoost,CAT-Solv-47,42,Cyclohexane
17399,C1CCCCC1,-3.6932463407525375,XGBoost,CAT-Solv-47,42,Cyclohexane
17400,C1CCCCC1,-3.5174856716197147,XGBoost,CAT-Solv-47,42,Cyclohexane
17401,C1CCCCC1,-3.34643185351746,XGBoost,CAT-Solv-47,42,Cyclohexane
17563,CCCOC(C)=O,-0.7244458017222882,XGBoost,CAT-Solv-47,42,n-Pr acetate
17564,CCCOC(C)=O,-0.7098372793827011,XGBoost,CAT-Solv-47,42,n-Pr acetate
17565,CCCOC(C)=O,-0.6924434572181577,XGBoost,CAT-Solv-47,42,n-Pr acetate
17566,CCCOC(C)=O,-0.6756903939140336,XGBoost,CAT-Solv-47,42,n-Pr acetate
17567,CCCOC(C)=O,-0.6578145724026095,XGBoost,CAT-Solv-47,42,n-Pr acetate
17568,CCCOC(C)=O,-0.6279761007310997,XGBoost,CAT-Solv-47,42,n-Pr acetate
17569,CCCOC(C)=O,-0.5976840090479737,XGBoost,CAT-Solv-47,42,n-Pr acetate
17570,CCCOC(C)=O,-0.5614142701415619,XGBoost,CAT-Solv-47,42,n-Pr acetate
17571,CCCOC(C)=O,-0.523196004956538,XGBoost,CAT-Solv-47,42,n-Pr acetate
17572,CCCOC(C)=O,-0.4830419239723585,XGBoost,CAT-Solv-47,42,n-Pr acetate
17774,CN1CCCC1=O,-0.6319338698617768,XGBoost,CAT-Solv-47,42,NMP
17790,CS(C)=O,-2.5828836417425185,XGBoost,CAT-Solv-47,42,DMSO
17791,CS(C)=O,-2.475338949607815,XGBoost,CAT-Solv-47,42,DMSO
17792,CS(C)=O,-2.360735020904698,XGBoost,CAT-Solv-47,42,DMSO
17793,CS(C)=O,-1.609428607027817,XGBoost,CAT-Solv-47,42,DMSO
17794,CS(C)=O,-2.2607696351004,XGBoost,CAT-Solv-47,42,DMSO
17795,CS(C)=O,-2.184202405172802,XGBoost,CAT-Solv-47,42,DMSO
17796,CS(C)=O,-2.094063007515826,XGBoost,CAT-Solv-47,42,DMSO
17797,CS(C)=O,-2.0092700972163815,XGBoost,CAT-Solv-47,42,DMSO
17798,CS(C)=O,-1.912202593815339,XGBoost,CAT-Solv-47,42,DMSO
17799,CS(C)=O,-1.8326059327886184,XGBoost,CAT-Solv-47,42,DMSO
18506,CS(C)=O,0.686541047545579,XGBoost,CAT-Solv-47,42,DMSO
18507,CS(C)=O,0.809171492923612,XGBoost,CAT-Solv-47,42,DMSO
18508,CS(C)=O,0.9744535722122748,XGBoost,CAT-Solv-47,42,DMSO
18509,CS(C)=O,1.1335543696960633,XGBoost,CAT-Solv-47,42,DMSO
18510,CS(C)=O,1.306913398360004,XGBoost,CAT-Solv-47,42,DMSO
18511,CS(C)=O,1.4486538373098934,XGBoost,CAT-Solv-47,42,DMSO
18512,CS(C)=O,1.6440015712317542,XGBoost,CAT-Solv-47,42,DMSO
18733,C1CCCCC1,-2.182500434289396,XGBoost,CAT-Solv-47,42,Cyclohexane
18734,C1CCCCC1,-1.8544750431813155,XGBoost,CAT-Solv-47,42,Cyclohexane
18735,C1CCCCC1,-1.5146099059113398,XGBoost,CAT-Solv-47,42,Cyclohexane
18736,C1CCCCC1,-1.2073975529070882,XGBoost,CAT-Solv-47,42,Cyclohexane
18737,C1CCCCC1,-1.0886039382210624,XGBoost,CAT-Solv-47,42,Cyclohexane
18738,C1CCCCC1,-0.9247462136527936,XGBoost,CAT-Solv-47,42,Cyclohexane
18739,C1CCCCC1,-0.9016361172402696,XGBoost,CAT-Solv-47,42,Cyclohexane
18740,C1CCCCC1,-0.7310418095334583,XGBoost,CAT-Solv-47,42,Cyclohexane
18741,C1CCCCC1,0.6211203530262188,XGBoost,CAT-Solv-47,42,Cyclohexane
18742,C1CCCCC1,-0.3200163434846,XGBoost,CAT-Solv-47,42,Cyclohexane
18743,C1CCCCC1,-0.117483057152225,XGBoost,CAT-Solv-47,42,Cyclohexane
18744,C1CCCCC1,0.1265665598979236,XGBoost,CAT-Solv-47,42,Cyclohexane
18745,C1CCCCC1,0.3749282328976223,XGBoost,CAT-Solv-47,42,Cyclohexane
18746,C1CCCCC1,0.5929898332029749,XGBoost,CAT-Solv-47,42,Cyclohexane
18764,CCCOC(C)=O,-0.4946691166291685,XGBoost,CAT-Solv-47,42,n-Pr acetate
18765,CCCOC(C)=O,-0.3495421015497466,XGBoost,CAT-Solv-47,42,n-Pr acetate
18766,CCCOC(C)=O,-0.2199073324383925,XGBoost,CAT-Solv-47,42,n-Pr acetate
18767,CCCOC(C)=O,-0.0249132901635025,XGBoost,CAT-Solv-47,42,n-Pr acetate
18768,CCCOC(C)=O,0.1327384689123012,XGBoost,CAT-Solv-47,42,n-Pr acetate
18769,CCCOC(C)=O,0.255515241852263,XGBoost,CAT-Solv-47,42,n-Pr acetate
18770,CCCOC(C)=O,0.3998041888343218,XGBoost,CAT-Solv-47,42,n-Pr acetate
18771,CCCOC(C)=O,0.5902636168693755,XGBoost,CAT-Solv-47,42,n-Pr acetate
18772,CCCOC(C)=O,0.7578126628413501,XGBoost,CAT-Solv-47,42,n-Pr acetate
18773,CCCOC(C)=O,1.038117258362412,XGBoost,CAT-Solv-47,42,n-Pr acetate
18927,C1CCCCC1,-1.5570392938393525,XGBoost,CAT-Solv-47,42,Cyclohexane
18928,C1CCCCC1,-1.391379890613567,XGBoost,CAT-Solv-47,42,Cyclohexane
18929,C1CCCCC1,-1.1316701689742656,XGBoost,CAT-Solv-47,42,Cyclohexane
18930,C1CCCCC1,-0.7544136949887438,XGBoost,CAT-Solv-47,42,Cyclohexane
18931,C1CCCCC1,-0.4595509865182639,XGBoost,CAT-Solv-47,42,Cyclohexane
18932,C1CCCCC1,-0.1714204032553627,XGBoost,CAT-Solv-47,42,Cyclohexane
18933,C1CCCCC1,0.0997573854089901,XGBoost,CAT-Solv-47,42,Cyclohexane
18977,C1CCCCC1,-1.6539972417936275,XGBoost,CAT-Solv-47,42,Cyclohexane
18978,C1CCCCC1,-1.4676322426366275,XGBoost,CAT-Solv-47,42,Cyclohexane
18979,C1CCCCC1,-1.02691734163894,XGBoost,CAT-Solv-47,42,Cyclohexane
18980,C1CCCCC1,-0.7226291765896475,XGBoost,CAT-Solv-47,42,Cyclohexane
18981,C1CCCCC1,-0.4112747948416062,XGBoost,CAT-Solv-47,42,Cyclohexane
18982,C1CCCCC1,-0.1245406000603274,XGBoost,CAT-Solv-47,42,Cyclohexane
18983,C1CCCCC1,0.0397101259715762,XGBoost,CAT-Solv-47,42,Cyclohexane
19106,C1CCCCC1,0.3731824628050466,XGBoost,CAT-Solv-47,42,Cyclohexane
19107,C1CCCCC1,0.4536606766376511,XGBoost,CAT-Solv-47,42,Cyclohexane
19108,C1CCCCC1,0.5806076644791209,XGBoost,CAT-Solv-47,42,Cyclohexane
19109,C1CCCCC1,0.7159533447120033,XGBoost,CAT-Solv-47,42,Cyclohexane
19110,C1CCCCC1,0.8924157696533426,XGBoost,CAT-Solv-47,42,Cyclohexane
19111,C1CCCCC1,1.05802833469288,XGBoost,CAT-Solv-47,42,Cyclohexane
19112,C1CCCCC1,1.1402789558988,XGBoost,CAT-Solv-47,42,Cyclohexane
19113,C1CCCCC1,1.4387653718557445,XGBoost,CAT-Solv-47,42,Cyclohexane
19138,C1CCCCC1,0.4066281192121546,XGBoost,CAT-Solv-47,42,Cyclohexane
19139,C1CCCCC1,0.5267328701962251,XGBoost,CAT-Solv-47,42,Cyclohexane
19140,C1CCCCC1,0.701497762535466,XGBoost,CAT-Solv-47,42,Cyclohexane
19141,C1CCCCC1,0.8711213126428995,XGBoost,CAT-Solv-47,42,Cyclohexane
19142,C1CCCCC1,1.097528380424983,XGBoost,CAT-Solv-47,42,Cyclohexane
19143,C1CCCCC1,1.3412759173255724,XGBoost,CAT-Solv-47,42,Cyclohexane
19245,C1CCCCC1,-2.144118615945741,XGBoost,CAT-Solv-47,42,Cyclohexane
19246,C1CCCCC1,-2.081275653442621,XGBoost,CAT-Solv-47,42,Cyclohexane
19247,C1CCCCC1,-2.01493705848493,XGBoost,CAT-Solv-47,42,Cyclohexane
19248,C1CCCCC1,-1.9463946212419376,XGBoost,CAT-Solv-47,42,Cyclohexane
19249,C1CCCCC1,-1.8789025786875828,XGBoost,CAT-Solv-47,42,Cyclohexane
19250,C1CCCCC1,-1.8199115727325144,XGBoost,CAT-Solv-47,42,Cyclohexane
19251,C1CCCCC1,-1.7684074140361723,XGBoost,CAT-Solv-47,42,Cyclohexane
19252,C1CCCCC1,-1.725415384542903,XGBoost,CAT-Solv-47,42,Cyclohexane
19253,C1CCCCC1,-1.6671049606963837,XGBoost,CAT-Solv-47,42,Cyclohexane
19254,C1CCCCC1,-1.6171969442265397,XGBoost,CAT-Solv-47,42,Cyclohexane
19348,C1CCCCC1,-2.550751397963813,XGBoost,CAT-Solv-47,42,Cyclohexane
19349,C1CCCCC1,-2.483568633212164,XGBoost,CAT-Solv-47,42,Cyclohexane
19350,C1CCCCC1,-2.436826090101377,XGBoost,CAT-Solv-47,42,Cyclohexane
19351,C1CCCCC1,-2.3922270029963713,XGBoost,CAT-Solv-47,42,Cyclohexane
19352,C1CCCCC1,-2.3316114990183867,XGBoost,CAT-Solv-47,42,Cyclohexane
19353,C1CCCCC1,-2.2746649961766536,XGBoost,CAT-Solv-47,42,Cyclohexane
19354,C1CCCCC1,-2.2210904932446707,XGBoost,CAT-Solv-47,42,Cyclohexane
19355,C1CCCCC1,-2.176911955213864,XGBoost,CAT-Solv-47,42,Cyclohexane
19356,C1CCCCC1,-2.122202588616654,XGBoost,CAT-Solv-47,42,Cyclohexane
19357,C1CCCCC1,-2.071165372777652,XGBoost,CAT-Solv-47,42,Cyclohexane
19570,OCCO,-0.7379316475636819,XGBoost,CAT-Solv-47,42,Ethylene glycol
19571,OCCO,-0.6411876437623456,XGBoost,CAT-Solv-47,42,Ethylene glycol
19572,OCCO,-0.5069517370235593,XGBoost,CAT-Solv-47,42,Ethylene glycol
19573,OCCO,-0.4148018900967616,XGBoost,CAT-Solv-47,42,Ethylene glycol
19574,OCCO,-0.3093420956450405,XGBoost,CAT-Solv-47,42,Ethylene glycol
19575,OCCO,-0.1920310525796612,XGBoost,CAT-Solv-47,42,Ethylene glycol
19576,OCCO,-0.0904129183387384,XGBoost,CAT-Solv-47,42,Ethylene glycol
19577,OCCO,0.0041102028263797,XGBoost,CAT-Solv-47,42,Ethylene glycol
19578,OCCO,0.0970306327661778,XGBoost,CAT-Solv-47,42,Ethylene glycol
19579,OCCO,0.2284757261382312,XGBoost,CAT-Solv-47,42,Ethylene glycol
19768,CCCOC(C)=O,-1.6018536890863535,XGBoost,CAT-Solv-47,42,n-Pr acetate
19769,CCCOC(C)=O,-1.6032488362555295,XGBoost,CAT-Solv-47,42,n-Pr acetate
19770,CCCOC(C)=O,-1.490157747087374,XGBoost,CAT-Solv-47,42,n-Pr acetate
19771,CCCOC(C)=O,-1.4917091587802724,XGBoost,CAT-Solv-47,42,n-Pr acetate
19772,CCCOC(C)=O,-1.368818327165578,XGBoost,CAT-Solv-47,42,n-Pr acetate
19773,CCCOC(C)=O,-1.3702565596232894,XGBoost,CAT-Solv-47,42,n-Pr acetate
19774,CCCOC(C)=O,-1.24115566210929,XGBoost,CAT-Solv-47,42,n-Pr acetate
19775,CCCOC(C)=O,-1.2426253173605464,XGBoost,CAT-Solv-47,42,n-Pr acetate
19776,CCCOC(C)=O,-1.13504372707478,XGBoost,CAT-Solv-47,42,n-Pr acetate
19777,CCCOC(C)=O,-1.1365048472415575,XGBoost,CAT-Solv-47,42,n-Pr acetate
19778,CCCOC(C)=O,-1.0227486032350146,XGBoost,CAT-Solv-47,42,n-Pr acetate
19779,CCCOC(C)=O,-1.0243584488248705,XGBoost,CAT-Solv-47,42,n-Pr acetate
19780,CCCOC(C)=O,-0.918514349634876,XGBoost,CAT-Solv-47,42,n-Pr acetate
19781,CCCOC(C)=O,-0.9197799401508016,XGBoost,CAT-Solv-47,42,n-Pr acetate
19782,CCCOC(C)=O,-0.8081465272634797,XGBoost,CAT-Solv-47,42,n-Pr acetate
19783,CCCOC(C)=O,-0.8096215166094256,XGBoost,CAT-Solv-47,42,n-Pr acetate
19784,CCCOC(C)=O,-0.7000439425474804,XGBoost,CAT-Solv-47,42,n-Pr acetate
19785,CCCOC(C)=O,-0.7015835593172054,XGBoost,CAT-Solv-47,42,n-Pr acetate
19786,CCCOC(C)=O,-0.5796759401692101,XGBoost,CAT-Solv-47,42,n-Pr acetate
19787,CCCOC(C)=O,-0.581146989314729,XGBoost,CAT-Solv-47,42,n-Pr acetate
19912,CCCOC(C)=O,-1.4848295630980577,XGBoost,CAT-Solv-47,42,n-Pr acetate
19913,CCCOC(C)=O,-1.3988076836237582,XGBoost,CAT-Solv-47,42,n-Pr acetate
19914,CCCOC(C)=O,-1.3205345373522606,XGBoost,CAT-Solv-47,42,n-Pr acetate
19915,CCCOC(C)=O,-1.2605728822963351,XGBoost,CAT-Solv-47,42,n-Pr acetate
19916,CCCOC(C)=O,-1.1948091145021482,XGBoost,CAT-Solv-47,42,n-Pr acetate
19917,CCCOC(C)=O,-1.1376583656198924,XGBoost,CAT-Solv-47,42,n-Pr acetate
19918,CCCOC(C)=O,-1.0747764769449444,XGBoost,CAT-Solv-47,42,n-Pr acetate
19919,CCCOC(C)=O,-1.0107681242472633,XGBoost,CAT-Solv-47,42,n-Pr acetate
19920,CCCOC(C)=O,-0.9594973505300262,XGBoost,CAT-Solv-47,42,n-Pr acetate
19981,CCCOC(C)=O,-1.5843024842235802,XGBoost,CAT-Solv-47,42,n-Pr acetate
19982,CCCOC(C)=O,-1.5301684682204924,XGBoost,CAT-Solv-47,42,n-Pr acetate
19983,CCCOC(C)=O,-1.471414956126712,XGBoost,CAT-Solv-47,42,n-Pr acetate
19984,CCCOC(C)=O,-1.4115863921090916,XGBoost,CAT-Solv-47,42,n-Pr acetate
19985,CCCOC(C)=O,-1.3577226091947123,XGBoost,CAT-Solv-47,42,n-Pr acetate
19986,CCCOC(C)=O,-1.2976044441274053,XGBoost,CAT-Solv-47,42,n-Pr acetate
19987,CCCOC(C)=O,-1.2229007640813394,XGBoost,CAT-Solv-47,42,n-Pr acetate
19988,CCCOC(C)=O,-1.1426872532789274,XGBoost,CAT-Solv-47,42,n-Pr acetate
19989,CCCOC(C)=O,-1.0605205497243648,XGBoost,CAT-Solv-47,42,n-Pr acetate
20160,OCCO,-3.0700952354956303,XGBoost,CAT-Solv-47,42,Ethylene glycol
20161,OCCO,-2.9872801265107016,XGBoost,CAT-Solv-47,42,Ethylene glycol
20162,OCCO,-2.914289830002439,XGBoost,CAT-Solv-47,42,Ethylene glycol
20163,OCCO,-2.8420038929478113,XGBoost,CAT-Solv-47,42,Ethylene glycol
20164,OCCO,-2.7716966783201875,XGBoost,CAT-Solv-47,42,Ethylene glycol
20165,OCCO,-2.7127278988379095,XGBoost,CAT-Solv-47,42,Ethylene glycol
20166,OCCO,-2.654485825061512,XGBoost,CAT-Solv-47,42,Ethylene glycol
20167,OCCO,-2.599752932075233,XGBoost,CAT-Solv-47,42,Ethylene glycol
20168,OCCO,-2.549567565106809,XGBoost,CAT-Solv-47,42,Ethylene glycol
20169,OCCO,-2.495905180523114,XGBoost,CAT-Solv-47,42,Ethylene glycol
20204,C1CCCCC1,-3.502263343861345,XGBoost,CAT-Solv-47,42,Cyclohexane
20205,C1CCCCC1,-3.5811654728104387,XGBoost,CAT-Solv-47,42,Cyclohexane
20206,C1CCCCC1,-3.5601722689044233,XGBoost,CAT-Solv-47,42,Cyclohexane
20207,C1CCCCC1,-3.615462485945157,XGBoost,CAT-Solv-47,42,Cyclohexane
20208,C1CCCCC1,-3.5961507648651705,XGBoost,CAT-Solv-47,42,Cyclohexane
20209,C1CCCCC1,-3.647868587501024,XGBoost,CAT-Solv-47,42,Cyclohexane
20392,CCCOC(C)=O,-0.648842880547161,XGBoost,CAT-Solv-47,42,n-Pr acetate
20393,CCCOC(C)=O,-0.557507023020762,XGBoost,CAT-Solv-47,42,n-Pr acetate
20394,CCCOC(C)=O,-0.4722902044654518,XGBoost,CAT-Solv-47,42,n-Pr acetate
20395,CCCOC(C)=O,-0.4022586419809281,XGBoost,CAT-Solv-47,42,n-Pr acetate
20396,CCCOC(C)=O,-0.3242444232669386,XGBoost,CAT-Solv-47,42,n-Pr acetate
20397,CCCOC(C)=O,-0.2522658439661935,XGBoost,CAT-Solv-47,42,n-Pr acetate
20398,CCCOC(C)=O,-0.1816958910796344,XGBoost,CAT-Solv-47,42,n-Pr acetate
20399,CCCOC(C)=O,-0.1126988624015341,XGBoost,CAT-Solv-47,42,n-Pr acetate
20756,CCCOC(C)=O,-2.3819338912374426,XGBoost,CAT-Solv-47,42,n-Pr acetate
20757,CCCOC(C)=O,-2.322218347720694,XGBoost,CAT-Solv-47,42,n-Pr acetate
20758,CCCOC(C)=O,-2.2805663930358957,XGBoost,CAT-Solv-47,42,n-Pr acetate
20759,CCCOC(C)=O,-2.232399796043586,XGBoost,CAT-Solv-47,42,n-Pr acetate
20760,CCCOC(C)=O,-2.172631883257579,XGBoost,CAT-Solv-47,42,n-Pr acetate
20761,CCCOC(C)=O,-2.1324488753838127,XGBoost,CAT-Solv-47,42,n-Pr acetate
20762,CCCOC(C)=O,-2.085488633621429,XGBoost,CAT-Solv-47,42,n-Pr acetate
20763,CCCOC(C)=O,-2.044292568437875,XGBoost,CAT-Solv-47,42,n-Pr acetate
20764,CCCOC(C)=O,-2.0046226917649186,XGBoost,CAT-Solv-47,42,n-Pr acetate
20765,CCCOC(C)=O,-1.9643604271035535,XGBoost,CAT-Solv-47,42,n-Pr acetate
21152,CCCOC(C)=O,-1.2339623919017138,XGBoost,CAT-Solv-47,42,n-Pr acetate
21153,CCCOC(C)=O,-1.1458232947532727,XGBoost,CAT-Solv-47,42,n-Pr acetate
21154,CCCOC(C)=O,-1.0251781951861554,XGBoost,CAT-Solv-47,42,n-Pr acetate
21155,CCCOC(C)=O,-0.9589991188713384,XGBoost,CAT-Solv-47,42,n-Pr acetate
21156,CCCOC(C)=O,-0.8720889818061411,XGBoost,CAT-Solv-47,42,n-Pr acetate
21157,CCCOC(C)=O,-0.7928790234853471,XGBoost,CAT-Solv-47,42,n-Pr acetate
21158,CCCOC(C)=O,-0.7080424880720827,XGBoost,CAT-Solv-47,42,n-Pr acetate
21159,CCCOC(C)=O,-0.6046195488091591,XGBoost,CAT-Solv-47,42,n-Pr acetate
21160,CCCOC(C)=O,-0.5161315027103451,XGBoost,CAT-Solv-47,42,n-Pr acetate
21236,CS(C)=O,-2.227731574933367,XGBoost,CAT-Solv-47,42,DMSO
21237,CS(C)=O,-2.139815432329543,XGBoost,CAT-Solv-47,42,DMSO
21238,CS(C)=O,-2.010576101791282,XGBoost,CAT-Solv-47,42,DMSO
21239,CS(C)=O,-1.9080030241986747,XGBoost,CAT-Solv-47,42,DMSO
21240,CS(C)=O,-1.7826317558481974,XGBoost,CAT-Solv-47,42,DMSO
21241,CS(C)=O,-1.684787019203373,XGBoost,CAT-Solv-47,42,DMSO
21242,CS(C)=O,-1.5281090873032188,XGBoost,CAT-Solv-47,42,DMSO
21243,CS(C)=O,-1.4098993013035674,XGBoost,CAT-Solv-47,42,DMSO
21401,CN1CCCC1=O,-0.0199229586036391,XGBoost,CAT-Solv-47,42,NMP
21402,CN1CCCC1=O,0.0477104700420007,XGBoost,CAT-Solv-47,42,NMP
21403,CN1CCCC1=O,0.1241734603579665,XGBoost,CAT-Solv-47,42,NMP
21404,CN1CCCC1=O,0.1950068245112857,XGBoost,CAT-Solv-47,42,NMP
21405,CN1CCCC1=O,0.2679296155503207,XGBoost,CAT-Solv-47,42,NMP
21406,CN1CCCC1=O,0.3388576544951767,XGBoost,CAT-Solv-47,42,NMP
21407,CN1CCCC1=O,0.4148063015213429,XGBoost,CAT-Solv-47,42,NMP
21408,CN1CCCC1=O,0.4873234275025132,XGBoost,CAT-Solv-47,42,NMP
21409,CN1CCCC1=O,0.5655390653932341,XGBoost,CAT-Solv-47,42,NMP
21432,CS(C)=O,0.4508221807716672,XGBoost,CAT-Solv-47,42,DMSO
21433,CS(C)=O,0.5192951594215729,XGBoost,CAT-Solv-47,42,DMSO
21434,CS(C)=O,0.5920768355202239,XGBoost,CAT-Solv-47,42,DMSO
21435,CS(C)=O,0.6626442007216587,XGBoost,CAT-Solv-47,42,DMSO
21436,CS(C)=O,0.7376666887243266,XGBoost,CAT-Solv-47,42,DMSO
21437,CS(C)=O,0.8095974018866946,XGBoost,CAT-Solv-47,42,DMSO
21438,CS(C)=O,0.8857246068945644,XGBoost,CAT-Solv-47,42,DMSO
21439,CS(C)=O,0.964740997739986,XGBoost,CAT-Solv-47,42,DMSO
21440,CS(C)=O,1.0488256563476783,XGBoost,CAT-Solv-47,42,DMSO
21441,OCCO,-0.8819251810995558,XGBoost,CAT-Solv-47,42,Ethylene glycol
21442,OCCO,-0.8180727523281984,XGBoost,CAT-Solv-47,42,Ethylene glycol
21443,OCCO,-0.746398056371482,XGBoost,CAT-Solv-47,42,Ethylene glycol
21444,OCCO,-0.6737418776784612,XGBoost,CAT-Solv-47,42,Ethylene glycol
21445,OCCO,-0.6068412271780579,XGBoost,CAT-Solv-47,42,Ethylene glycol
21446,OCCO,-0.5404368211991013,XGBoost,CAT-Solv-47,42,Ethylene glycol
21447,OCCO,-0.4750550296839042,XGBoost,CAT-Solv-47,42,Ethylene glycol
21448,OCCO,-0.4070023677995699,XGBoost,CAT-Solv-47,42,Ethylene glycol
21449,OCCO,-0.3401174147893329,XGBoost,CAT-Solv-47,42,Ethylene glycol
21726,OCCO,-1.7301906055228486,XGBoost,CAT-Solv-47,42,Ethylene glycol
21727,OCCO,-1.605443527554126,XGBoost,CAT-Solv-47,42,Ethylene glycol
21728,OCCO,-1.4801319449976202,XGBoost,CAT-Solv-47,42,Ethylene glycol
21729,OCCO,-1.363398111013015,XGBoost,CAT-Solv-47,42,Ethylene glycol
21730,OCCO,-1.2563430798243829,XGBoost,CAT-Solv-47,42,Ethylene glycol
21751,OCCO,0.4454283681765411,XGBoost,CAT-Solv-47,42,Ethylene glycol
21752,OCCO,0.4813031267737953,XGBoost,CAT-Solv-47,42,Ethylene glycol
21753,OCCO,0.517284768208275,XGBoost,CAT-Solv-47,42,Ethylene glycol
21754,OCCO,0.5609006264885346,XGBoost,CAT-Solv-47,42,Ethylene glycol
21755,OCCO,0.6082447196566876,XGBoost,CAT-Solv-47,42,Ethylene glycol
21807,CN1CCCC1=O,-0.033484144802194,XGBoost,CAT-Solv-47,42,NMP
21808,CN1CCCC1=O,0.0009458442083449,XGBoost,CAT-Solv-47,42,NMP
21809,CN1CCCC1=O,0.057585274059595,XGBoost,CAT-Solv-47,42,NMP
21810,CN1CCCC1=O,0.1104139976126743,XGBoost,CAT-Solv-47,42,NMP
21811,CN1CCCC1=O,0.143400800118776,XGBoost,CAT-Solv-47,42,NMP
21812,CN1CCCC1=O,0.1609768971359959,XGBoost,CAT-Solv-47,42,NMP
21813,CN1CCCC1=O,0.1974923169286085,XGBoost,CAT-Solv-47,42,NMP
21814,CN1CCCC1=O,0.2213107772170224,XGBoost,CAT-Solv-47,42,NMP
22005,CCCOC(C)=O,-1.1953711037737276,XGBoost,CAT-Solv-47,42,n-Pr acetate
22006,CCCOC(C)=O,-1.1113144203739158,XGBoost,CAT-Solv-47,42,n-Pr acetate
22007,CCCOC(C)=O,-1.0462431822930889,XGBoost,CAT-Solv-47,42,n-Pr acetate
22008,CCCOC(C)=O,-0.9934096005588864,XGBoost,CAT-Solv-47,42,n-Pr acetate
22009,CCCOC(C)=O,-0.9875059581427852,XGBoost,CAT-Solv-47,42,n-Pr acetate
22010,CCCOC(C)=O,-0.8508508303787744,XGBoost,CAT-Solv-47,42,n-Pr acetate
22011,CCCOC(C)=O,-0.7993724921676222,XGBoost,CAT-Solv-47,42,n-Pr acetate
22012,CCCOC(C)=O,-0.7181520301324356,XGBoost,CAT-Solv-47,42,n-Pr acetate
22013,CCCOC(C)=O,-0.6644305295340043,XGBoost,CAT-Solv-47,42,n-Pr acetate
22318,C1CCCCC1,-1.904503476968312,XGBoost,CAT-Solv-47,42,Cyclohexane
22319,C1CCCCC1,-1.800986074944282,XGBoost,CAT-Solv-47,42,Cyclohexane
22320,C1CCCCC1,-1.6985657294028105,XGBoost,CAT-Solv-47,42,Cyclohexane
22321,C1CCCCC1,-1.5968303419237209,XGBoost,CAT-Solv-47,42,Cyclohexane
22322,C1CCCCC1,-1.4984910662881024,XGBoost,CAT-Solv-47,42,Cyclohexane
22323,C1CCCCC1,-1.4036451154182787,XGBoost,CAT-Solv-47,42,Cyclohexane
22324,C1CCCCC1,-1.3124654396781172,XGBoost,CAT-Solv-47,42,Cyclohexane
22325,C1CCCCC1,-1.2274550290629835,XGBoost,CAT-Solv-47,42,Cyclohexane
22326,C1CCCCC1,-1.1422189273901175,XGBoost,CAT-Solv-47,42,Cyclohexane
22399,C1CCCCC1,-3.313467089324385,XGBoost,CAT-Solv-47,42,Cyclohexane
22400,C1CCCCC1,-3.2485871792950114,XGBoost,CAT-Solv-47,42,Cyclohexane
22401,C1CCCCC1,-3.1734235574446656,XGBoost,CAT-Solv-47,42,Cyclohexane
22402,C1CCCCC1,-3.0980507779172908,XGBoost,CAT-Solv-47,42,Cyclohexane
22403,C1CCCCC1,-3.0234125964951444,XGBoost,CAT-Solv-47,42,Cyclohexane
22404,C1CCCCC1,-2.9547742252677898,XGBoost,CAT-Solv-47,42,Cyclohexane
22405,C1CCCCC1,-2.8825151644181184,XGBoost,CAT-Solv-47,42,Cyclohexane
22406,C1CCCCC1,-2.8074983447087583,XGBoost,CAT-Solv-47,42,Cyclohexane
22407,C1CCCCC1,-2.740775663977082,XGBoost,CAT-Solv-47,42,Cyclohexane
22408,C1CCCCC1,-2.667256954371894,XGBoost,CAT-Solv-47,42,Cyclohexane
22409,C1CCCCC1,-2.5964975767991776,XGBoost,CAT-Solv-47,42,Cyclohexane
22410,C1CCCCC1,-2.532610591020707,XGBoost,CAT-Solv-47,42,Cyclohexane
22411,C1CCCCC1,-2.4640796091185404,XGBoost,CAT-Solv-47,42,Cyclohexane
22412,C1CCCCC1,-2.3983101050323343,XGBoost,CAT-Solv-47,42,Cyclohexane
22413,C1CCCCC1,-2.334791275215642,XGBoost,CAT-Solv-47,42,Cyclohexane
22414,C1CCCCC1,-2.2732675208652924,XGBoost,CAT-Solv-47,42,Cyclohexane
22415,C1CCCCC1,-2.204889463393566,XGBoost,CAT-Solv-47,42,Cyclohexane
23230,C1CCCCC1,-2.006543198565976,XGBoost,CAT-Solv-47,42,Cyclohexane
23231,C1CCCCC1,-1.9113726907461135,XGBoost,CAT-Solv-47,42,Cyclohexane
23232,C1CCCCC1,-1.7737796829555128,XGBoost,CAT-Solv-47,42,Cyclohexane
23233,C1CCCCC1,-1.6913245727796111,XGBoost,CAT-Solv-47,42,Cyclohexane
23428,CS(C)=O,-1.1128578986665123,XGBoost,CAT-Solv-47,42,DMSO
23429,CS(C)=O,-1.0394627623283308,XGBoost,CAT-Solv-47,42,DMSO
23430,CS(C)=O,-0.9765598618690152,XGBoost,CAT-Solv-47,42,DMSO
23431,CS(C)=O,-0.9114192811007404,XGBoost,CAT-Solv-47,42,DMSO
23432,CS(C)=O,-0.8586394711996376,XGBoost,CAT-Solv-47,42,DMSO
23433,OCCO,-2.1486659450175254,XGBoost,CAT-Solv-47,42,Ethylene glycol
23434,OCCO,-2.013968937758963,XGBoost,CAT-Solv-47,42,Ethylene glycol
23435,OCCO,-1.906870851545864,XGBoost,CAT-Solv-47,42,Ethylene glycol
23436,OCCO,-1.8139028043088636,XGBoost,CAT-Solv-47,42,Ethylene glycol
23437,OCCO,-1.7233650243184535,XGBoost,CAT-Solv-47,42,Ethylene glycol
23634,CCCOC(C)=O,-1.2823571373146847,XGBoost,CAT-Solv-47,42,n-Pr acetate
23635,CCCOC(C)=O,-1.20813170865496,XGBoost,CAT-Solv-47,42,n-Pr acetate
23636,CCCOC(C)=O,-1.138414691781661,XGBoost,CAT-Solv-47,42,n-Pr acetate
23637,CCCOC(C)=O,-1.0705416021022107,XGBoost,CAT-Solv-47,42,n-Pr acetate
23638,CCCOC(C)=O,-0.9751722625413596,XGBoost,CAT-Solv-47,42,n-Pr acetate
23639,CCCOC(C)=O,-0.906605175569716,XGBoost,CAT-Solv-47,42,n-Pr acetate
23640,CCCOC(C)=O,-0.8230676979272573,XGBoost,CAT-Solv-47,42,n-Pr acetate
23641,CCCOC(C)=O,-0.7336686275508583,XGBoost,CAT-Solv-47,42,n-Pr acetate
23642,CCCOC(C)=O,-0.6223133092537608,XGBoost,CAT-Solv-47,42,n-Pr acetate
23800,CCCOC(C)=O,-0.2582781875435272,XGBoost,CAT-Solv-47,42,n-Pr acetate
23801,CCCOC(C)=O,-0.1443180358508466,XGBoost,CAT-Solv-47,42,n-Pr acetate
23802,CCCOC(C)=O,-0.0214272830754515,XGBoost,CAT-Solv-47,42,n-Pr acetate
23803,CCCOC(C)=O,0.1233618649822616,XGBoost,CAT-Solv-47,42,n-Pr acetate
23804,CCCOC(C)=O,0.2320046880652515,XGBoost,CAT-Solv-47,42,n-Pr acetate
23805,CCCOC(C)=O,0.3359393654256851,XGBoost,CAT-Solv-47,42,n-Pr acetate
23806,CCCOC(C)=O,0.4658072642370704,XGBoost,CAT-Solv-47,42,n-Pr acetate
23807,CCCOC(C)=O,0.5875561554219861,XGBoost,CAT-Solv-47,42,n-Pr acetate
23808,CCCOC(C)=O,0.7178975128402222,XGBoost,CAT-Solv-47,42,n-Pr acetate
23968,CCCOC(C)=O,-0.9365142438243113,XGBoost,CAT-Solv-47,42,n-Pr acetate
23969,CCCOC(C)=O,-0.8759983594603099,XGBoost,CAT-Solv-47,42,n-Pr acetate
23970,CCCOC(C)=O,-0.8031108520190812,XGBoost,CAT-Solv-47,42,n-Pr acetate
23971,CCCOC(C)=O,-0.7424379932911922,XGBoost,CAT-Solv-47,42,n-Pr acetate
23972,CCCOC(C)=O,-0.6725898981762788,XGBoost,CAT-Solv-47,42,n-Pr acetate
23973,CCCOC(C)=O,-0.6071289384340101,XGBoost,CAT-Solv-47,42,n-Pr acetate
23974,CCCOC(C)=O,-0.5466641870929398,XGBoost,CAT-Solv-47,42,n-Pr acetate
23975,CCCOC(C)=O,-0.4745965091774409,XGBoost,CAT-Solv-47,42,n-Pr acetate
23976,CCCOC(C)=O,-0.405935226871392,XGBoost,CAT-Solv-47,42,n-Pr acetate
23977,CCCOC(C)=O,-0.3417698097802109,XGBoost,CAT-Solv-47,42,n-Pr acetate
24098,CCCOC(C)=O,0.0151129848927915,XGBoost,CAT-Solv-47,42,n-Pr acetate
24099,CCCOC(C)=O,0.141913011468561,XGBoost,CAT-Solv-47,42,n-Pr acetate
24100,CCCOC(C)=O,0.234797847835003,XGBoost,CAT-Solv-47,42,n-Pr acetate
24101,CCCOC(C)=O,0.3508022025716302,XGBoost,CAT-Solv-47,42,n-Pr acetate
24102,CCCOC(C)=O,0.4553481335637244,XGBoost,CAT-Solv-47,42,n-Pr acetate
24103,CCCOC(C)=O,0.5902220809753147,XGBoost,CAT-Solv-47,42,n-Pr acetate
24104,CCCOC(C)=O,0.7074234873864406,XGBoost,CAT-Solv-47,42,n-Pr acetate
24105,CCCOC(C)=O,0.8650306276216241,XGBoost,CAT-Solv-47,42,n-Pr acetate
24256,CCCOC(C)=O,-1.302172535165235,XGBoost,CAT-Solv-47,42,n-Pr acetate
24257,CCCOC(C)=O,-1.2184749797599466,XGBoost,CAT-Solv-47,42,n-Pr acetate
24258,CCCOC(C)=O,-1.145908176394684,XGBoost,CAT-Solv-47,42,n-Pr acetate
24259,CCCOC(C)=O,-1.057020915095009,XGBoost,CAT-Solv-47,42,n-Pr acetate
24260,CCCOC(C)=O,-0.9764628042673186,XGBoost,CAT-Solv-47,42,n-Pr acetate
24261,CCCOC(C)=O,-0.8901441515385055,XGBoost,CAT-Solv-47,42,n-Pr acetate
24262,CCCOC(C)=O,-0.7983378450325604,XGBoost,CAT-Solv-47,42,n-Pr acetate
24263,CCCOC(C)=O,-0.7110386501025988,XGBoost,CAT-Solv-47,42,n-Pr acetate
24264,CCCOC(C)=O,-0.6357118153842192,XGBoost,CAT-Solv-47,42,n-Pr acetate
24467,CCCOC(C)=O,-1.6454360865551774,XGBoost,CAT-Solv-47,42,n-Pr acetate
24468,CCCOC(C)=O,-1.5575109574123858,XGBoost,CAT-Solv-47,42,n-Pr acetate
24469,CCCOC(C)=O,-1.4793956989217174,XGBoost,CAT-Solv-47,42,n-Pr acetate
24470,CCCOC(C)=O,-1.3996347752793248,XGBoost,CAT-Solv-47,42,n-Pr acetate
24471,CCCOC(C)=O,-1.3257849455920068,XGBoost,CAT-Solv-47,42,n-Pr acetate
24472,CCCOC(C)=O,-1.2443185145554665,XGBoost,CAT-Solv-47,42,n-Pr acetate
24473,CCCOC(C)=O,-1.1714186834276406,XGBoost,CAT-Solv-47,42,n-Pr acetate
24474,CCCOC(C)=O,-1.0908535829560897,XGBoost,CAT-Solv-47,42,n-Pr acetate
24475,CCCOC(C)=O,-1.0123055391394462,XGBoost,CAT-Solv-47,42,n-Pr acetate
24476,CCCOC(C)=O,-0.9402140517603148,XGBoost,CAT-Solv-47,42,n-Pr acetate
24527,CN1CCCC1=O,-0.097529753773264,XGBoost,CAT-Solv-47,42,NMP
24528,CN1CCCC1=O,-0.0365059873270322,XGBoost,CAT-Solv-47,42,NMP
24529,CN1CCCC1=O,0.0096084807846127,XGBoost,CAT-Solv-47,42,NMP
24530,CN1CCCC1=O,0.0576750228752054,XGBoost,CAT-Solv-47,42,NMP
24531,CN1CCCC1=O,0.1030837401914811,XGBoost,CAT-Solv-47,42,NMP
24532,CN1CCCC1=O,0.1587573208673804,XGBoost,CAT-Solv-47,42,NMP
24533,CN1CCCC1=O,0.2110653246281547,XGBoost,CAT-Solv-47,42,NMP
24534,CN1CCCC1=O,0.2564424123334537,XGBoost,CAT-Solv-47,42,NMP
24535,CN1CCCC1=O,0.3104458779203344,XGBoost,CAT-Solv-47,42,NMP
24536,CN1CCCC1=O,0.3559813435327519,XGBoost,CAT-Solv-47,42,NMP
24597,OCCO,-3.8955023089319343,XGBoost,CAT-Solv-47,42,Ethylene glycol
24598,OCCO,-3.797497656380978,XGBoost,CAT-Solv-47,42,Ethylene glycol
24599,OCCO,-3.717146067124895,XGBoost,CAT-Solv-47,42,Ethylene glycol
24600,OCCO,-3.6393911463048063,XGBoost,CAT-Solv-47,42,Ethylene glycol
24601,OCCO,-3.5640677399201537,XGBoost,CAT-Solv-47,42,Ethylene glycol
24602,OCCO,-3.4971154421790764,XGBoost,CAT-Solv-47,42,Ethylene glycol
24603,OCCO,-3.4327518704846285,XGBoost,CAT-Solv-47,42,Ethylene glycol
24604,OCCO,-3.374662566585222,XGBoost,CAT-Solv-47,42,Ethylene glycol
24605,OCCO,-3.311820861249838,XGBoost,CAT-Solv-47,42,Ethylene glycol
24606,OCCO,-3.250544505832703,XGBoost,CAT-Solv-47,42,Ethylene glycol
24617,C1CCCCC1,-3.891529887137007,XGBoost,CAT-Solv-47,42,Cyclohexane
24618,C1CCCCC1,-3.748745285714688,XGBoost,CAT-Solv-47,42,Cyclohexane
24619,C1CCCCC1,-3.616606269176609,XGBoost,CAT-Solv-47,42,Cyclohexane
24620,C1CCCCC1,-3.475513425488065,XGBoost,CAT-Solv-47,42,Cyclohexane
24621,C1CCCCC1,-3.348222464640906,XGBoost,CAT-Solv-47,42,Cyclohexane
24622,C1CCCCC1,-3.2212626844896803,XGBoost,CAT-Solv-47,42,Cyclohexane
24623,C1CCCCC1,-3.0927205166013496,XGBoost,CAT-Solv-47,42,Cyclohexane
24624,C1CCCCC1,-2.96728720836415,XGBoost,CAT-Solv-47,42,Cyclohexane
24625,C1CCCCC1,-2.847213240061989,XGBoost,CAT-Solv-47,42,Cyclohexane
24817,CCCOC(C)=O,-1.4578579135442076,XGBoost,CAT-Solv-47,42,n-Pr acetate
24818,CCCOC(C)=O,-1.4145413166981946,XGBoost,CAT-Solv-47,42,n-Pr acetate
24819,CCCOC(C)=O,-1.3752729176859526,XGBoost,CAT-Solv-47,42,n-Pr acetate
24820,CCCOC(C)=O,-1.323415868328052,XGBoost,CAT-Solv-47,42,n-Pr acetate
24821,CCCOC(C)=O,-1.291625689318609,XGBoost,CAT-Solv-47,42,n-Pr acetate
24822,CCCOC(C)=O,-1.2434469973666131,XGBoost,CAT-Solv-47,42,n-Pr acetate
24823,CCCOC(C)=O,-1.2032045578599118,XGBoost,CAT-Solv-47,42,n-Pr acetate
24824,CCCOC(C)=O,-1.1596702814345623,XGBoost,CAT-Solv-47,42,n-Pr acetate
24825,CCCOC(C)=O,-1.110971367780477,XGBoost,CAT-Solv-47,42,n-Pr acetate
24826,CCCOC(C)=O,-1.0681573447838857,XGBoost,CAT-Solv-47,42,n-Pr acetate
25178,CN1CCCC1=O,0.3701936211792547,XGBoost,CAT-Solv-47,42,NMP
25179,CN1CCCC1=O,0.3941245186218836,XGBoost,CAT-Solv-47,42,NMP
25180,CN1CCCC1=O,0.4157743213060156,XGBoost,CAT-Solv-47,42,NMP
25181,CN1CCCC1=O,0.4486211451905906,XGBoost,CAT-Solv-47,42,NMP
25182,CN1CCCC1=O,0.4670692670337109,XGBoost,CAT-Solv-47,42,NMP
25183,CN1CCCC1=O,0.4902449690292442,XGBoost,CAT-Solv-47,42,NMP
25184,CN1CCCC1=O,0.5158675315891945,XGBoost,CAT-Solv-47,42,NMP
25185,CN1CCCC1=O,0.5404813853206376,XGBoost,CAT-Solv-47,42,NMP
25186,CN1CCCC1=O,0.5657787802785036,XGBoost,CAT-Solv-47,42,NMP
25187,CN1CCCC1=O,0.5895319634164277,XGBoost,CAT-Solv-47,42,NMP
25208,CS(C)=O,0.5116434795922381,XGBoost,CAT-Solv-47,42,DMSO
25209,CS(C)=O,0.5578928680957211,XGBoost,CAT-Solv-47,42,DMSO
25210,CS(C)=O,0.5856984251458169,XGBoost,CAT-Solv-47,42,DMSO
25211,CS(C)=O,0.6138392155317619,XGBoost,CAT-Solv-47,42,DMSO
25212,CS(C)=O,0.6472679127716693,XGBoost,CAT-Solv-47,42,DMSO
25213,CS(C)=O,0.6813298707223576,XGBoost,CAT-Solv-47,42,DMSO
25214,CS(C)=O,0.7078541448672335,XGBoost,CAT-Solv-47,42,DMSO
25281,CN1CCCC1=O,0.3109234404742055,XGBoost,CAT-Solv-47,42,NMP
25282,CN1CCCC1=O,0.3493160892058931,XGBoost,CAT-Solv-47,42,NMP
25283,CN1CCCC1=O,0.4410368931278167,XGBoost,CAT-Solv-47,42,NMP
25284,CN1CCCC1=O,0.5605057808028633,XGBoost,CAT-Solv-47,42,NMP
25285,CN1CCCC1=O,0.6724677106969357,XGBoost,CAT-Solv-47,42,NMP
25286,CN1CCCC1=O,0.8228621145005525,XGBoost,CAT-Solv-47,42,NMP
25287,CN1CCCC1=O,0.974849599714496,XGBoost,CAT-Solv-47,42,NMP
25619,CCCOC(C)=O,-2.137014052068833,XGBoost,CAT-Solv-47,42,n-Pr acetate
25620,CCCOC(C)=O,-2.075878948533379,XGBoost,CAT-Solv-47,42,n-Pr acetate
25621,CCCOC(C)=O,-2.011642894435331,XGBoost,CAT-Solv-47,42,n-Pr acetate
25622,CCCOC(C)=O,-1.925177377464556,XGBoost,CAT-Solv-47,42,n-Pr acetate
25623,CCCOC(C)=O,-1.8748789195203703,XGBoost,CAT-Solv-47,42,n-Pr acetate
25624,CCCOC(C)=O,-1.8095070785622187,XGBoost,CAT-Solv-47,42,n-Pr acetate
25625,CCCOC(C)=O,-1.7467374078077125,XGBoost,CAT-Solv-47,42,n-Pr acetate
25626,CCCOC(C)=O,-1.6859965815298412,XGBoost,CAT-Solv-47,42,n-Pr acetate
25627,CCCOC(C)=O,-1.6124352708398884,XGBoost,CAT-Solv-47,42,n-Pr acetate
26013,C1CCCCC1,-2.0369214031753606,XGBoost,CAT-Solv-47,42,Cyclohexane
26014,C1CCCCC1,-1.973748882154148,XGBoost,CAT-Solv-47,42,Cyclohexane
26015,C1CCCCC1,-1.8658008098366092,XGBoost,CAT-Solv-47,42,Cyclohexane
26016,C1CCCCC1,-1.773145343411067,XGBoost,CAT-Solv-47,42,Cyclohexane
26017,C1CCCCC1,-1.6801336650187733,XGBoost,CAT-Solv-47,42,Cyclohexane
26018,C1CCCCC1,-1.587202109132814,XGBoost,CAT-Solv-47,42,Cyclohexane
26019,C1CCCCC1,-1.5115273202276958,XGBoost,CAT-Solv-47,42,Cyclohexane
26020,C1CCCCC1,-1.4348081722070998,XGBoost,CAT-Solv-47,42,Cyclohexane
26021,C1CCCCC1,-1.35504991672436,XGBoost,CAT-Solv-47,42,Cyclohexane
26022,C1CCCCC1,-1.26489102549741,XGBoost,CAT-Solv-47,42,Cyclohexane
26458,CN1CCCC1=O,-0.3937006698457286,XGBoost,CAT-Solv-47,42,NMP
26459,CN1CCCC1=O,-0.3378399905137701,XGBoost,CAT-Solv-47,42,NMP
26460,CN1CCCC1=O,-0.2779402262861249,XGBoost,CAT-Solv-47,42,NMP
26461,CN1CCCC1=O,-0.2171687470142846,XGBoost,CAT-Solv-47,42,NMP
26462,CN1CCCC1=O,-0.1584208933023424,XGBoost,CAT-Solv-47,42,NMP
26463,CN1CCCC1=O,-0.1019354523991235,XGBoost,CAT-Solv-47,42,NMP
26464,CN1CCCC1=O,-0.0427477762754579,XGBoost,CAT-Solv-47,42,NMP
26465,CN1CCCC1=O,0.0037875924738337,XGBoost,CAT-Solv-47,42,NMP
26466,CN1CCCC1=O,0.0543085611444204,XGBoost,CAT-Solv-47,42,NMP
26488,C1CCCCC1,-4.142652305425662,XGBoost,CAT-Solv-47,42,Cyclohexane
26489,C1CCCCC1,-4.007379436958744,XGBoost,CAT-Solv-47,42,Cyclohexane
26490,C1CCCCC1,-3.878854600210718,XGBoost,CAT-Solv-47,42,Cyclohexane
26491,C1CCCCC1,-3.747292158083527,XGBoost,CAT-Solv-47,42,Cyclohexane
26492,C1CCCCC1,-3.643860107341119,XGBoost,CAT-Solv-47,42,Cyclohexane
26493,C1CCCCC1,-3.557460733942062,XGBoost,CAT-Solv-47,42,Cyclohexane
26494,C1CCCCC1,-3.456052592456201,XGBoost,CAT-Solv-47,42,Cyclohexane
26495,C1CCCCC1,-3.3688697206881324,XGBoost,CAT-Solv-47,42,Cyclohexane
26496,C1CCCCC1,-3.291649162618162,XGBoost,CAT-Solv-47,42,Cyclohexane
26771,CS(C)=O,-0.543889326141378,XGBoost,CAT-Solv-47,42,DMSO
26772,CS(C)=O,-0.4886017872859868,XGBoost,CAT-Solv-47,42,DMSO
26773,CS(C)=O,-0.4423697752770292,XGBoost,CAT-Solv-47,42,DMSO
26774,CS(C)=O,-0.3918597755077984,XGBoost,CAT-Solv-47,42,DMSO
26775,CS(C)=O,-0.341512668233817,XGBoost,CAT-Solv-47,42,DMSO
26776,CS(C)=O,-0.2969717726711552,XGBoost,CAT-Solv-47,42,DMSO
26777,CS(C)=O,-0.2423481506050801,XGBoost,CAT-Solv-47,42,DMSO
26877,OCCO,-2.264623271720177,XGBoost,CAT-Solv-47,42,Ethylene glycol
26878,OCCO,-2.1297306185800444,XGBoost,CAT-Solv-47,42,Ethylene glycol
26879,OCCO,-2.021008804495983,XGBoost,CAT-Solv-47,42,Ethylene glycol
26880,OCCO,-1.9247829287137976,XGBoost,CAT-Solv-47,42,Ethylene glycol
26881,OCCO,-1.84491373784509,XGBoost,CAT-Solv-47,42,Ethylene glycol
26969,CN1CCCC1=O,-0.06029809294401,XGBoost,CAT-Solv-47,42,NMP
26970,CN1CCCC1=O,0.1735431256906678,XGBoost,CAT-Solv-47,42,NMP
26971,CN1CCCC1=O,0.2163113017218998,XGBoost,CAT-Solv-47,42,NMP
26972,CN1CCCC1=O,0.2656391186649509,XGBoost,CAT-Solv-47,42,NMP
26973,CN1CCCC1=O,0.2981780876846017,XGBoost,CAT-Solv-47,42,NMP
27033,OCCO,-2.39728358972806,XGBoost,CAT-Solv-47,42,Ethylene glycol
27034,OCCO,-2.2251131079023243,XGBoost,CAT-Solv-47,42,Ethylene glycol
27035,OCCO,-2.074422192377185,XGBoost,CAT-Solv-47,42,Ethylene glycol
27036,OCCO,-1.9494322703886895,XGBoost,CAT-Solv-47,42,Ethylene glycol
27037,OCCO,-1.720728204422053,XGBoost,CAT-Solv-47,42,Ethylene glycol
27084,OCCO,-2.419156782906841,XGBoost,CAT-Solv-47,42,Ethylene glycol
27085,OCCO,-2.357962696611352,XGBoost,CAT-Solv-47,42,Ethylene glycol
27086,OCCO,-2.298497080181832,XGBoost,CAT-Solv-47,42,Ethylene glycol
27087,OCCO,-2.2411112138735723,XGBoost,CAT-Solv-47,42,Ethylene glycol
27088,OCCO,-2.1099910958347197,XGBoost,CAT-Solv-47,42,Ethylene glycol
27151,CS(C)=O,-1.050684395167465,XGBoost,CAT-Solv-47,42,DMSO
27152,CS(C)=O,-0.9810439259632588,XGBoost,CAT-Solv-47,42,DMSO
27153,CS(C)=O,-0.9092947933658868,XGBoost,CAT-Solv-47,42,DMSO
27154,CS(C)=O,-0.8460079883209309,XGBoost,CAT-Solv-47,42,DMSO
27155,CS(C)=O,-0.7959915564296681,XGBoost,CAT-Solv-47,42,DMSO
27156,CS(C)=O,-0.739320881758626,XGBoost,CAT-Solv-47,42,DMSO
27157,CS(C)=O,-0.687989796222787,XGBoost,CAT-Solv-47,42,DMSO
27158,CS(C)=O,-0.6497757432613398,XGBoost,CAT-Solv-47,42,DMSO
27159,CS(C)=O,-0.6133276657522855,XGBoost,CAT-Solv-47,42,DMSO
27212,CCCOC(C)=O,-2.1275404207374673,XGBoost,CAT-Solv-47,42,n-Pr acetate
27213,CCCOC(C)=O,-2.051115146557337,XGBoost,CAT-Solv-47,42,n-Pr acetate
27214,CCCOC(C)=O,-1.9683400297571352,XGBoost,CAT-Solv-47,42,n-Pr acetate
27215,CCCOC(C)=O,-1.8802171213216687,XGBoost,CAT-Solv-47,42,n-Pr acetate
27216,CCCOC(C)=O,-1.8068176012644703,XGBoost,CAT-Solv-47,42,n-Pr acetate
27217,CCCOC(C)=O,-1.7536687896370486,XGBoost,CAT-Solv-47,42,n-Pr acetate
27218,CCCOC(C)=O,-1.6949557528711328,XGBoost,CAT-Solv-47,42,n-Pr acetate
27219,CCCOC(C)=O,-1.6452127107453025,XGBoost,CAT-Solv-47,42,n-Pr acetate
27220,CCCOC(C)=O,-1.5972518496983572,XGBoost,CAT-Solv-47,42,n-Pr acetate
27415,CCCOC(C)=O,-0.9889786188020556,XGBoost,CAT-Solv-47,42,n-Pr acetate
27416,CCCOC(C)=O,-0.9416204773294304,XGBoost,CAT-Solv-47,42,n-Pr acetate
27417,CCCOC(C)=O,-0.9046457526574544,XGBoost,CAT-Solv-47,42,n-Pr acetate
27418,CCCOC(C)=O,-0.8583747809285336,XGBoost,CAT-Solv-47,42,n-Pr acetate
27419,CCCOC(C)=O,-0.8154329198450057,XGBoost,CAT-Solv-47,42,n-Pr acetate
27420,CCCOC(C)=O,-0.7696036605698546,XGBoost,CAT-Solv-47,42,n-Pr acetate
27421,CCCOC(C)=O,-0.7186102227415725,XGBoost,CAT-Solv-47,42,n-Pr acetate
27422,CCCOC(C)=O,-0.6707708696352452,XGBoost,CAT-Solv-47,42,n-Pr acetate
27423,CCCOC(C)=O,-0.6316547922375307,XGBoost,CAT-Solv-47,42,n-Pr acetate
27424,CCCOC(C)=O,-0.5795290922787286,XGBoost,CAT-Solv-47,42,n-Pr acetate
27558,CN1CCCC1=O,-0.4804991038248823,XGBoost,CAT-Solv-47,42,NMP
27559,CN1CCCC1=O,-0.3542946375305366,XGBoost,CAT-Solv-47,42,NMP
27560,CN1CCCC1=O,-0.2849079128568148,XGBoost,CAT-Solv-47,42,NMP
27561,CN1CCCC1=O,-0.2401757627669211,XGBoost,CAT-Solv-47,42,NMP
27562,CN1CCCC1=O,-0.1758003527850984,XGBoost,CAT-Solv-47,42,NMP
27563,CN1CCCC1=O,-0.1202773621740332,XGBoost,CAT-Solv-47,42,NMP
27564,CN1CCCC1=O,-0.080753987101837,XGBoost,CAT-Solv-47,42,NMP
27565,CN1CCCC1=O,-0.0366314757755114,XGBoost,CAT-Solv-47,42,NMP
27566,CN1CCCC1=O,0.0460720767021728,XGBoost,CAT-Solv-47,42,NMP
27567,CN1CCCC1=O,0.1096747154032617,XGBoost,CAT-Solv-47,42,NMP
27568,CN1CCCC1=O,0.1310757620539342,XGBoost,CAT-Solv-47,42,NMP
27619,CS(C)=O,-0.0493156496817939,XGBoost,CAT-Solv-47,42,DMSO
27620,CS(C)=O,-0.0184682295352333,XGBoost,CAT-Solv-47,42,DMSO
27621,CS(C)=O,0.0275732755432612,XGBoost,CAT-Solv-47,42,DMSO
27622,CS(C)=O,0.1029030012131366,XGBoost,CAT-Solv-47,42,DMSO
27623,CS(C)=O,0.1613271662060715,XGBoost,CAT-Solv-47,42,DMSO
27624,CS(C)=O,0.2258553679593899,XGBoost,CAT-Solv-47,42,DMSO
27625,CS(C)=O,0.2681324178899347,XGBoost,CAT-Solv-47,42,DMSO
27626,CS(C)=O,0.343787666347586,XGBoost,CAT-Solv-47,42,DMSO
27627,CS(C)=O,0.4095689442553101,XGBoost,CAT-Solv-47,42,DMSO
27998,CN1CCCC1=O,-0.0265513300277093,XGBoost,CAT-Solv-47,42,NMP
27999,CN1CCCC1=O,0.0069549642305289,XGBoost,CAT-Solv-47,42,NMP
28000,CN1CCCC1=O,0.0419220362294998,XGBoost,CAT-Solv-47,42,NMP
28001,CN1CCCC1=O,0.0747764050226235,XGBoost,CAT-Solv-47,42,NMP
28002,CN1CCCC1=O,0.1110816326666774,XGBoost,CAT-Solv-47,42,NMP
28003,CN1CCCC1=O,0.1448435706049755,XGBoost,CAT-Solv-47,42,NMP
28004,CN1CCCC1=O,0.1792774672360146,XGBoost,CAT-Solv-47,42,NMP
28005,CN1CCCC1=O,0.2140928986548478,XGBoost,CAT-Solv-47,42,NMP
28006,CN1CCCC1=O,0.2523157500854973,XGBoost,CAT-Solv-47,42,NMP
28007,CN1CCCC1=O,0.2890448643259455,XGBoost,CAT-Solv-47,42,NMP
28046,CS(C)=O,0.0085157240372181,XGBoost,CAT-Solv-47,42,DMSO
28047,CS(C)=O,0.020085453386216,XGBoost,CAT-Solv-47,42,DMSO
28048,CS(C)=O,0.0734503843206469,XGBoost,CAT-Solv-47,42,DMSO
28049,CS(C)=O,0.0796650784935501,XGBoost,CAT-Solv-47,42,DMSO
28050,CS(C)=O,0.1341745666745931,XGBoost,CAT-Solv-47,42,DMSO
28051,CS(C)=O,0.1428215400522732,XGBoost,CAT-Solv-47,42,DMSO
28052,CS(C)=O,0.1972632932149582,XGBoost,CAT-Solv-47,42,DMSO
28053,CS(C)=O,0.2057758501789234,XGBoost,CAT-Solv-47,42,DMSO
28054,CS(C)=O,0.2561094922313931,XGBoost,CAT-Solv-47,42,DMSO
28055,CS(C)=O,0.2666859780919022,XGBoost,CAT-Solv-47,42,DMSO
28056,CS(C)=O,0.3159490995762857,XGBoost,CAT-Solv-47,42,DMSO
28057,CS(C)=O,0.3284702173240881,XGBoost,CAT-Solv-47,42,DMSO
28058,CS(C)=O,0.3747757857056316,XGBoost,CAT-Solv-47,42,DMSO
28059,CS(C)=O,0.3915274353072979,XGBoost,CAT-Solv-47,42,DMSO
28060,CS(C)=O,0.429371039058094,XGBoost,CAT-Solv-47,42,DMSO
28061,CS(C)=O,0.4542315785720812,XGBoost,CAT-Solv-47,42,DMSO
28143,CS(C)=O,0.0846190583343775,XGBoost,CAT-Solv-47,42,DMSO
28144,CS(C)=O,0.1817102459703896,XGBoost,CAT-Solv-47,42,DMSO
28145,CS(C)=O,0.2089108675278845,XGBoost,CAT-Solv-47,42,DMSO
28146,CS(C)=O,0.2562802836956914,XGBoost,CAT-Solv-47,42,DMSO
28147,CS(C)=O,0.2770577750574003,XGBoost,CAT-Solv-47,42,DMSO
28148,CS(C)=O,0.286745460329699,XGBoost,CAT-Solv-47,42,DMSO
28149,CS(C)=O,0.3473522189813607,XGBoost,CAT-Solv-47,42,DMSO
28157,OCCO,-1.549685214892465,XGBoost,CAT-Solv-47,42,Ethylene glycol
28158,OCCO,-1.3520988320274374,XGBoost,CAT-Solv-47,42,Ethylene glycol
28159,OCCO,-1.286849882353735,XGBoost,CAT-Solv-47,42,Ethylene glycol
28160,OCCO,-1.1060311682496429,XGBoost,CAT-Solv-47,42,Ethylene glycol
28161,OCCO,-1.099543787056026,XGBoost,CAT-Solv-47,42,Ethylene glycol
28162,OCCO,-1.0291083466755344,XGBoost,CAT-Solv-47,42,Ethylene glycol
28163,OCCO,-0.7998741226299243,XGBoost,CAT-Solv-47,42,Ethylene glycol
28164,C1CCCCC1,-4.803195926969383,XGBoost,CAT-Solv-47,42,Cyclohexane
28165,C1CCCCC1,-4.585080570993639,XGBoost,CAT-Solv-47,42,Cyclohexane
28166,C1CCCCC1,-4.386887030305485,XGBoost,CAT-Solv-47,42,Cyclohexane
28167,C1CCCCC1,-4.233642099361516,XGBoost,CAT-Solv-47,42,Cyclohexane
28168,C1CCCCC1,-4.078751486343006,XGBoost,CAT-Solv-47,42,Cyclohexane
28723,OCCO,-0.4145953148942399,XGBoost,CAT-Solv-47,42,Ethylene glycol
28724,OCCO,-0.3604648302243106,XGBoost,CAT-Solv-47,42,Ethylene glycol
28725,OCCO,-0.2973788247681648,XGBoost,CAT-Solv-47,42,Ethylene glycol
28726,OCCO,-0.242822412111826,XGBoost,CAT-Solv-47,42,Ethylene glycol
28727,OCCO,-0.1898918333765534,XGBoost,CAT-Solv-47,42,Ethylene glycol
28728,OCCO,-0.1407793249507241,XGBoost,CAT-Solv-47,42,Ethylene glycol
28729,OCCO,-0.0908310262926161,XGBoost,CAT-Solv-47,42,Ethylene glycol
28730,OCCO,-0.0465388927924622,XGBoost,CAT-Solv-47,42,Ethylene glycol
28731,OCCO,-0.0014954444019516,XGBoost,CAT-Solv-47,42,Ethylene glycol
28732,OCCO,0.0482413489902208,XGBoost,CAT-Solv-47,42,Ethylene glycol
28898,OCCO,-1.630685272397702,XGBoost,CAT-Solv-47,42,Ethylene glycol
28899,OCCO,-1.5631164599052414,XGBoost,CAT-Solv-47,42,Ethylene glycol
28900,OCCO,-1.5032993692465175,XGBoost,CAT-Solv-47,42,Ethylene glycol
28901,OCCO,-1.4453580565619542,XGBoost,CAT-Solv-47,42,Ethylene glycol
28902,OCCO,-1.385650396275658,XGBoost,CAT-Solv-47,42,Ethylene glycol
29010,OCCO,-1.180007658693493,XGBoost,CAT-Solv-47,42,Ethylene glycol
29011,OCCO,-1.05158761530205,XGBoost,CAT-Solv-47,42,Ethylene glycol
29012,OCCO,-0.942129461494444,XGBoost,CAT-Solv-47,42,Ethylene glycol
29013,OCCO,-0.8419383621977946,XGBoost,CAT-Solv-47,42,Ethylene glycol
29014,OCCO,-0.7541442854109104,XGBoost,CAT-Solv-47,42,Ethylene glycol
29015,OCCO,-0.6753321592118153,XGBoost,CAT-Solv-47,42,Ethylene glycol
29016,OCCO,-0.6064111254033546,XGBoost,CAT-Solv-47,42,Ethylene glycol
29017,OCCO,-0.5495872093933747,XGBoost,CAT-Solv-47,42,Ethylene glycol
29018,OCCO,-0.4871139664831625,XGBoost,CAT-Solv-47,42,Ethylene glycol
29019,OCCO,-0.4225513620164711,XGBoost,CAT-Solv-47,42,Ethylene glycol
29242,C1CCCCC1,0.2096296354940691,XGBoost,CAT-Solv-47,42,Cyclohexane
29243,C1CCCCC1,0.4548423032882923,XGBoost,CAT-Solv-47,42,Cyclohexane
29244,C1CCCCC1,0.7233188410855874,XGBoost,CAT-Solv-47,42,Cyclohexane
29245,C1CCCCC1,0.9175969189140534,XGBoost,CAT-Solv-47,42,Cyclohexane
29246,C1CCCCC1,1.1459791193403326,XGBoost,CAT-Solv-47,42,Cyclohexane
29247,C1CCCCC1,1.2880263962198526,XGBoost,CAT-Solv-47,42,Cyclohexane
29457,C1CCCCC1,-3.272673684981185,XGBoost,CAT-Solv-47,42,Cyclohexane
29458,C1CCCCC1,-3.167794546844335,XGBoost,CAT-Solv-47,42,Cyclohexane
29459,C1CCCCC1,-3.0746761122497603,XGBoost,CAT-Solv-47,42,Cyclohexane
29460,C1CCCCC1,-2.991020731986366,XGBoost,CAT-Solv-47,42,Cyclohexane
29461,C1CCCCC1,-2.902279764398491,XGBoost,CAT-Solv-47,42,Cyclohexane
29462,C1CCCCC1,-2.8268405220705892,XGBoost,CAT-Solv-47,42,Cyclohexane
29463,C1CCCCC1,-2.7477341653518,XGBoost,CAT-Solv-47,42,Cyclohexane
29464,C1CCCCC1,-2.6723925953640135,XGBoost,CAT-Solv-47,42,Cyclohexane
29765,C1CCCCC1,-2.0539285466083412,XGBoost,CAT-Solv-47,42,Cyclohexane
29766,C1CCCCC1,-1.8614212619391055,XGBoost,CAT-Solv-47,42,Cyclohexane
29767,C1CCCCC1,-1.6969559785300457,XGBoost,CAT-Solv-47,42,Cyclohexane
29768,C1CCCCC1,-1.542979733391589,XGBoost,CAT-Solv-47,42,Cyclohexane
29769,C1CCCCC1,-1.3859291972075063,XGBoost,CAT-Solv-47,42,Cyclohexane
29770,C1CCCCC1,-1.2541984627210294,XGBoost,CAT-Solv-47,42,Cyclohexane
29945,CN1CCCC1=O,-2.0857973584648173,XGBoost,CAT-Solv-47,42,NMP
29946,CN1CCCC1=O,-2.0170216022444105,XGBoost,CAT-Solv-47,42,NMP
29947,CN1CCCC1=O,-1.9674188239115344,XGBoost,CAT-Solv-47,42,NMP
29948,CN1CCCC1=O,-1.898555697523069,XGBoost,CAT-Solv-47,42,NMP
29949,CN1CCCC1=O,-1.8337418004273136,XGBoost,CAT-Solv-47,42,NMP
29950,CN1CCCC1=O,-1.7765130923816552,XGBoost,CAT-Solv-47,42,NMP
29951,CN1CCCC1=O,-1.7154999647278708,XGBoost,CAT-Solv-47,42,NMP
29952,CN1CCCC1=O,-1.657847716024519,XGBoost,CAT-Solv-47,42,NMP
29953,CN1CCCC1=O,-1.591052169407028,XGBoost,CAT-Solv-47,42,NMP
29954,CN1CCCC1=O,-1.506297475123343,XGBoost,CAT-Solv-47,42,NMP
29955,CN1CCCC1=O,-1.4237380268681636,XGBoost,CAT-Solv-47,42,NMP
29967,CS(C)=O,-1.5700696056524417,XGBoost,CAT-Solv-47,42,DMSO
29968,CS(C)=O,-1.5078742102236138,XGBoost,CAT-Solv-47,42,DMSO
29969,CS(C)=O,-1.4370992136541352,XGBoost,CAT-Solv-47,42,DMSO
29970,CS(C)=O,-1.3747452861848664,XGBoost,CAT-Solv-47,42,DMSO
29971,CS(C)=O,-1.3039236548399884,XGBoost,CAT-Solv-47,42,DMSO
29972,CS(C)=O,-1.237312627068529,XGBoost,CAT-Solv-47,42,DMSO
29973,CS(C)=O,-1.1792997220338923,XGBoost,CAT-Solv-47,42,DMSO
29974,CS(C)=O,-1.124144609925213,XGBoost,CAT-Solv-47,42,DMSO
29975,CS(C)=O,-1.0674274511655293,XGBoost,CAT-Solv-47,42,DMSO
30047,CS(C)=O,-0.8811190288781761,XGBoost,CAT-Solv-47,42,DMSO
30048,CS(C)=O,-0.8122511668382647,XGBoost,CAT-Solv-47,42,DMSO
30049,CS(C)=O,-0.7704177889946923,XGBoost,CAT-Solv-47,42,DMSO
30050,CS(C)=O,-0.7103478024450801,XGBoost,CAT-Solv-47,42,DMSO
30051,CS(C)=O,-0.6573142064118376,XGBoost,CAT-Solv-47,42,DMSO
30052,CS(C)=O,-0.6092794043113448,XGBoost,CAT-Solv-47,42,DMSO
30053,CS(C)=O,-0.5658166699104603,XGBoost,CAT-Solv-47,42,DMSO
30162,CN1CCCC1=O,-0.4213067680481687,XGBoost,CAT-Solv-47,42,NMP
30163,CN1CCCC1=O,-0.3731983016904958,XGBoost,CAT-Solv-47,42,NMP
30164,CN1CCCC1=O,-0.3238506891346093,XGBoost,CAT-Solv-47,42,NMP
30165,CN1CCCC1=O,-0.2764965676008438,XGBoost,CAT-Solv-47,42,NMP
30166,CN1CCCC1=O,-0.2318675078744955,XGBoost,CAT-Solv-47,42,NMP
30167,CN1CCCC1=O,-0.1907773260065754,XGBoost,CAT-Solv-47,42,NMP
30168,CN1CCCC1=O,-0.1470179822667227,XGBoost,CAT-Solv-47,42,NMP
30169,CN1CCCC1=O,-0.1077907158088884,XGBoost,CAT-Solv-47,42,NMP
30170,CN1CCCC1=O,-0.0701349664960014,XGBoost,CAT-Solv-47,42,NMP
30171,CN1CCCC1=O,-0.0312369935967144,XGBoost,CAT-Solv-47,42,NMP
30181,OCCO,-2.638335791830814,XGBoost,CAT-Solv-47,42,Ethylene glycol
30182,OCCO,-2.510569289149347,XGBoost,CAT-Solv-47,42,Ethylene glycol
30183,OCCO,-2.3814280961387344,XGBoost,CAT-Solv-47,42,Ethylene glycol
30184,OCCO,-2.2634815451199906,XGBoost,CAT-Solv-47,42,Ethylene glycol
30185,OCCO,-2.147205594988058,XGBoost,CAT-Solv-47,42,Ethylene glycol
30186,OCCO,-2.0402356585964063,XGBoost,CAT-Solv-47,42,Ethylene glycol
30187,OCCO,-1.9396052465396203,XGBoost,CAT-Solv-47,42,Ethylene glycol
30188,OCCO,-1.8432514015621604,XGBoost,CAT-Solv-47,42,Ethylene glycol
30189,OCCO,-1.7490010103528466,XGBoost,CAT-Solv-47,42,Ethylene glycol
30190,OCCO,-1.6558210223374996,XGBoost,CAT-Solv-47,42,Ethylene glycol
30378,CCCOC(C)=O,-1.963260744400331,XGBoost,CAT-Solv-47,42,n-Pr acetate
30379,CCCOC(C)=O,-1.9463524441041504,XGBoost,CAT-Solv-47,42,n-Pr acetate
30380,CCCOC(C)=O,-1.898586343600031,XGBoost,CAT-Solv-47,42,n-Pr acetate
30381,CCCOC(C)=O,-1.7862982061948038,XGBoost,CAT-Solv-47,42,n-Pr acetate
30382,CCCOC(C)=O,-1.6951649473762291,XGBoost,CAT-Solv-47,42,n-Pr acetate
30383,CCCOC(C)=O,-1.60192270388826,XGBoost,CAT-Solv-47,42,n-Pr acetate
30384,CCCOC(C)=O,-1.5135668204602717,XGBoost,CAT-Solv-47,42,n-Pr acetate
30385,CCCOC(C)=O,-1.414678920863367,XGBoost,CAT-Solv-47,42,n-Pr acetate
30386,CCCOC(C)=O,-1.3420362448306105,XGBoost,CAT-Solv-47,42,n-Pr acetate
30640,CCCOC(C)=O,-3.213097165317233,XGBoost,CAT-Solv-47,42,n-Pr acetate
30641,CCCOC(C)=O,-2.928730730645489,XGBoost,CAT-Solv-47,42,n-Pr acetate
30642,CCCOC(C)=O,-2.676495599098557,XGBoost,CAT-Solv-47,42,n-Pr acetate
30643,CCCOC(C)=O,-2.445355575999925,XGBoost,CAT-Solv-47,42,n-Pr acetate
30644,CCCOC(C)=O,-2.244274631830257,XGBoost,CAT-Solv-47,42,n-Pr acetate
30645,CCCOC(C)=O,-2.0613247137643143,XGBoost,CAT-Solv-47,42,n-Pr acetate
30646,CCCOC(C)=O,-1.894012857664388,XGBoost,CAT-Solv-47,42,n-Pr acetate
30647,CCCOC(C)=O,-1.7669903223528125,XGBoost,CAT-Solv-47,42,n-Pr acetate
30648,CCCOC(C)=O,-1.6370260242396548,XGBoost,CAT-Solv-47,42,n-Pr acetate
30784,OCCO,-3.0233300131050584,XGBoost,CAT-Solv-47,42,Ethylene glycol
30785,OCCO,-2.902803203888983,XGBoost,CAT-Solv-47,42,Ethylene glycol
30786,OCCO,-2.7856254652717256,XGBoost,CAT-Solv-47,42,Ethylene glycol
30787,OCCO,-2.6990939861132004,XGBoost,CAT-Solv-47,42,Ethylene glycol
30788,OCCO,-2.603599720960045,XGBoost,CAT-Solv-47,42,Ethylene glycol
31008,CCCOC(C)=O,-1.8278894650333537,XGBoost,CAT-Solv-47,42,n-Pr acetate
31009,CCCOC(C)=O,-1.619558365320804,XGBoost,CAT-Solv-47,42,n-Pr acetate
31010,CCCOC(C)=O,-1.444040281567034,XGBoost,CAT-Solv-47,42,n-Pr acetate
31011,CCCOC(C)=O,-1.2557440581371562,XGBoost,CAT-Solv-47,42,n-Pr acetate
31012,CCCOC(C)=O,-1.0084014139450936,XGBoost,CAT-Solv-47,42,n-Pr acetate
31116,CCCOC(C)=O,-0.9729345905244682,XGBoost,CAT-Solv-47,42,n-Pr acetate
31117,CCCOC(C)=O,-0.8899570011171274,XGBoost,CAT-Solv-47,42,n-Pr acetate
31118,CCCOC(C)=O,-0.8121827086151142,XGBoost,CAT-Solv-47,42,n-Pr acetate
31119,CCCOC(C)=O,-0.7351960556656855,XGBoost,CAT-Solv-47,42,n-Pr acetate
31120,CCCOC(C)=O,-0.6602973661788216,XGBoost,CAT-Solv-47,42,n-Pr acetate
31121,CCCOC(C)=O,-0.5846962402908071,XGBoost,CAT-Solv-47,42,n-Pr acetate
31122,CCCOC(C)=O,-0.4947131700623822,XGBoost,CAT-Solv-47,42,n-Pr acetate
31123,CCCOC(C)=O,-0.4368626590780619,XGBoost,CAT-Solv-47,42,n-Pr acetate
31124,CCCOC(C)=O,-0.3591364861195075,XGBoost,CAT-Solv-47,42,n-Pr acetate
31248,CN1CCCC1=O,-1.2318402948652178,XGBoost,CAT-Solv-47,42,NMP
31249,CN1CCCC1=O,-1.2201723047065458,XGBoost,CAT-Solv-47,42,NMP
31250,CN1CCCC1=O,-1.1994964158867476,XGBoost,CAT-Solv-47,42,NMP
31251,CN1CCCC1=O,-1.1827075878001525,XGBoost,CAT-Solv-47,42,NMP
31252,CN1CCCC1=O,-1.1599610719521232,XGBoost,CAT-Solv-47,42,NMP
31253,CN1CCCC1=O,-1.1490578757096666,XGBoost,CAT-Solv-47,42,NMP
31254,CN1CCCC1=O,-1.1187062742512976,XGBoost,CAT-Solv-47,42,NMP
31255,CN1CCCC1=O,-1.085449502455441,XGBoost,CAT-Solv-47,42,NMP
31256,CN1CCCC1=O,-1.0552016292021296,XGBoost,CAT-Solv-47,42,NMP
31257,CN1CCCC1=O,-1.0340571259457851,XGBoost,CAT-Solv-47,42,NMP
31258,CN1CCCC1=O,-0.9852796193340304,XGBoost,CAT-Solv-47,42,NMP
31259,CN1CCCC1=O,-0.9418898160096282,XGBoost,CAT-Solv-47,42,NMP
31260,CN1CCCC1=O,-0.9053010978680848,XGBoost,CAT-Solv-47,42,NMP
31261,CN1CCCC1=O,-0.8837900720017171,XGBoost,CAT-Solv-47,42,NMP
31262,CN1CCCC1=O,-0.8038655608221765,XGBoost,CAT-Solv-47,42,NMP
31263,CN1CCCC1=O,-0.7871047467863811,XGBoost,CAT-Solv-47,42,NMP
31264,CN1CCCC1=O,-0.7232926202771262,XGBoost,CAT-Solv-47,42,NMP
31265,CN1CCCC1=O,-0.6146548068959594,XGBoost,CAT-Solv-47,42,NMP
31266,CN1CCCC1=O,-0.582792517000279,XGBoost,CAT-Solv-47,42,NMP
31267,CN1CCCC1=O,-0.5416550340649765,XGBoost,CAT-Solv-47,42,NMP
31268,CN1CCCC1=O,-0.5024163801069086,XGBoost,CAT-Solv-47,42,NMP
31269,CN1CCCC1=O,-0.4384879978172679,XGBoost,CAT-Solv-47,42,NMP
31270,CN1CCCC1=O,-0.4165924518080424,XGBoost,CAT-Solv-47,42,NMP
31271,CS(C)=O,-2.0275622254304104,XGBoost,CAT-Solv-47,42,DMSO
31272,CS(C)=O,-1.805158441254348,XGBoost,CAT-Solv-47,42,DMSO
31273,CS(C)=O,-1.606004911423002,XGBoost,CAT-Solv-47,42,DMSO
31274,CS(C)=O,-1.4279427789660375,XGBoost,CAT-Solv-47,42,DMSO
31275,CS(C)=O,-1.1380550833897296,XGBoost,CAT-Solv-47,42,DMSO
31276,CS(C)=O,-1.0092951715620624,XGBoost,CAT-Solv-47,42,DMSO
31277,CS(C)=O,-0.8927995673292632,XGBoost,CAT-Solv-47,42,DMSO
31278,CS(C)=O,-0.8337228843495672,XGBoost,CAT-Solv-47,42,DMSO
31279,CS(C)=O,-0.6793462835057916,XGBoost,CAT-Solv-47,42,DMSO
31280,CS(C)=O,-0.6701984788649915,XGBoost,CAT-Solv-47,42,DMSO
31281,CS(C)=O,-0.5216812215318355,XGBoost,CAT-Solv-47,42,DMSO
31282,CS(C)=O,-0.3272316055963391,XGBoost,CAT-Solv-47,42,DMSO
31283,CS(C)=O,-0.1998446732095062,XGBoost,CAT-Solv-47,42,DMSO
31284,CS(C)=O,-0.0280936094068377,XGBoost,CAT-Solv-47,42,DMSO
31383,CS(C)=O,-0.60383948966906,XGBoost,CAT-Solv-47,42,DMSO
31384,CS(C)=O,-0.5318295260886714,XGBoost,CAT-Solv-47,42,DMSO
31385,CS(C)=O,-0.4111315004867311,XGBoost,CAT-Solv-47,42,DMSO
31386,CS(C)=O,-0.3341734348583635,XGBoost,CAT-Solv-47,42,DMSO
31387,CS(C)=O,-0.2012294879956334,XGBoost,CAT-Solv-47,42,DMSO
31388,CS(C)=O,-0.1369010026749303,XGBoost,CAT-Solv-47,42,DMSO
31389,CS(C)=O,-0.0158338809104672,XGBoost,CAT-Solv-47,42,DMSO
31853,CN1CCCC1=O,-0.4522460823946249,XGBoost,CAT-Solv-47,42,NMP
31854,CN1CCCC1=O,-0.4270291953833233,XGBoost,CAT-Solv-47,42,NMP
31855,CN1CCCC1=O,-0.3965416958674867,XGBoost,CAT-Solv-47,42,NMP
31856,CN1CCCC1=O,-0.3685555948626053,XGBoost,CAT-Solv-47,42,NMP
31857,CN1CCCC1=O,-0.3405074266378903,XGBoost,CAT-Solv-47,42,NMP
31858,CN1CCCC1=O,-0.3371946311785285,XGBoost,CAT-Solv-47,42,NMP
31859,CN1CCCC1=O,-0.3106419444871598,XGBoost,CAT-Solv-47,42,NMP
31860,CN1CCCC1=O,-0.3124172934107671,XGBoost,CAT-Solv-47,42,NMP
31861,CN1CCCC1=O,-0.2844788473505013,XGBoost,CAT-Solv-47,42,NMP
31862,CN1CCCC1=O,-0.286152036587524,XGBoost,CAT-Solv-47,42,NMP
31863,CN1CCCC1=O,-0.2569506832496055,XGBoost,CAT-Solv-47,42,NMP
31864,CN1CCCC1=O,-0.2581687481467877,XGBoost,CAT-Solv-47,42,NMP
31865,CN1CCCC1=O,-0.2333593699695112,XGBoost,CAT-Solv-47,42,NMP
31866,CN1CCCC1=O,-0.2339342001208064,XGBoost,CAT-Solv-47,42,NMP
31867,CN1CCCC1=O,-0.2116077800972391,XGBoost,CAT-Solv-47,42,NMP
31868,CN1CCCC1=O,-0.2094338163165292,XGBoost,CAT-Solv-47,42,NMP
31869,CN1CCCC1=O,-0.1885663137771208,XGBoost,CAT-Solv-47,42,NMP
31870,CN1CCCC1=O,-0.1678884848129793,XGBoost,CAT-Solv-47,42,NMP
31871,CN1CCCC1=O,-0.144948205169563,XGBoost,CAT-Solv-47,42,NMP
31872,CN1CCCC1=O,-0.1209528784210618,XGBoost,CAT-Solv-47,42,NMP
31873,CN1CCCC1=O,-0.0883043824189327,XGBoost,CAT-Solv-47,42,NMP
31874,CN1CCCC1=O,-0.067580746238739,XGBoost,CAT-Solv-47,42,NMP
31875,CN1CCCC1=O,-0.0494940770671967,XGBoost,CAT-Solv-47,42,NMP
31886,CS(C)=O,-0.6218483795782919,XGBoost,CAT-Solv-47,42,DMSO
31887,CS(C)=O,-0.5779450139513437,XGBoost,CAT-Solv-47,42,DMSO
31888,CS(C)=O,-0.5387058206595934,XGBoost,CAT-Solv-47,42,DMSO
31889,CS(C)=O,-0.5108845934440264,XGBoost,CAT-Solv-47,42,DMSO
31890,CS(C)=O,-0.471105509619058,XGBoost,CAT-Solv-47,42,DMSO
31891,CS(C)=O,-0.4359754779432975,XGBoost,CAT-Solv-47,42,DMSO
31892,CS(C)=O,-0.40214487926199,XGBoost,CAT-Solv-47,42,DMSO
31893,CS(C)=O,-0.3736901462940882,XGBoost,CAT-Solv-47,42,DMSO
31894,CS(C)=O,-0.344128145607125,XGBoost,CAT-Solv-47,42,DMSO
31895,CS(C)=O,-0.3175462782727327,XGBoost,CAT-Solv-47,42,DMSO
31896,CS(C)=O,-0.2902697779223517,XGBoost,CAT-Solv-47,42,DMSO
31897,CS(C)=O,-0.2630044127526689,XGBoost,CAT-Solv-47,42,DMSO
31898,CS(C)=O,-0.241054755018965,XGBoost,CAT-Solv-47,42,DMSO
32324,C1CCCCC1,-4.908590793087256,XGBoost,CAT-Solv-47,42,Cyclohexane
32325,C1CCCCC1,-4.78553448744238,XGBoost,CAT-Solv-47,42,Cyclohexane
32326,C1CCCCC1,-4.708928904865915,XGBoost,CAT-Solv-47,42,Cyclohexane
32327,C1CCCCC1,-4.635815932757413,XGBoost,CAT-Solv-47,42,Cyclohexane
32328,C1CCCCC1,-4.545028879986931,XGBoost,CAT-Solv-47,42,Cyclohexane
32329,C1CCCCC1,-4.48275576974469,XGBoost,CAT-Solv-47,42,Cyclohexane
32330,C1CCCCC1,-4.377111618253084,XGBoost,CAT-Solv-47,42,Cyclohexane
32331,C1CCCCC1,-4.289370616897209,XGBoost,CAT-Solv-47,42,Cyclohexane
32604,CS(C)=O,-0.6228085055907078,XGBoost,CAT-Solv-47,42,DMSO
32605,CS(C)=O,-0.514456857924893,XGBoost,CAT-Solv-47,42,DMSO
32606,CS(C)=O,-0.4814139278947287,XGBoost,CAT-Solv-47,42,DMSO
32607,CS(C)=O,-0.42418672528759,XGBoost,CAT-Solv-47,42,DMSO
32608,CS(C)=O,-0.4086927946550427,XGBoost,CAT-Solv-47,42,DMSO
32609,CS(C)=O,-0.3350086011978497,XGBoost,CAT-Solv-47,42,DMSO
32610,CS(C)=O,-0.3268806865709239,XGBoost,CAT-Solv-47,42,DMSO
32611,CS(C)=O,-0.252177634129764,XGBoost,CAT-Solv-47,42,DMSO
32612,CS(C)=O,-0.2532296385851868,XGBoost,CAT-Solv-47,42,DMSO
32613,CS(C)=O,-0.1781355855877308,XGBoost,CAT-Solv-47,42,DMSO
32614,CS(C)=O,-0.1993050995940115,XGBoost,CAT-Solv-47,42,DMSO
32615,OCCO,-1.8930591726925488,XGBoost,CAT-Solv-47,42,Ethylene glycol
32616,OCCO,-1.8152023446157832,XGBoost,CAT-Solv-47,42,Ethylene glycol
32617,OCCO,-1.7371686505759625,XGBoost,CAT-Solv-47,42,Ethylene glycol
32618,OCCO,-1.6721461984339103,XGBoost,CAT-Solv-47,42,Ethylene glycol
32619,OCCO,-1.606512416959405,XGBoost,CAT-Solv-47,42,Ethylene glycol
32960,CS(C)=O,-0.6127405615233579,XGBoost,CAT-Solv-47,42,DMSO
32961,CS(C)=O,-0.620559925000271,XGBoost,CAT-Solv-47,42,DMSO
32962,CS(C)=O,-0.5823249742347638,XGBoost,CAT-Solv-47,42,DMSO
32963,CS(C)=O,-0.5871598873041282,XGBoost,CAT-Solv-47,42,DMSO
32964,CS(C)=O,-0.5474142757370334,XGBoost,CAT-Solv-47,42,DMSO
32965,CS(C)=O,-0.5518677036235995,XGBoost,CAT-Solv-47,42,DMSO
32966,CS(C)=O,-0.5194339194012989,XGBoost,CAT-Solv-47,42,DMSO
32967,CS(C)=O,-0.5236005810775703,XGBoost,CAT-Solv-47,42,DMSO
32968,CS(C)=O,-0.489412795829653,XGBoost,CAT-Solv-47,42,DMSO
32969,CS(C)=O,-0.4913495990731203,XGBoost,CAT-Solv-47,42,DMSO
32970,OCCO,-0.8555134246631567,XGBoost,CAT-Solv-47,42,Ethylene glycol
32971,OCCO,-0.811264784634249,XGBoost,CAT-Solv-47,42,Ethylene glycol
32972,OCCO,-0.7713152308096489,XGBoost,CAT-Solv-47,42,Ethylene glycol
32973,OCCO,-0.7260234577649719,XGBoost,CAT-Solv-47,42,Ethylene glycol
32974,OCCO,-0.6799166795074103,XGBoost,CAT-Solv-47,42,Ethylene glycol
32985,C1CCCCC1,-2.960336618971378,XGBoost,CAT-Solv-47,42,Cyclohexane
32986,C1CCCCC1,-2.8351812696232885,XGBoost,CAT-Solv-47,42,Cyclohexane
32987,C1CCCCC1,-2.7261728185245553,XGBoost,CAT-Solv-47,42,Cyclohexane
32988,C1CCCCC1,-2.481141531846008,XGBoost,CAT-Solv-47,42,Cyclohexane
32989,C1CCCCC1,-2.313734641274831,XGBoost,CAT-Solv-47,42,Cyclohexane
32990,C1CCCCC1,-2.191414753171895,XGBoost,CAT-Solv-47,42,Cyclohexane
32991,C1CCCCC1,-2.062703591825413,XGBoost,CAT-Solv-47,42,Cyclohexane
32992,C1CCCCC1,-1.9320670772888855,XGBoost,CAT-Solv-47,42,Cyclohexane
32993,C1CCCCC1,-1.7706927289223815,XGBoost,CAT-Solv-47,42,Cyclohexane
33117,CS(C)=O,-0.7404225138890344,XGBoost,CAT-Solv-47,42,DMSO
33118,CS(C)=O,-0.7322101008427585,XGBoost,CAT-Solv-47,42,DMSO
33119,CS(C)=O,-0.7342200490259259,XGBoost,CAT-Solv-47,42,DMSO
33120,CS(C)=O,-0.7328976909384187,XGBoost,CAT-Solv-47,42,DMSO
33121,CS(C)=O,-0.7058598220870789,XGBoost,CAT-Solv-47,42,DMSO
33122,CS(C)=O,-0.6747709835290748,XGBoost,CAT-Solv-47,42,DMSO
33475,CS(C)=O,0.3564934215060673,XGBoost,CAT-Solv-47,42,DMSO
33476,CS(C)=O,0.4310111695309984,XGBoost,CAT-Solv-47,42,DMSO
33477,CS(C)=O,0.5041151242635588,XGBoost,CAT-Solv-47,42,DMSO
33478,CS(C)=O,0.5762169882781643,XGBoost,CAT-Solv-47,42,DMSO
33479,CS(C)=O,0.6452888772347024,XGBoost,CAT-Solv-47,42,DMSO
33480,CS(C)=O,0.714219793803934,XGBoost,CAT-Solv-47,42,DMSO
33481,CS(C)=O,0.7814850817719147,XGBoost,CAT-Solv-47,42,DMSO
33482,CS(C)=O,0.8488356386596396,XGBoost,CAT-Solv-47,42,DMSO
33483,CS(C)=O,0.9162009032469888,XGBoost,CAT-Solv-47,42,DMSO
33484,CS(C)=O,0.9845290540436392,XGBoost,CAT-Solv-47,42,DMSO
33594,CS(C)=O,0.3831409667329168,XGBoost,CAT-Solv-47,42,DMSO
33595,CS(C)=O,0.3865947837805211,XGBoost,CAT-Solv-47,42,DMSO
33596,CS(C)=O,0.3880484608023338,XGBoost,CAT-Solv-47,42,DMSO
33597,CS(C)=O,0.3914640858160361,XGBoost,CAT-Solv-47,42,DMSO
33598,CS(C)=O,0.396229539979539,XGBoost,CAT-Solv-47,42,DMSO
33599,CS(C)=O,0.3995898247783722,XGBoost,CAT-Solv-47,42,DMSO
33600,CS(C)=O,0.404232507894029,XGBoost,CAT-Solv-47,42,DMSO
33601,CS(C)=O,0.4075396704022363,XGBoost,CAT-Solv-47,42,DMSO
33602,CS(C)=O,0.4120989273263004,XGBoost,CAT-Solv-47,42,DMSO
33603,CS(C)=O,0.4153550603940665,XGBoost,CAT-Solv-47,42,DMSO
33604,OCCO,-0.9742069630787034,XGBoost,CAT-Solv-47,42,Ethylene glycol
33605,OCCO,-0.977178833232269,XGBoost,CAT-Solv-47,42,Ethylene glycol
33606,OCCO,-0.9246021649606354,XGBoost,CAT-Solv-47,42,Ethylene glycol
33607,OCCO,-0.926584873417653,XGBoost,CAT-Solv-47,42,Ethylene glycol
33608,OCCO,-0.872075690482341,XGBoost,CAT-Solv-47,42,Ethylene glycol
33609,OCCO,-0.8732441074474878,XGBoost,CAT-Solv-47,42,Ethylene glycol
33610,OCCO,-0.8197025848413848,XGBoost,CAT-Solv-47,42,Ethylene glycol
33611,OCCO,-0.8222927623610061,XGBoost,CAT-Solv-47,42,Ethylene glycol
33612,OCCO,-0.7759842159353999,XGBoost,CAT-Solv-47,42,Ethylene glycol
33613,OCCO,-0.7787914974437071,XGBoost,CAT-Solv-47,42,Ethylene glycol
33659,CS(C)=O,-0.1087948364317473,XGBoost,CAT-Solv-47,42,DMSO
33660,CS(C)=O,-0.0894723868982641,XGBoost,CAT-Solv-47,42,DMSO
33661,CS(C)=O,-0.0678611516598274,XGBoost,CAT-Solv-47,42,DMSO
33662,CS(C)=O,-0.0450692608285251,XGBoost,CAT-Solv-47,42,DMSO
33663,CS(C)=O,-0.0213129553194615,XGBoost,CAT-Solv-47,42,DMSO
33664,OCCO,-0.4226212551613989,XGBoost,CAT-Solv-47,42,Ethylene glycol
33665,OCCO,-0.399001561143555,XGBoost,CAT-Solv-47,42,Ethylene glycol
33666,OCCO,-0.3690578144794507,XGBoost,CAT-Solv-47,42,Ethylene glycol
33667,OCCO,-0.3393638905333677,XGBoost,CAT-Solv-47,42,Ethylene glycol
33668,OCCO,-0.3083478034367815,XGBoost,CAT-Solv-47,42,Ethylene glycol
33757,OCCO,-0.8304636565842825,XGBoost,CAT-Solv-47,42,Ethylene glycol
33758,OCCO,-0.7625774797358157,XGBoost,CAT-Solv-47,42,Ethylene glycol
33759,OCCO,-0.6882533361181278,XGBoost,CAT-Solv-47,42,Ethylene glycol
33760,OCCO,-0.6484338031887874,XGBoost,CAT-Solv-47,42,Ethylene glycol
33761,OCCO,-0.5785663266146647,XGBoost,CAT-Solv-47,42,Ethylene glycol
33762,OCCO,-0.512770995431204,XGBoost,CAT-Solv-47,42,Ethylene glycol
33763,OCCO,-0.4345213856591983,XGBoost,CAT-Solv-47,42,Ethylene glycol
33764,OCCO,-0.3723862460893904,XGBoost,CAT-Solv-47,42,Ethylene glycol
33765,OCCO,-0.3128605631830707,XGBoost,CAT-Solv-47,42,Ethylene glycol
34028,C1CCCCC1,-2.9043374322275555,XGBoost,CAT-Solv-47,42,Cyclohexane
34029,C1CCCCC1,-2.637115516964867,XGBoost,CAT-Solv-47,42,Cyclohexane
34030,C1CCCCC1,-2.3783261312003856,XGBoost,CAT-Solv-47,42,Cyclohexane
34031,C1CCCCC1,-2.1256274944134854,XGBoost,CAT-Solv-47,42,Cyclohexane
34032,C1CCCCC1,-1.8505874312741328,XGBoost,CAT-Solv-47,42,Cyclohexane
34033,C1CCCCC1,-1.6382238382898895,XGBoost,CAT-Solv-47,42,Cyclohexane
34034,C1CCCCC1,-1.418681911463143,XGBoost,CAT-Solv-47,42,Cyclohexane
34035,C1CCCCC1,-1.2173368587474522,XGBoost,CAT-Solv-47,42,Cyclohexane
34036,C1CCCCC1,-1.003049117445424,XGBoost,CAT-Solv-47,42,Cyclohexane
34932,CN1CCCC1=O,0.5608100421524211,XGBoost,CAT-Solv-47,42,NMP
34933,CN1CCCC1=O,0.593600800151125,XGBoost,CAT-Solv-47,42,NMP
34934,CN1CCCC1=O,0.6251657183076919,XGBoost,CAT-Solv-47,42,NMP
34935,CN1CCCC1=O,0.6564474683416326,XGBoost,CAT-Solv-47,42,NMP
34936,CN1CCCC1=O,0.6906175622279888,XGBoost,CAT-Solv-47,42,NMP
34937,CN1CCCC1=O,0.7248520704612926,XGBoost,CAT-Solv-47,42,NMP
34938,CN1CCCC1=O,0.7609975083676462,XGBoost,CAT-Solv-47,42,NMP
34939,CN1CCCC1=O,0.7982122402272701,XGBoost,CAT-Solv-47,42,NMP
34940,CN1CCCC1=O,0.8364411849171186,XGBoost,CAT-Solv-47,42,NMP
34941,CN1CCCC1=O,0.8765891289949844,XGBoost,CAT-Solv-47,42,NMP
34952,CS(C)=O,0.6359155258445176,XGBoost,CAT-Solv-47,42,DMSO
34953,CS(C)=O,0.6664025967305238,XGBoost,CAT-Solv-47,42,DMSO
34954,CS(C)=O,0.6997413507555235,XGBoost,CAT-Solv-47,42,DMSO
34955,CS(C)=O,0.734974166287386,XGBoost,CAT-Solv-47,42,DMSO
34956,CS(C)=O,0.7731942684337938,XGBoost,CAT-Solv-47,42,DMSO
34957,CS(C)=O,0.813189918500286,XGBoost,CAT-Solv-47,42,DMSO
34958,CS(C)=O,0.8558105963297148,XGBoost,CAT-Solv-47,42,DMSO
34959,OCCO,-1.511025655486517,XGBoost,CAT-Solv-47,42,Ethylene glycol
34960,OCCO,-1.439274236323226,XGBoost,CAT-Solv-47,42,Ethylene glycol
34961,OCCO,-1.3578868402081772,XGBoost,CAT-Solv-47,42,Ethylene glycol
34962,OCCO,-1.291407149715801,XGBoost,CAT-Solv-47,42,Ethylene glycol
34963,OCCO,-1.207930108660405,XGBoost,CAT-Solv-47,42,Ethylene glycol
34964,OCCO,-1.1196906212372364,XGBoost,CAT-Solv-47,42,Ethylene glycol
34965,OCCO,-1.0262182016277916,XGBoost,CAT-Solv-47,42,Ethylene glycol
34966,OCCO,-0.9407844552467196,XGBoost,CAT-Solv-47,42,Ethylene glycol
34967,OCCO,-0.8487198807566873,XGBoost,CAT-Solv-47,42,Ethylene glycol
34968,OCCO,-0.7622620335428064,XGBoost,CAT-Solv-47,42,Ethylene glycol
35019,OCCO,-1.5052657043181896,XGBoost,CAT-Solv-47,42,Ethylene glycol
35020,OCCO,-1.4393251466291035,XGBoost,CAT-Solv-47,42,Ethylene glycol
35021,OCCO,-1.3610399695387347,XGBoost,CAT-Solv-47,42,Ethylene glycol
35022,OCCO,-1.2694933019244694,XGBoost,CAT-Solv-47,42,Ethylene glycol
35023,OCCO,-1.1882397223078465,XGBoost,CAT-Solv-47,42,Ethylene glycol
35024,OCCO,-1.1041473016069718,XGBoost,CAT-Solv-47,42,Ethylene glycol
35025,OCCO,-1.0258727335727684,XGBoost,CAT-Solv-47,42,Ethylene glycol
35026,OCCO,-0.9505738546547564,XGBoost,CAT-Solv-47,42,Ethylene glycol
35027,OCCO,-0.8789238095459573,XGBoost,CAT-Solv-47,42,Ethylene glycol
35028,OCCO,-0.8066329503570318,XGBoost,CAT-Solv-47,42,Ethylene glycol
35120,CCCOC(C)=O,-0.5085971410362848,XGBoost,CAT-Solv-47,42,n-Pr acetate
35121,CCCOC(C)=O,-0.4115938300090438,XGBoost,CAT-Solv-47,42,n-Pr acetate
35122,CCCOC(C)=O,-0.3389177340328022,XGBoost,CAT-Solv-47,42,n-Pr acetate
35123,CCCOC(C)=O,-0.261564929060237,XGBoost,CAT-Solv-47,42,n-Pr acetate
35124,CCCOC(C)=O,-0.1932965675062619,XGBoost,CAT-Solv-47,42,n-Pr acetate
35125,CCCOC(C)=O,-0.1173375203939901,XGBoost,CAT-Solv-47,42,n-Pr acetate
35126,CCCOC(C)=O,-0.0447508842540408,XGBoost,CAT-Solv-47,42,n-Pr acetate
35127,CCCOC(C)=O,0.0144207929598067,XGBoost,CAT-Solv-47,42,n-Pr acetate
35128,CCCOC(C)=O,0.0916303251899207,XGBoost,CAT-Solv-47,42,n-Pr acetate
35243,CN1CCCC1=O,-1.2145751430054703,XGBoost,CAT-Solv-47,42,NMP
35244,CN1CCCC1=O,-1.1620749380390392,XGBoost,CAT-Solv-47,42,NMP
35245,CN1CCCC1=O,-1.1025244918732178,XGBoost,CAT-Solv-47,42,NMP
35246,CN1CCCC1=O,-1.0534166739076665,XGBoost,CAT-Solv-47,42,NMP
35247,CN1CCCC1=O,-1.008720731646571,XGBoost,CAT-Solv-47,42,NMP
35248,CN1CCCC1=O,-0.9658327924961404,XGBoost,CAT-Solv-47,42,NMP
35249,CN1CCCC1=O,-0.9269368044285708,XGBoost,CAT-Solv-47,42,NMP
35250,CN1CCCC1=O,-0.8889643809428023,XGBoost,CAT-Solv-47,42,NMP
35251,CN1CCCC1=O,-0.8468367663660964,XGBoost,CAT-Solv-47,42,NMP
35314,CS(C)=O,-0.4354888632132337,XGBoost,CAT-Solv-47,42,DMSO
35315,CS(C)=O,-0.4037950529280644,XGBoost,CAT-Solv-47,42,DMSO
35316,CS(C)=O,-0.3698832486436769,XGBoost,CAT-Solv-47,42,DMSO
35317,CS(C)=O,-0.3385730595010516,XGBoost,CAT-Solv-47,42,DMSO
35318,CS(C)=O,-0.3017255706362546,XGBoost,CAT-Solv-47,42,DMSO
35319,OCCO,-2.1746417873942576,XGBoost,CAT-Solv-47,42,Ethylene glycol
35320,OCCO,-2.00452833360577,XGBoost,CAT-Solv-47,42,Ethylene glycol
35321,OCCO,-1.844848067172679,XGBoost,CAT-Solv-47,42,Ethylene glycol
35322,OCCO,-1.6906513443968392,XGBoost,CAT-Solv-47,42,Ethylene glycol
35323,OCCO,-1.59426056406011,XGBoost,CAT-Solv-47,42,Ethylene glycol
35901,CCCOC(C)=O,-0.4834412128975776,XGBoost,CAT-Solv-47,42,n-Pr acetate
35902,CCCOC(C)=O,-0.3782787361538569,XGBoost,CAT-Solv-47,42,n-Pr acetate
35903,CCCOC(C)=O,-0.2939963111922904,XGBoost,CAT-Solv-47,42,n-Pr acetate
35904,CCCOC(C)=O,-0.169631381998505,XGBoost,CAT-Solv-47,42,n-Pr acetate
35905,CCCOC(C)=O,-0.1073848831490137,XGBoost,CAT-Solv-47,42,n-Pr acetate
35906,CCCOC(C)=O,0.0101133149976568,XGBoost,CAT-Solv-47,42,n-Pr acetate
35907,CCCOC(C)=O,0.1067011640343148,XGBoost,CAT-Solv-47,42,n-Pr acetate
35908,CCCOC(C)=O,0.2135118824365725,XGBoost,CAT-Solv-47,42,n-Pr acetate
35909,CCCOC(C)=O,0.2925825860405004,XGBoost,CAT-Solv-47,42,n-Pr acetate
35955,OCCO,-0.5183075180520857,XGBoost,CAT-Solv-47,42,Ethylene glycol
35956,OCCO,-0.4611602427425747,XGBoost,CAT-Solv-47,42,Ethylene glycol
35957,OCCO,-0.3796936695765538,XGBoost,CAT-Solv-47,42,Ethylene glycol
35958,OCCO,-0.2858190345505366,XGBoost,CAT-Solv-47,42,Ethylene glycol
35959,OCCO,-0.1756537859821692,XGBoost,CAT-Solv-47,42,Ethylene glycol
35960,OCCO,-0.10582739631415,XGBoost,CAT-Solv-47,42,Ethylene glycol
35961,OCCO,-0.0280641196902545,XGBoost,CAT-Solv-47,42,Ethylene glycol
35962,OCCO,0.0795420101811388,XGBoost,CAT-Solv-47,42,Ethylene glycol
35963,OCCO,0.2024669043291943,XGBoost,CAT-Solv-47,42,Ethylene glycol
36211,CCCOC(C)=O,-1.1874103453928373,XGBoost,CAT-Solv-47,42,n-Pr acetate
36212,CCCOC(C)=O,-1.150168270618292,XGBoost,CAT-Solv-47,42,n-Pr acetate
36213,CCCOC(C)=O,-1.1073119993200289,XGBoost,CAT-Solv-47,42,n-Pr acetate
36214,CCCOC(C)=O,-1.043892601425574,XGBoost,CAT-Solv-47,42,n-Pr acetate
36215,CCCOC(C)=O,-0.9872462605692812,XGBoost,CAT-Solv-47,42,n-Pr acetate
36216,CCCOC(C)=O,-0.9300358808039624,XGBoost,CAT-Solv-47,42,n-Pr acetate
36217,CCCOC(C)=O,-0.874967385323923,XGBoost,CAT-Solv-47,42,n-Pr acetate
36218,CCCOC(C)=O,-0.8067697226099076,XGBoost,CAT-Solv-47,42,n-Pr acetate
36219,CCCOC(C)=O,-0.7483210123156924,XGBoost,CAT-Solv-47,42,n-Pr acetate
36220,CCCOC(C)=O,-0.695886169951028,XGBoost,CAT-Solv-47,42,n-Pr acetate
36311,OCCO,-1.4001813712528606,XGBoost,CAT-Solv-47,42,Ethylene glycol
36312,OCCO,-1.2782550549873564,XGBoost,CAT-Solv-47,42,Ethylene glycol
36313,OCCO,-1.1648301862249604,XGBoost,CAT-Solv-47,42,Ethylene glycol
36314,OCCO,-1.0828687056498068,XGBoost,CAT-Solv-47,42,Ethylene glycol
36315,OCCO,-1.0094342655572193,XGBoost,CAT-Solv-47,42,Ethylene glycol
36316,OCCO,-0.9353339844210036,XGBoost,CAT-Solv-47,42,Ethylene glycol
36317,OCCO,-0.8630874828182155,XGBoost,CAT-Solv-47,42,Ethylene glycol
36318,OCCO,-0.8024098604960893,XGBoost,CAT-Solv-47,42,Ethylene glycol
36319,OCCO,-0.7288477508849871,XGBoost,CAT-Solv-47,42,Ethylene glycol
36320,OCCO,-0.6498219877668199,XGBoost,CAT-Solv-47,42,Ethylene glycol
36348,CCCOC(C)=O,-1.0801021842952654,XGBoost,CAT-Solv-47,42,n-Pr acetate
36349,CCCOC(C)=O,-1.0112068727102903,XGBoost,CAT-Solv-47,42,n-Pr acetate
36350,CCCOC(C)=O,-0.9606135270530222,XGBoost,CAT-Solv-47,42,n-Pr acetate
36351,CCCOC(C)=O,-0.8832889717594431,XGBoost,CAT-Solv-47,42,n-Pr acetate
36352,CCCOC(C)=O,-0.7924694291202665,XGBoost,CAT-Solv-47,42,n-Pr acetate
36353,CCCOC(C)=O,-0.7044844498237065,XGBoost,CAT-Solv-47,42,n-Pr acetate
36354,CCCOC(C)=O,-0.6224260924782492,XGBoost,CAT-Solv-47,42,n-Pr acetate
36355,CCCOC(C)=O,-0.5483024030911112,XGBoost,CAT-Solv-47,42,n-Pr acetate
36356,CCCOC(C)=O,-0.4569990931893011,XGBoost,CAT-Solv-47,42,n-Pr acetate
36792,C1CCCCC1,-2.3118858134417652,XGBoost,CAT-Solv-47,42,Cyclohexane
36793,C1CCCCC1,-2.1254227647465993,XGBoost,CAT-Solv-47,42,Cyclohexane
36794,C1CCCCC1,-1.9883293162855744,XGBoost,CAT-Solv-47,42,Cyclohexane
36795,C1CCCCC1,-1.8241283478496635,XGBoost,CAT-Solv-47,42,Cyclohexane
36796,C1CCCCC1,-1.6865875625282136,XGBoost,CAT-Solv-47,42,Cyclohexane
36797,C1CCCCC1,-1.5410231779464736,XGBoost,CAT-Solv-47,42,Cyclohexane
36798,C1CCCCC1,-1.39294555879304,XGBoost,CAT-Solv-47,42,Cyclohexane
36799,C1CCCCC1,-1.2827073130296078,XGBoost,CAT-Solv-47,42,Cyclohexane
36800,C1CCCCC1,-1.148227841826107,XGBoost,CAT-Solv-47,42,Cyclohexane
36857,C1CCCCC1,-2.304296974817088,XGBoost,CAT-Solv-47,42,Cyclohexane
36858,C1CCCCC1,-2.1254227647465993,XGBoost,CAT-Solv-47,42,Cyclohexane
36859,C1CCCCC1,-2.0123371375530557,XGBoost,CAT-Solv-47,42,Cyclohexane
36860,C1CCCCC1,-1.8653247361863872,XGBoost,CAT-Solv-47,42,Cyclohexane
36861,C1CCCCC1,-1.6828023590627186,XGBoost,CAT-Solv-47,42,Cyclohexane
36862,C1CCCCC1,-1.5356440213275675,XGBoost,CAT-Solv-47,42,Cyclohexane
36863,C1CCCCC1,-1.4115533513869685,XGBoost,CAT-Solv-47,42,Cyclohexane
36864,C1CCCCC1,-1.2775457662654974,XGBoost,CAT-Solv-47,42,Cyclohexane
36865,C1CCCCC1,-1.1259831066317356,XGBoost,CAT-Solv-47,42,Cyclohexane
37075,C1CCCCC1,-3.764542192216938,XGBoost,CAT-Solv-47,42,Cyclohexane
37101,OCCO,-2.040690006417507,XGBoost,CAT-Solv-47,42,Ethylene glycol
37126,C1CCCCC1,-3.1612980834368267,XGBoost,CAT-Solv-47,42,Cyclohexane
37217,OCCO,-1.262097838265745,XGBoost,CAT-Solv-47,42,Ethylene glycol
37218,OCCO,-1.2930754098018409,XGBoost,CAT-Solv-47,42,Ethylene glycol
37219,OCCO,-1.1778642523632847,XGBoost,CAT-Solv-47,42,Ethylene glycol
37220,OCCO,-1.105681918698723,XGBoost,CAT-Solv-47,42,Ethylene glycol
37221,OCCO,-1.0519332152482963,XGBoost,CAT-Solv-47,42,Ethylene glycol
37222,OCCO,-0.9996649759743678,XGBoost,CAT-Solv-47,42,Ethylene glycol
37264,CCCOC(C)=O,-1.442108751331302,XGBoost,CAT-Solv-47,42,n-Pr acetate
37265,CCCOC(C)=O,-1.2565092787432146,XGBoost,CAT-Solv-47,42,n-Pr acetate
37266,CCCOC(C)=O,-1.1065410044467088,XGBoost,CAT-Solv-47,42,n-Pr acetate
37267,CCCOC(C)=O,-0.951229945885733,XGBoost,CAT-Solv-47,42,n-Pr acetate
37268,CCCOC(C)=O,-0.8001903049048366,XGBoost,CAT-Solv-47,42,n-Pr acetate
37269,CCCOC(C)=O,-0.6483833989551218,XGBoost,CAT-Solv-47,42,n-Pr acetate
37270,CCCOC(C)=O,-0.4916691892808597,XGBoost,CAT-Solv-47,42,n-Pr acetate
37271,CCCOC(C)=O,-0.3826879022121351,XGBoost,CAT-Solv-47,42,n-Pr acetate
37272,CCCOC(C)=O,-0.2403963575648417,XGBoost,CAT-Solv-47,42,n-Pr acetate
37621,CCCOC(C)=O,-1.022881944962768,XGBoost,CAT-Solv-47,42,n-Pr acetate
37622,CCCOC(C)=O,-0.9251148256435372,XGBoost,CAT-Solv-47,42,n-Pr acetate
37623,CCCOC(C)=O,-0.8641520403999106,XGBoost,CAT-Solv-47,42,n-Pr acetate
37624,CCCOC(C)=O,-0.7661047261315109,XGBoost,CAT-Solv-47,42,n-Pr acetate
37625,CCCOC(C)=O,-0.7034628639737502,XGBoost,CAT-Solv-47,42,n-Pr acetate
37626,CCCOC(C)=O,-0.6077683403861316,XGBoost,CAT-Solv-47,42,n-Pr acetate
37627,CCCOC(C)=O,-0.5407117570195096,XGBoost,CAT-Solv-47,42,n-Pr acetate
37628,CCCOC(C)=O,-0.4486291199737722,XGBoost,CAT-Solv-47,42,n-Pr acetate
37629,CCCOC(C)=O,-0.3837078989336181,XGBoost,CAT-Solv-47,42,n-Pr acetate
37630,CCCOC(C)=O,-0.2857510929905941,XGBoost,CAT-Solv-47,42,n-Pr acetate
37691,OCCO,-0.0511516863519849,XGBoost,CAT-Solv-47,42,Ethylene glycol
37692,OCCO,0.0039325035587539,XGBoost,CAT-Solv-47,42,Ethylene glycol
37693,OCCO,0.0722848116376507,XGBoost,CAT-Solv-47,42,Ethylene glycol
37694,OCCO,0.135722821691905,XGBoost,CAT-Solv-47,42,Ethylene glycol
37695,OCCO,0.1922629963029771,XGBoost,CAT-Solv-47,42,Ethylene glycol
37696,OCCO,0.2566453340839441,XGBoost,CAT-Solv-47,42,Ethylene glycol
37697,OCCO,0.3133859754965264,XGBoost,CAT-Solv-47,42,Ethylene glycol
37698,OCCO,0.3816664902576375,XGBoost,CAT-Solv-47,42,Ethylene glycol
37699,OCCO,0.4482302290515641,XGBoost,CAT-Solv-47,42,Ethylene glycol
37700,OCCO,0.5065283440593733,XGBoost,CAT-Solv-47,42,Ethylene glycol
37844,CS(C)=O,-0.3876272115371861,XGBoost,CAT-Solv-47,42,DMSO
37845,CS(C)=O,-0.3293489093651873,XGBoost,CAT-Solv-47,42,DMSO
37846,CS(C)=O,-0.274303743559428,XGBoost,CAT-Solv-47,42,DMSO
37847,CS(C)=O,-0.2196716701270131,XGBoost,CAT-Solv-47,42,DMSO
37848,CS(C)=O,-0.1678886884825583,XGBoost,CAT-Solv-47,42,DMSO
37849,CS(C)=O,-0.1161840405103174,XGBoost,CAT-Solv-47,42,DMSO
37850,CS(C)=O,-0.0657695258032516,XGBoost,CAT-Solv-47,42,DMSO
37851,CS(C)=O,-0.0161145877989411,XGBoost,CAT-Solv-47,42,DMSO
38406,CCCOC(C)=O,-1.0397792627369369,XGBoost,CAT-Solv-47,42,n-Pr acetate
38407,CCCOC(C)=O,-0.9670397695378834,XGBoost,CAT-Solv-47,42,n-Pr acetate
38408,CCCOC(C)=O,-0.8977916441744104,XGBoost,CAT-Solv-47,42,n-Pr acetate
38409,CCCOC(C)=O,-0.8396374116265944,XGBoost,CAT-Solv-47,42,n-Pr acetate
38410,CCCOC(C)=O,-0.7760337856541952,XGBoost,CAT-Solv-47,42,n-Pr acetate
38411,CCCOC(C)=O,-0.7078433388122375,XGBoost,CAT-Solv-47,42,n-Pr acetate
38412,CCCOC(C)=O,-0.6535687635955578,XGBoost,CAT-Solv-47,42,n-Pr acetate
38413,CCCOC(C)=O,-0.5940054303613806,XGBoost,CAT-Solv-47,42,n-Pr acetate
38414,CCCOC(C)=O,-0.5382326284044932,XGBoost,CAT-Solv-47,42,n-Pr acetate
38415,CCCOC(C)=O,-0.4836793868956638,XGBoost,CAT-Solv-47,42,n-Pr acetate
38566,CCCOC(C)=O,-2.848212134258446,XGBoost,CAT-Solv-47,42,n-Pr acetate
38567,CCCOC(C)=O,-2.5807664513035253,XGBoost,CAT-Solv-47,42,n-Pr acetate
38568,CCCOC(C)=O,-2.3873905723067224,XGBoost,CAT-Solv-47,42,n-Pr acetate
38569,CCCOC(C)=O,-2.248057884406302,XGBoost,CAT-Solv-47,42,n-Pr acetate
38570,CCCOC(C)=O,-2.0594528004900545,XGBoost,CAT-Solv-47,42,n-Pr acetate
38571,CCCOC(C)=O,-1.9297791346600113,XGBoost,CAT-Solv-47,42,n-Pr acetate
38572,CCCOC(C)=O,-1.7773225318676806,XGBoost,CAT-Solv-47,42,n-Pr acetate
38573,CCCOC(C)=O,-1.6355668330801518,XGBoost,CAT-Solv-47,42,n-Pr acetate
38574,CCCOC(C)=O,-1.4865339986692605,XGBoost,CAT-Solv-47,42,n-Pr acetate
38575,CCCOC(C)=O,-1.3498567783493498,XGBoost,CAT-Solv-47,42,n-Pr acetate
38636,CN1CCCC1=O,-0.7327073958496998,XGBoost,CAT-Solv-47,42,NMP
38637,CN1CCCC1=O,-0.6369334072627492,XGBoost,CAT-Solv-47,42,NMP
38638,CN1CCCC1=O,-0.5438406150643228,XGBoost,CAT-Solv-47,42,NMP
38639,CN1CCCC1=O,-0.4521583587957241,XGBoost,CAT-Solv-47,42,NMP
38640,CN1CCCC1=O,-0.3629865011937006,XGBoost,CAT-Solv-47,42,NMP
38641,CN1CCCC1=O,-0.276516017907624,XGBoost,CAT-Solv-47,42,NMP
38642,CN1CCCC1=O,-0.1908555940059603,XGBoost,CAT-Solv-47,42,NMP
38643,CN1CCCC1=O,-0.1043998075787565,XGBoost,CAT-Solv-47,42,NMP
38644,CN1CCCC1=O,-0.0216770050834719,XGBoost,CAT-Solv-47,42,NMP
38645,CN1CCCC1=O,0.0624220656260708,XGBoost,CAT-Solv-47,42,NMP
38676,CS(C)=O,-0.2719544433683443,XGBoost,CAT-Solv-47,42,DMSO
38677,CS(C)=O,-0.1728902987084836,XGBoost,CAT-Solv-47,42,DMSO
38678,CS(C)=O,-0.0779602823324778,XGBoost,CAT-Solv-47,42,DMSO
38679,CS(C)=O,0.014227372789456,XGBoost,CAT-Solv-47,42,DMSO
38680,CS(C)=O,0.1074214131446053,XGBoost,CAT-Solv-47,42,DMSO
38681,CS(C)=O,0.1991235243441473,XGBoost,CAT-Solv-47,42,DMSO
38682,C1CCCCC1,-2.5217935162262353,XGBoost,CAT-Solv-47,42,Cyclohexane
38683,C1CCCCC1,-2.427180959786866,XGBoost,CAT-Solv-47,42,Cyclohexane
38684,C1CCCCC1,-2.346730867334418,XGBoost,CAT-Solv-47,42,Cyclohexane
38685,C1CCCCC1,-2.2461910140907633,XGBoost,CAT-Solv-47,42,Cyclohexane
38686,C1CCCCC1,-2.1734002999219832,XGBoost,CAT-Solv-47,42,Cyclohexane
38687,C1CCCCC1,-2.092858919649069,XGBoost,CAT-Solv-47,42,Cyclohexane
38688,C1CCCCC1,-2.026248317503013,XGBoost,CAT-Solv-47,42,Cyclohexane
38689,C1CCCCC1,-1.958610953341981,XGBoost,CAT-Solv-47,42,Cyclohexane
38690,C1CCCCC1,-1.8236154504675308,XGBoost,CAT-Solv-47,42,Cyclohexane
39217,CCCOC(C)=O,-0.99434197257754,XGBoost,CAT-Solv-47,42,n-Pr acetate
39218,CCCOC(C)=O,-0.9537001666362874,XGBoost,CAT-Solv-47,42,n-Pr acetate
39219,CCCOC(C)=O,-0.9055713895726004,XGBoost,CAT-Solv-47,42,n-Pr acetate
39220,CCCOC(C)=O,-0.8447741986265063,XGBoost,CAT-Solv-47,42,n-Pr acetate
39221,CCCOC(C)=O,-0.7906006240822588,XGBoost,CAT-Solv-47,42,n-Pr acetate
39222,CCCOC(C)=O,-0.7282255285094704,XGBoost,CAT-Solv-47,42,n-Pr acetate
39223,CCCOC(C)=O,-0.6749996806433,XGBoost,CAT-Solv-47,42,n-Pr acetate
39224,CCCOC(C)=O,-0.6150377081265643,XGBoost,CAT-Solv-47,42,n-Pr acetate
39225,CCCOC(C)=O,-0.5552298212903988,XGBoost,CAT-Solv-47,42,n-Pr acetate
39342,CS(C)=O,-0.6087001150935685,XGBoost,CAT-Solv-47,42,DMSO
39343,CS(C)=O,-0.5213895497851313,XGBoost,CAT-Solv-47,42,DMSO
39344,CS(C)=O,-0.4369433633540038,XGBoost,CAT-Solv-47,42,DMSO
39345,CS(C)=O,-0.3562170664232008,XGBoost,CAT-Solv-47,42,DMSO
39346,CS(C)=O,-0.2778959446760106,XGBoost,CAT-Solv-47,42,DMSO
39347,CS(C)=O,-0.20302445558857,XGBoost,CAT-Solv-47,42,DMSO
39348,CS(C)=O,-0.1319138398846078,XGBoost,CAT-Solv-47,42,DMSO
39349,CS(C)=O,-0.0630991356931547,XGBoost,CAT-Solv-47,42,DMSO
39350,CS(C)=O,0.0025290054538566,XGBoost,CAT-Solv-47,42,DMSO
39541,CCCOC(C)=O,-0.8591360302372757,XGBoost,CAT-Solv-47,42,n-Pr acetate
39542,CCCOC(C)=O,-0.7917399433681799,XGBoost,CAT-Solv-47,42,n-Pr acetate
39543,CCCOC(C)=O,-0.7280929403777695,XGBoost,CAT-Solv-47,42,n-Pr acetate
39544,CCCOC(C)=O,-0.6501596709310656,XGBoost,CAT-Solv-47,42,n-Pr acetate
39545,CCCOC(C)=O,-0.5830119725045502,XGBoost,CAT-Solv-47,42,n-Pr acetate
39546,CCCOC(C)=O,-0.4948995908884563,XGBoost,CAT-Solv-47,42,n-Pr acetate
39547,CCCOC(C)=O,-0.4531422453164292,XGBoost,CAT-Solv-47,42,n-Pr acetate
39548,CCCOC(C)=O,-0.422440787515867,XGBoost,CAT-Solv-47,42,n-Pr acetate
39549,CCCOC(C)=O,-0.3978942764409891,XGBoost,CAT-Solv-47,42,n-Pr acetate
39613,CCCOC(C)=O,-1.4856541418877642,XGBoost,CAT-Solv-47,42,n-Pr acetate
39614,CCCOC(C)=O,-1.4393537988998564,XGBoost,CAT-Solv-47,42,n-Pr acetate
39615,CCCOC(C)=O,-1.3704875467202788,XGBoost,CAT-Solv-47,42,n-Pr acetate
39616,CCCOC(C)=O,-1.224356523577567,XGBoost,CAT-Solv-47,42,n-Pr acetate
39617,CCCOC(C)=O,-1.141233470239145,XGBoost,CAT-Solv-47,42,n-Pr acetate
39618,CCCOC(C)=O,-1.0356393177335956,XGBoost,CAT-Solv-47,42,n-Pr acetate
39619,CCCOC(C)=O,-0.9504833110155384,XGBoost,CAT-Solv-47,42,n-Pr acetate
39620,CCCOC(C)=O,-0.8327980881015278,XGBoost,CAT-Solv-47,42,n-Pr acetate
39621,CCCOC(C)=O,-0.7457801693728188,XGBoost,CAT-Solv-47,42,n-Pr acetate
39767,CCCOC(C)=O,-0.9521447202459464,XGBoost,CAT-Solv-47,42,n-Pr acetate
39768,CCCOC(C)=O,-0.8834671641612573,XGBoost,CAT-Solv-47,42,n-Pr acetate
39769,CCCOC(C)=O,-0.8196845089190749,XGBoost,CAT-Solv-47,42,n-Pr acetate
39770,CCCOC(C)=O,-0.7608632189524231,XGBoost,CAT-Solv-47,42,n-Pr acetate
39771,CCCOC(C)=O,-0.6953999335221382,XGBoost,CAT-Solv-47,42,n-Pr acetate
39772,CCCOC(C)=O,-0.6424795196412818,XGBoost,CAT-Solv-47,42,n-Pr acetate
39773,CCCOC(C)=O,-0.57986939633358,XGBoost,CAT-Solv-47,42,n-Pr acetate
39774,CCCOC(C)=O,-0.5272845565015415,XGBoost,CAT-Solv-47,42,n-Pr acetate
39775,CCCOC(C)=O,-0.4664655616600413,XGBoost,CAT-Solv-47,42,n-Pr acetate
39830,OCCO,-2.2327362045132753,XGBoost,CAT-Solv-47,42,Ethylene glycol
39831,OCCO,-2.10100431793681,XGBoost,CAT-Solv-47,42,Ethylene glycol
39832,OCCO,-1.988632983104773,XGBoost,CAT-Solv-47,42,Ethylene glycol
39833,OCCO,-1.892380591733118,XGBoost,CAT-Solv-47,42,Ethylene glycol
39834,OCCO,-1.7767366010717285,XGBoost,CAT-Solv-47,42,Ethylene glycol
39835,OCCO,-1.6685778496795132,XGBoost,CAT-Solv-47,42,Ethylene glycol
39836,OCCO,-1.5676161596116125,XGBoost,CAT-Solv-47,42,Ethylene glycol
39837,OCCO,-1.4761280908619288,XGBoost,CAT-Solv-47,42,Ethylene glycol
39838,OCCO,-1.3876561932689968,XGBoost,CAT-Solv-47,42,Ethylene glycol
39902,CN1CCCC1=O,-3.0985239878615993,XGBoost,CAT-Solv-47,42,NMP
39903,CN1CCCC1=O,-3.0697101190469183,XGBoost,CAT-Solv-47,42,NMP
39904,CN1CCCC1=O,-3.03813864578727,XGBoost,CAT-Solv-47,42,NMP
39905,CN1CCCC1=O,-2.9988637484535294,XGBoost,CAT-Solv-47,42,NMP
39906,CN1CCCC1=O,-2.9607855280469515,XGBoost,CAT-Solv-47,42,NMP
39907,CN1CCCC1=O,-2.92031141351067,XGBoost,CAT-Solv-47,42,NMP
39908,CN1CCCC1=O,-2.881604595094339,XGBoost,CAT-Solv-47,42,NMP
39909,CN1CCCC1=O,-2.8423452393256228,XGBoost,CAT-Solv-47,42,NMP
39910,CN1CCCC1=O,-2.801298530767956,XGBoost,CAT-Solv-47,42,NMP
39920,CS(C)=O,-2.955847867651178,XGBoost,CAT-Solv-47,42,DMSO
39921,CS(C)=O,-2.915922674822192,XGBoost,CAT-Solv-47,42,DMSO
39922,CS(C)=O,-2.8786795675551384,XGBoost,CAT-Solv-47,42,DMSO
39923,CS(C)=O,-2.840139687434794,XGBoost,CAT-Solv-47,42,DMSO
39924,CS(C)=O,-2.7943598370714477,XGBoost,CAT-Solv-47,42,DMSO
39925,CS(C)=O,-2.751611623927197,XGBoost,CAT-Solv-47,42,DMSO
39926,CS(C)=O,-2.7109165129721293,XGBoost,CAT-Solv-47,42,DMSO
40008,C1CCCCC1,-1.3743725820592896,XGBoost,CAT-Solv-47,42,Cyclohexane
40009,C1CCCCC1,-1.2310802748676404,XGBoost,CAT-Solv-47,42,Cyclohexane
40010,C1CCCCC1,-1.1195829985466277,XGBoost,CAT-Solv-47,42,Cyclohexane
40011,C1CCCCC1,-0.9710529585450878,XGBoost,CAT-Solv-47,42,Cyclohexane
40012,C1CCCCC1,-0.8677162046199794,XGBoost,CAT-Solv-47,42,Cyclohexane
40013,C1CCCCC1,-0.7141374093968995,XGBoost,CAT-Solv-47,42,Cyclohexane
40014,C1CCCCC1,-0.5744244638279015,XGBoost,CAT-Solv-47,42,Cyclohexane
40263,CCCOC(C)=O,-1.7396259208329858,XGBoost,CAT-Solv-47,42,n-Pr acetate
40264,CCCOC(C)=O,-1.6438541734707486,XGBoost,CAT-Solv-47,42,n-Pr acetate
40265,CCCOC(C)=O,-1.571804329974208,XGBoost,CAT-Solv-47,42,n-Pr acetate
40266,CCCOC(C)=O,-1.560706604440082,XGBoost,CAT-Solv-47,42,n-Pr acetate
40267,CCCOC(C)=O,-1.5172581394634677,XGBoost,CAT-Solv-47,42,n-Pr acetate
40268,CCCOC(C)=O,-1.4670801987597488,XGBoost,CAT-Solv-47,42,n-Pr acetate
40269,CCCOC(C)=O,-1.4266683402574525,XGBoost,CAT-Solv-47,42,n-Pr acetate
40270,CCCOC(C)=O,-1.4010437330235417,XGBoost,CAT-Solv-47,42,n-Pr acetate
40271,CCCOC(C)=O,-1.379822320462763,XGBoost,CAT-Solv-47,42,n-Pr acetate
40272,CCCOC(C)=O,-1.3509658205196258,XGBoost,CAT-Solv-47,42,n-Pr acetate
40273,CCCOC(C)=O,-1.3415145132891202,XGBoost,CAT-Solv-47,42,n-Pr acetate
40274,CCCOC(C)=O,-1.3177796471385326,XGBoost,CAT-Solv-47,42,n-Pr acetate
40275,CCCOC(C)=O,-1.2884586266968352,XGBoost,CAT-Solv-47,42,n-Pr acetate
40276,CCCOC(C)=O,-1.2913662049101575,XGBoost,CAT-Solv-47,42,n-Pr acetate
40355,CN1CCCC1=O,-0.9051179803412968,XGBoost,CAT-Solv-47,42,NMP
40356,CN1CCCC1=O,-0.8712317274630306,XGBoost,CAT-Solv-47,42,NMP
40357,CN1CCCC1=O,-0.8400120605075782,XGBoost,CAT-Solv-47,42,NMP
40358,CN1CCCC1=O,-0.8110866922871585,XGBoost,CAT-Solv-47,42,NMP
40359,CN1CCCC1=O,-0.7704052572980741,XGBoost,CAT-Solv-47,42,NMP
40360,CN1CCCC1=O,-0.7334247070401428,XGBoost,CAT-Solv-47,42,NMP
40361,CN1CCCC1=O,-0.6927150778815161,XGBoost,CAT-Solv-47,42,NMP
40362,CN1CCCC1=O,-0.6454386111072031,XGBoost,CAT-Solv-47,42,NMP
40404,C1CCCCC1,-2.384811008095036,XGBoost,CAT-Solv-47,42,Cyclohexane
40405,C1CCCCC1,-2.2637093972069415,XGBoost,CAT-Solv-47,42,Cyclohexane
40406,C1CCCCC1,-2.1612654169995227,XGBoost,CAT-Solv-47,42,Cyclohexane
40407,C1CCCCC1,-2.0110234826455775,XGBoost,CAT-Solv-47,42,Cyclohexane
40408,C1CCCCC1,-1.9018676939255712,XGBoost,CAT-Solv-47,42,Cyclohexane
40409,C1CCCCC1,-1.8080696396564104,XGBoost,CAT-Solv-47,42,Cyclohexane
40410,C1CCCCC1,-1.7230661898576711,XGBoost,CAT-Solv-47,42,Cyclohexane
40411,C1CCCCC1,-1.6235938970414725,XGBoost,CAT-Solv-47,42,Cyclohexane
40412,C1CCCCC1,-1.5156022023677065,XGBoost,CAT-Solv-47,42,Cyclohexane
41346,CCCOC(C)=O,-0.8459278089629513,XGBoost,CAT-Solv-47,42,n-Pr acetate
41347,CCCOC(C)=O,-0.8049159113606508,XGBoost,CAT-Solv-47,42,n-Pr acetate
41348,CCCOC(C)=O,-0.7640519614952969,XGBoost,CAT-Solv-47,42,n-Pr acetate
41349,CCCOC(C)=O,-0.7192206599008261,XGBoost,CAT-Solv-47,42,n-Pr acetate
41350,CCCOC(C)=O,-0.6746298741938874,XGBoost,CAT-Solv-47,42,n-Pr acetate
41351,CCCOC(C)=O,-0.6268379410221757,XGBoost,CAT-Solv-47,42,n-Pr acetate
41352,CCCOC(C)=O,-0.5779881437394143,XGBoost,CAT-Solv-47,42,n-Pr acetate
41353,CCCOC(C)=O,-0.5332645726508815,XGBoost,CAT-Solv-47,42,n-Pr acetate
41354,CCCOC(C)=O,-0.4863221118317571,XGBoost,CAT-Solv-47,42,n-Pr acetate
41465,CN1CCCC1=O,-1.312678005990726,XGBoost,CAT-Solv-47,42,NMP
41466,CN1CCCC1=O,-1.2615911948342016,XGBoost,CAT-Solv-47,42,NMP
41467,CN1CCCC1=O,-1.1979390043045512,XGBoost,CAT-Solv-47,42,NMP
41468,CN1CCCC1=O,-1.1472372943208609,XGBoost,CAT-Solv-47,42,NMP
41469,CN1CCCC1=O,-1.0919958416314417,XGBoost,CAT-Solv-47,42,NMP
41470,CN1CCCC1=O,-1.0428257829852716,XGBoost,CAT-Solv-47,42,NMP
41471,CN1CCCC1=O,-0.9900812735054064,XGBoost,CAT-Solv-47,42,NMP
41472,CN1CCCC1=O,-0.9336152218293732,XGBoost,CAT-Solv-47,42,NMP
41607,CN1CCCC1=O,-1.3108053517591816,XGBoost,CAT-Solv-47,42,NMP
41608,CN1CCCC1=O,-1.2525376813701552,XGBoost,CAT-Solv-47,42,NMP
41609,CN1CCCC1=O,-1.1901291708855817,XGBoost,CAT-Solv-47,42,NMP
41610,CN1CCCC1=O,-1.1261398264663744,XGBoost,CAT-Solv-47,42,NMP
41611,CN1CCCC1=O,-1.0707413223029427,XGBoost,CAT-Solv-47,42,NMP
41612,CN1CCCC1=O,-1.0214671278206464,XGBoost,CAT-Solv-47,42,NMP
41613,CN1CCCC1=O,-0.9719941939802358,XGBoost,CAT-Solv-47,42,NMP
41614,CN1CCCC1=O,-0.9222024006598368,XGBoost,CAT-Solv-47,42,NMP
41797,CN1CCCC1=O,-1.6467622962787514,XGBoost,CAT-Solv-47,42,NMP
41798,CN1CCCC1=O,-1.521881779475151,XGBoost,CAT-Solv-47,42,NMP
41799,CN1CCCC1=O,-1.4390919770639965,XGBoost,CAT-Solv-47,42,NMP
41800,CN1CCCC1=O,-1.3444435061363336,XGBoost,CAT-Solv-47,42,NMP
41801,CN1CCCC1=O,-1.2557942465245695,XGBoost,CAT-Solv-47,42,NMP
41802,CN1CCCC1=O,-1.11918733068378,XGBoost,CAT-Solv-47,42,NMP
41803,CN1CCCC1=O,-0.9900812735054064,XGBoost,CAT-Solv-47,42,NMP
41804,CN1CCCC1=O,-0.9297783003371674,XGBoost,CAT-Solv-47,42,NMP
41999,CN1CCCC1=O,-2.363926771763408,XGBoost,CAT-Solv-47,42,NMP
42000,CN1CCCC1=O,-2.15315376480252,XGBoost,CAT-Solv-47,42,NMP
42001,CN1CCCC1=O,-1.9642806008652107,XGBoost,CAT-Solv-47,42,NMP
42002,CN1CCCC1=O,-1.746518425635331,XGBoost,CAT-Solv-47,42,NMP
42003,CN1CCCC1=O,-1.5492015414646187,XGBoost,CAT-Solv-47,42,NMP
42004,CN1CCCC1=O,-1.4289596798752715,XGBoost,CAT-Solv-47,42,NMP
42005,CN1CCCC1=O,-1.3003487164221628,XGBoost,CAT-Solv-47,42,NMP
42006,CN1CCCC1=O,-1.1362455400829243,XGBoost,CAT-Solv-47,42,NMP
42079,CS(C)=O,-1.8485455331285208,XGBoost,CAT-Solv-47,42,DMSO
42080,CS(C)=O,-1.7872433906429523,XGBoost,CAT-Solv-47,42,DMSO
42081,CS(C)=O,-1.7109372424429554,XGBoost,CAT-Solv-47,42,DMSO
42082,CS(C)=O,-1.6187344495358893,XGBoost,CAT-Solv-47,42,DMSO
42083,CS(C)=O,-1.5773332467473635,XGBoost,CAT-Solv-47,42,DMSO
42084,CS(C)=O,-1.5168587533272837,XGBoost,CAT-Solv-47,42,DMSO
42085,CS(C)=O,-1.457201563481515,XGBoost,CAT-Solv-47,42,DMSO
42086,CS(C)=O,-1.3983051738610086,XGBoost,CAT-Solv-47,42,DMSO
42087,CS(C)=O,-1.340258859230751,XGBoost,CAT-Solv-47,42,DMSO
42088,CS(C)=O,-1.2737686506451236,XGBoost,CAT-Solv-47,42,DMSO
42089,OCCO,0.3093451233623993,XGBoost,CAT-Solv-47,42,Ethylene glycol
42090,OCCO,0.341198924486225,XGBoost,CAT-Solv-47,42,Ethylene glycol
42091,OCCO,0.374873123879511,XGBoost,CAT-Solv-47,42,Ethylene glycol
42092,OCCO,0.4060807445839223,XGBoost,CAT-Solv-47,42,Ethylene glycol
42093,OCCO,0.4521954205518702,XGBoost,CAT-Solv-47,42,Ethylene glycol
42094,OCCO,0.4795594970964332,XGBoost,CAT-Solv-47,42,Ethylene glycol
42095,OCCO,0.5292166836855922,XGBoost,CAT-Solv-47,42,Ethylene glycol
42096,OCCO,0.5482006985764291,XGBoost,CAT-Solv-47,42,Ethylene glycol
42097,OCCO,0.5944841365286343,XGBoost,CAT-Solv-47,42,Ethylene glycol
42098,OCCO,0.6206300414891095,XGBoost,CAT-Solv-47,42,Ethylene glycol
42208,OCCO,-3.5059207453452728,XGBoost,CAT-Solv-47,42,Ethylene glycol
42209,OCCO,-3.423405189511325,XGBoost,CAT-Solv-47,42,Ethylene glycol
42210,OCCO,-3.354315347779304,XGBoost,CAT-Solv-47,42,Ethylene glycol
42211,OCCO,-3.285356851396964,XGBoost,CAT-Solv-47,42,Ethylene glycol
42212,OCCO,-3.2203711615939037,XGBoost,CAT-Solv-47,42,Ethylene glycol
42213,OCCO,-3.159484980025064,XGBoost,CAT-Solv-47,42,Ethylene glycol
42214,OCCO,-3.1065400013890168,XGBoost,CAT-Solv-47,42,Ethylene glycol
42215,OCCO,-3.049948169304005,XGBoost,CAT-Solv-47,42,Ethylene glycol
42216,OCCO,-3.0003727329370435,XGBoost,CAT-Solv-47,42,Ethylene glycol
42217,OCCO,-2.9455725527771275,XGBoost,CAT-Solv-47,42,Ethylene glycol
42449,C1CCCCC1,-2.147429514569814,XGBoost,CAT-Solv-47,42,Cyclohexane
42450,C1CCCCC1,-2.066961549444068,XGBoost,CAT-Solv-47,42,Cyclohexane
42451,C1CCCCC1,-1.980187553434672,XGBoost,CAT-Solv-47,42,Cyclohexane
42452,C1CCCCC1,-1.9054714579832248,XGBoost,CAT-Solv-47,42,Cyclohexane
42453,C1CCCCC1,-1.828840691874173,XGBoost,CAT-Solv-47,42,Cyclohexane
42454,C1CCCCC1,-1.7464329701282613,XGBoost,CAT-Solv-47,42,Cyclohexane
42455,C1CCCCC1,-1.647203265505531,XGBoost,CAT-Solv-47,42,Cyclohexane
42456,C1CCCCC1,-1.551732170358102,XGBoost,CAT-Solv-47,42,Cyclohexane
42457,C1CCCCC1,-1.4228941513158526,XGBoost,CAT-Solv-47,42,Cyclohexane
42458,C1CCCCC1,-1.3271189818762186,XGBoost,CAT-Solv-47,42,Cyclohexane
42566,CS(C)=O,-0.9894439494926196,XGBoost,CAT-Solv-47,42,DMSO
42567,CS(C)=O,-0.9425636419932216,XGBoost,CAT-Solv-47,42,DMSO
42568,CS(C)=O,-0.890610154713434,XGBoost,CAT-Solv-47,42,DMSO
42569,CS(C)=O,-0.8377594749129008,XGBoost,CAT-Solv-47,42,DMSO
42570,CS(C)=O,-0.7859454149453192,XGBoost,CAT-Solv-47,42,DMSO
42571,CS(C)=O,-0.7339021614423874,XGBoost,CAT-Solv-47,42,DMSO
42572,CS(C)=O,-0.685042439575245,XGBoost,CAT-Solv-47,42,DMSO
42573,CS(C)=O,-0.6342245654411682,XGBoost,CAT-Solv-47,42,DMSO
42584,C1CCCCC1,-3.886568845559307,XGBoost,CAT-Solv-47,42,Cyclohexane
42585,C1CCCCC1,-3.742157702282835,XGBoost,CAT-Solv-47,42,Cyclohexane
42586,C1CCCCC1,-3.606305173219426,XGBoost,CAT-Solv-47,42,Cyclohexane
42587,C1CCCCC1,-3.478181339326808,XGBoost,CAT-Solv-47,42,Cyclohexane
42588,C1CCCCC1,-3.354562362375884,XGBoost,CAT-Solv-47,42,Cyclohexane
42589,C1CCCCC1,-3.2405228521610843,XGBoost,CAT-Solv-47,42,Cyclohexane
42590,C1CCCCC1,-3.137706078159326,XGBoost,CAT-Solv-47,42,Cyclohexane
42591,C1CCCCC1,-3.03505790135181,XGBoost,CAT-Solv-47,42,Cyclohexane
42592,C1CCCCC1,-2.9365458163274867,XGBoost,CAT-Solv-47,42,Cyclohexane
42593,C1CCCCC1,-2.835113985729171,XGBoost,CAT-Solv-47,42,Cyclohexane
42842,CCCOC(C)=O,-0.7634336247761612,XGBoost,CAT-Solv-47,42,n-Pr acetate
42843,CCCOC(C)=O,-0.7018188564556184,XGBoost,CAT-Solv-47,42,n-Pr acetate
42844,CCCOC(C)=O,-0.6465407609714401,XGBoost,CAT-Solv-47,42,n-Pr acetate
42845,CCCOC(C)=O,-0.5801458070534902,XGBoost,CAT-Solv-47,42,n-Pr acetate
42846,CCCOC(C)=O,-0.5234279003333827,XGBoost,CAT-Solv-47,42,n-Pr acetate
42847,CCCOC(C)=O,-0.4694975719525051,XGBoost,CAT-Solv-47,42,n-Pr acetate
42848,CCCOC(C)=O,-0.4144108766700028,XGBoost,CAT-Solv-47,42,n-Pr acetate
42849,CCCOC(C)=O,-0.3594570248200629,XGBoost,CAT-Solv-47,42,n-Pr acetate
43039,CCCOC(C)=O,-2.436674453068872,XGBoost,CAT-Solv-47,42,n-Pr acetate
43040,CCCOC(C)=O,-2.361704789184834,XGBoost,CAT-Solv-47,42,n-Pr acetate
43041,CCCOC(C)=O,-2.2868327638077224,XGBoost,CAT-Solv-47,42,n-Pr acetate
43042,CCCOC(C)=O,-2.2119069555323043,XGBoost,CAT-Solv-47,42,n-Pr acetate
43043,CCCOC(C)=O,-2.137018791534086,XGBoost,CAT-Solv-47,42,n-Pr acetate
43044,CCCOC(C)=O,-2.0620095398083977,XGBoost,CAT-Solv-47,42,n-Pr acetate
43045,CCCOC(C)=O,-1.987231554263269,XGBoost,CAT-Solv-47,42,n-Pr acetate
43046,CCCOC(C)=O,-1.912276939124704,XGBoost,CAT-Solv-47,42,n-Pr acetate
43047,CCCOC(C)=O,-1.8373743316291693,XGBoost,CAT-Solv-47,42,n-Pr acetate
43102,C1CCCCC1,-3.9686264223534575,XGBoost,CAT-Solv-47,42,Cyclohexane
43103,C1CCCCC1,-3.8562110209967138,XGBoost,CAT-Solv-47,42,Cyclohexane
43104,C1CCCCC1,-3.7481913361948513,XGBoost,CAT-Solv-47,42,Cyclohexane
43105,C1CCCCC1,-3.653284497505654,XGBoost,CAT-Solv-47,42,Cyclohexane
43106,C1CCCCC1,-3.546285938179671,XGBoost,CAT-Solv-47,42,Cyclohexane
43107,C1CCCCC1,-3.4575208152517467,XGBoost,CAT-Solv-47,42,Cyclohexane
43108,C1CCCCC1,-3.358991283948446,XGBoost,CAT-Solv-47,42,Cyclohexane
43109,C1CCCCC1,-3.283117275989736,XGBoost,CAT-Solv-47,42,Cyclohexane
43110,C1CCCCC1,-3.188298027992128,XGBoost,CAT-Solv-47,42,Cyclohexane
43111,C1CCCCC1,-3.118797139029336,XGBoost,CAT-Solv-47,42,Cyclohexane
43191,CS(C)=O,0.557467810719101,XGBoost,CAT-Solv-47,42,DMSO
43192,CS(C)=O,0.5866538516302569,XGBoost,CAT-Solv-47,42,DMSO
43193,CS(C)=O,0.6146156749296989,XGBoost,CAT-Solv-47,42,DMSO
43194,CS(C)=O,0.6400337963067037,XGBoost,CAT-Solv-47,42,DMSO
43195,CS(C)=O,0.6684868311264398,XGBoost,CAT-Solv-47,42,DMSO
43196,CS(C)=O,0.695043307201135,XGBoost,CAT-Solv-47,42,DMSO
43197,CS(C)=O,0.7207252833092682,XGBoost,CAT-Solv-47,42,DMSO
43198,CS(C)=O,0.7451950334209902,XGBoost,CAT-Solv-47,42,DMSO
43199,OCCO,-1.3331880685671071,XGBoost,CAT-Solv-47,42,Ethylene glycol
43200,OCCO,-1.2685193547171347,XGBoost,CAT-Solv-47,42,Ethylene glycol
43201,OCCO,-1.1969567683017366,XGBoost,CAT-Solv-47,42,Ethylene glycol
43202,OCCO,-1.1351931917652769,XGBoost,CAT-Solv-47,42,Ethylene glycol
43203,OCCO,-1.0696923753985492,XGBoost,CAT-Solv-47,42,Ethylene glycol
43204,OCCO,-1.018581843357629,XGBoost,CAT-Solv-47,42,Ethylene glycol
43205,OCCO,-0.9626651807385598,XGBoost,CAT-Solv-47,42,Ethylene glycol
43206,OCCO,-0.9017039211878074,XGBoost,CAT-Solv-47,42,Ethylene glycol
43207,OCCO,-0.842820393538948,XGBoost,CAT-Solv-47,42,Ethylene glycol
43208,OCCO,-0.7738562665776739,XGBoost,CAT-Solv-47,42,Ethylene glycol
43219,C1CCCCC1,-3.233233936381928,XGBoost,CAT-Solv-47,42,Cyclohexane
43220,C1CCCCC1,-3.182515153953762,XGBoost,CAT-Solv-47,42,Cyclohexane
43221,C1CCCCC1,-3.5555115836323377,XGBoost,CAT-Solv-47,42,Cyclohexane
43222,C1CCCCC1,-3.129002721402085,XGBoost,CAT-Solv-47,42,Cyclohexane
43223,C1CCCCC1,-3.3969555343904427,XGBoost,CAT-Solv-47,42,Cyclohexane
43224,C1CCCCC1,-3.0819921893334494,XGBoost,CAT-Solv-47,42,Cyclohexane
43225,C1CCCCC1,-3.260164193412133,XGBoost,CAT-Solv-47,42,Cyclohexane
43226,C1CCCCC1,-3.040933146028533,XGBoost,CAT-Solv-47,42,Cyclohexane
43227,C1CCCCC1,-3.1207452961947646,XGBoost,CAT-Solv-47,42,Cyclohexane
43228,C1CCCCC1,-2.9726833103583417,XGBoost,CAT-Solv-47,42,Cyclohexane
43229,C1CCCCC1,-3.001187699273759,XGBoost,CAT-Solv-47,42,Cyclohexane
43230,C1CCCCC1,-2.839743391667078,XGBoost,CAT-Solv-47,42,Cyclohexane
43231,C1CCCCC1,-2.9553427824205274,XGBoost,CAT-Solv-47,42,Cyclohexane
43232,C1CCCCC1,-2.7097367263720664,XGBoost,CAT-Solv-47,42,Cyclohexane
43233,C1CCCCC1,-2.914736915393305,XGBoost,CAT-Solv-47,42,Cyclohexane
43234,C1CCCCC1,-2.5811395068036456,XGBoost,CAT-Solv-47,42,Cyclohexane
43235,C1CCCCC1,-2.8801582830291395,XGBoost,CAT-Solv-47,42,Cyclohexane
43236,C1CCCCC1,-2.4572523654933924,XGBoost,CAT-Solv-47,42,Cyclohexane
43237,C1CCCCC1,-2.340847221594525,XGBoost,CAT-Solv-47,42,Cyclohexane
43360,CCCOC(C)=O,-1.1805950267213323,XGBoost,CAT-Solv-47,42,n-Pr acetate
43361,CCCOC(C)=O,-1.0960190953684616,XGBoost,CAT-Solv-47,42,n-Pr acetate
43362,CCCOC(C)=O,-1.0053015541085206,XGBoost,CAT-Solv-47,42,n-Pr acetate
43363,CCCOC(C)=O,-0.9175517048698194,XGBoost,CAT-Solv-47,42,n-Pr acetate
43364,CCCOC(C)=O,-0.8335854413853877,XGBoost,CAT-Solv-47,42,n-Pr acetate
43365,CCCOC(C)=O,-0.7625849674374984,XGBoost,CAT-Solv-47,42,n-Pr acetate
43366,CCCOC(C)=O,-0.6905163310511346,XGBoost,CAT-Solv-47,42,n-Pr acetate
43367,CCCOC(C)=O,-0.6237785163285565,XGBoost,CAT-Solv-47,42,n-Pr acetate
43368,CCCOC(C)=O,-0.550557743972606,XGBoost,CAT-Solv-47,42,n-Pr acetate
43435,CS(C)=O,-1.1709316980486333,XGBoost,CAT-Solv-47,42,DMSO
43436,CS(C)=O,-1.0391608998918724,XGBoost,CAT-Solv-47,42,DMSO
43437,CS(C)=O,-0.92060069621716,XGBoost,CAT-Solv-47,42,DMSO
43438,CS(C)=O,-0.6871999104470706,XGBoost,CAT-Solv-47,42,DMSO
43439,CS(C)=O,-0.813516342314001,XGBoost,CAT-Solv-47,42,DMSO
43440,CS(C)=O,-0.5750848632480179,XGBoost,CAT-Solv-47,42,DMSO
43441,CS(C)=O,-0.7118032833471418,XGBoost,CAT-Solv-47,42,DMSO
43442,CS(C)=O,-0.4845360679642541,XGBoost,CAT-Solv-47,42,DMSO
43443,CS(C)=O,-0.6012310265705629,XGBoost,CAT-Solv-47,42,DMSO
43444,CS(C)=O,-0.3851343816804712,XGBoost,CAT-Solv-47,42,DMSO
43445,CS(C)=O,-0.5003156791742512,XGBoost,CAT-Solv-47,42,DMSO
43446,CS(C)=O,-0.2984176712630089,XGBoost,CAT-Solv-47,42,DMSO
43447,CS(C)=O,-0.4095891795756831,XGBoost,CAT-Solv-47,42,DMSO
43448,CS(C)=O,-0.218822909754941,XGBoost,CAT-Solv-47,42,DMSO
43449,CS(C)=O,-0.3081792511706121,XGBoost,CAT-Solv-47,42,DMSO
43450,CS(C)=O,-0.1462443736533984,XGBoost,CAT-Solv-47,42,DMSO
43451,CS(C)=O,-0.0828186226334948,XGBoost,CAT-Solv-47,42,DMSO
43452,OCCO,-2.8020111608409506,XGBoost,CAT-Solv-47,42,Ethylene glycol
43453,OCCO,-2.623947709714073,XGBoost,CAT-Solv-47,42,Ethylene glycol
43454,OCCO,-2.4989539493229262,XGBoost,CAT-Solv-47,42,Ethylene glycol
43455,OCCO,-2.380171777492536,XGBoost,CAT-Solv-47,42,Ethylene glycol
43456,OCCO,-2.2556903156979797,XGBoost,CAT-Solv-47,42,Ethylene glycol
43457,OCCO,-2.141597046138735,XGBoost,CAT-Solv-47,42,Ethylene glycol
43458,OCCO,-2.0140489042605303,XGBoost,CAT-Solv-47,42,Ethylene glycol
43459,OCCO,-1.8972618772473664,XGBoost,CAT-Solv-47,42,Ethylene glycol
43460,OCCO,-1.7855005748009516,XGBoost,CAT-Solv-47,42,Ethylene glycol
43461,OCCO,-1.6689445605942492,XGBoost,CAT-Solv-47,42,Ethylene glycol
43588,CCCOC(C)=O,-2.15679928610881,XGBoost,CAT-Solv-47,42,n-Pr acetate
43589,CCCOC(C)=O,-2.086170478188943,XGBoost,CAT-Solv-47,42,n-Pr acetate
43590,CCCOC(C)=O,-2.0270495968728612,XGBoost,CAT-Solv-47,42,n-Pr acetate
43591,CCCOC(C)=O,-1.9141560539872429,XGBoost,CAT-Solv-47,42,n-Pr acetate
43592,CCCOC(C)=O,-1.823585978557079,XGBoost,CAT-Solv-47,42,n-Pr acetate
43593,CCCOC(C)=O,-1.718057910219835,XGBoost,CAT-Solv-47,42,n-Pr acetate
43594,CCCOC(C)=O,-1.6174221749264257,XGBoost,CAT-Solv-47,42,n-Pr acetate
43595,CCCOC(C)=O,-1.5104530553553774,XGBoost,CAT-Solv-47,42,n-Pr acetate
43596,CCCOC(C)=O,-1.4056920223856886,XGBoost,CAT-Solv-47,42,n-Pr acetate
43663,CN1CCCC1=O,-1.6821370960451223,XGBoost,CAT-Solv-47,42,NMP
43669,OCCO,-0.876995754882742,XGBoost,CAT-Solv-47,42,Ethylene glycol
43785,CCCOC(C)=O,-1.6953887832897625,XGBoost,CAT-Solv-47,42,n-Pr acetate
43786,CCCOC(C)=O,-1.6258118887519637,XGBoost,CAT-Solv-47,42,n-Pr acetate
43787,CCCOC(C)=O,-1.5223257839427138,XGBoost,CAT-Solv-47,42,n-Pr acetate
43788,CCCOC(C)=O,-1.4386336803826163,XGBoost,CAT-Solv-47,42,n-Pr acetate
43789,CCCOC(C)=O,-1.3434078644367002,XGBoost,CAT-Solv-47,42,n-Pr acetate
43790,CCCOC(C)=O,-1.247714373270396,XGBoost,CAT-Solv-47,42,n-Pr acetate
43791,CCCOC(C)=O,-1.1456486917378788,XGBoost,CAT-Solv-47,42,n-Pr acetate
43792,CCCOC(C)=O,-1.0630686217808232,XGBoost,CAT-Solv-47,42,n-Pr acetate
43793,CCCOC(C)=O,-0.965220386538508,XGBoost,CAT-Solv-47,42,n-Pr acetate
43854,C1CCCCC1,-1.3546997771905298,XGBoost,CAT-Solv-47,42,Cyclohexane
43855,C1CCCCC1,-1.2563376957828405,XGBoost,CAT-Solv-47,42,Cyclohexane
43856,C1CCCCC1,-1.1593425287494985,XGBoost,CAT-Solv-47,42,Cyclohexane
43857,C1CCCCC1,-1.0633424933327256,XGBoost,CAT-Solv-47,42,Cyclohexane
43858,C1CCCCC1,-0.9664880431912002,XGBoost,CAT-Solv-47,42,Cyclohexane
43859,C1CCCCC1,-0.8704376275589639,XGBoost,CAT-Solv-47,42,Cyclohexane
43860,C1CCCCC1,-0.7727360998588021,XGBoost,CAT-Solv-47,42,Cyclohexane
43861,C1CCCCC1,-0.6740069785974574,XGBoost,CAT-Solv-47,42,Cyclohexane
44033,CN1CCCC1=O,-0.8579311593694644,XGBoost,CAT-Solv-47,42,NMP
44034,CN1CCCC1=O,-0.7809974889652702,XGBoost,CAT-Solv-47,42,NMP
44035,CN1CCCC1=O,-0.7139193356133329,XGBoost,CAT-Solv-47,42,NMP
44036,CN1CCCC1=O,-0.6465354444618019,XGBoost,CAT-Solv-47,42,NMP
44037,CN1CCCC1=O,-0.58226534004855,XGBoost,CAT-Solv-47,42,NMP
44038,CN1CCCC1=O,-0.5133332360753069,XGBoost,CAT-Solv-47,42,NMP
44039,CN1CCCC1=O,-0.448767534463555,XGBoost,CAT-Solv-47,42,NMP
44040,CN1CCCC1=O,-0.3798186082454006,XGBoost,CAT-Solv-47,42,NMP
44041,CN1CCCC1=O,-0.3138903862382254,XGBoost,CAT-Solv-47,42,NMP
44042,CN1CCCC1=O,-0.2627129458771391,XGBoost,CAT-Solv-47,42,NMP
44043,CS(C)=O,-0.2560685612450006,XGBoost,CAT-Solv-47,42,DMSO
44044,CS(C)=O,-0.1989852232255171,XGBoost,CAT-Solv-47,42,DMSO
44045,CS(C)=O,-0.1425407383087352,XGBoost,CAT-Solv-47,42,DMSO
44046,CS(C)=O,-0.0927052853944127,XGBoost,CAT-Solv-47,42,DMSO
44047,CS(C)=O,-0.040175060265106,XGBoost,CAT-Solv-47,42,DMSO
44048,CS(C)=O,0.0099362220658616,XGBoost,CAT-Solv-47,42,DMSO
44049,CS(C)=O,0.0599742068543965,XGBoost,CAT-Solv-47,42,DMSO
44210,OCCO,-2.158168279928642,XGBoost,CAT-Solv-47,42,Ethylene glycol
44211,OCCO,-2.107889149904248,XGBoost,CAT-Solv-47,42,Ethylene glycol
44212,OCCO,-2.0195827087192058,XGBoost,CAT-Solv-47,42,Ethylene glycol
44213,OCCO,-1.9246623724941645,XGBoost,CAT-Solv-47,42,Ethylene glycol
44214,OCCO,-1.837506021960018,XGBoost,CAT-Solv-47,42,Ethylene glycol
44215,OCCO,-1.760067121976827,XGBoost,CAT-Solv-47,42,Ethylene glycol
44216,OCCO,-1.701867887252846,XGBoost,CAT-Solv-47,42,Ethylene glycol
44217,OCCO,-1.6362862878748818,XGBoost,CAT-Solv-47,42,Ethylene glycol
44218,OCCO,-1.5900174156690166,XGBoost,CAT-Solv-47,42,Ethylene glycol
44219,OCCO,-1.541191749415007,XGBoost,CAT-Solv-47,42,Ethylene glycol
44274,CS(C)=O,-0.1123959005210954,XGBoost,CAT-Solv-47,42,DMSO
44275,CS(C)=O,-0.0570720779313099,XGBoost,CAT-Solv-47,42,DMSO
44276,CS(C)=O,0.0021266072365383,XGBoost,CAT-Solv-47,42,DMSO
44277,CS(C)=O,0.0426356535608088,XGBoost,CAT-Solv-47,42,DMSO
44278,CS(C)=O,0.0819005792488692,XGBoost,CAT-Solv-47,42,DMSO
44279,CS(C)=O,0.1414452126293691,XGBoost,CAT-Solv-47,42,DMSO
44280,CS(C)=O,0.1890983101716914,XGBoost,CAT-Solv-47,42,DMSO
44281,CS(C)=O,0.2367825813419807,XGBoost,CAT-Solv-47,42,DMSO
44282,CS(C)=O,0.2826276388318033,XGBoost,CAT-Solv-47,42,DMSO
44283,CS(C)=O,0.3268857919209185,XGBoost,CAT-Solv-47,42,DMSO
44463,CN1CCCC1=O,-0.0073379280193308,XGBoost,CAT-Solv-47,42,NMP
44464,CN1CCCC1=O,0.0009749528116713,XGBoost,CAT-Solv-47,42,NMP
44465,CN1CCCC1=O,0.0148319027923721,XGBoost,CAT-Solv-47,42,NMP
44466,CN1CCCC1=O,0.0310652447352043,XGBoost,CAT-Solv-47,42,NMP
44467,CN1CCCC1=O,0.0465813392246934,XGBoost,CAT-Solv-47,42,NMP
44468,CN1CCCC1=O,0.0641272007800057,XGBoost,CAT-Solv-47,42,NMP
44469,CN1CCCC1=O,0.0839604012895499,XGBoost,CAT-Solv-47,42,NMP
44470,CN1CCCC1=O,0.1021400097574085,XGBoost,CAT-Solv-47,42,NMP
44471,CN1CCCC1=O,0.1202932600342948,XGBoost,CAT-Solv-47,42,NMP
44472,CN1CCCC1=O,0.1383051218123272,XGBoost,CAT-Solv-47,42,NMP
44473,CN1CCCC1=O,0.1574878552683272,XGBoost,CAT-Solv-47,42,NMP
44474,CN1CCCC1=O,0.1767680345999005,XGBoost,CAT-Solv-47,42,NMP
44475,CN1CCCC1=O,0.195530505438797,XGBoost,CAT-Solv-47,42,NMP
44476,CN1CCCC1=O,0.2144342688505793,XGBoost,CAT-Solv-47,42,NMP
44477,CN1CCCC1=O,0.2367244672694537,XGBoost,CAT-Solv-47,42,NMP
44625,C1CCCCC1,-1.830143451324738,XGBoost,CAT-Solv-47,42,Cyclohexane
44626,C1CCCCC1,-1.659516103686114,XGBoost,CAT-Solv-47,42,Cyclohexane
44627,C1CCCCC1,-1.5312803970626825,XGBoost,CAT-Solv-47,42,Cyclohexane
44628,C1CCCCC1,-1.42569266340769,XGBoost,CAT-Solv-47,42,Cyclohexane
44629,C1CCCCC1,-1.310922079872487,XGBoost,CAT-Solv-47,42,Cyclohexane
44630,C1CCCCC1,-1.1822606786722367,XGBoost,CAT-Solv-47,42,Cyclohexane
44631,C1CCCCC1,-1.0635503522696612,XGBoost,CAT-Solv-47,42,Cyclohexane
44632,C1CCCCC1,-0.961377381228068,XGBoost,CAT-Solv-47,42,Cyclohexane
44633,C1CCCCC1,-0.8193967140783273,XGBoost,CAT-Solv-47,42,Cyclohexane
44634,C1CCCCC1,-0.7150723051732978,XGBoost,CAT-Solv-47,42,Cyclohexane
44844,C1CCCCC1,-1.2603653951483818,XGBoost,CAT-Solv-47,42,Cyclohexane
44845,C1CCCCC1,-1.152177051708129,XGBoost,CAT-Solv-47,42,Cyclohexane
44846,C1CCCCC1,-1.0516571935353305,XGBoost,CAT-Solv-47,42,Cyclohexane
44847,C1CCCCC1,-0.9418274010671386,XGBoost,CAT-Solv-47,42,Cyclohexane
44848,C1CCCCC1,-0.8357259528543549,XGBoost,CAT-Solv-47,42,Cyclohexane
44849,C1CCCCC1,-0.7050684409340195,XGBoost,CAT-Solv-47,42,Cyclohexane
44850,C1CCCCC1,-0.5484991498574778,XGBoost,CAT-Solv-47,42,Cyclohexane
44851,C1CCCCC1,-0.3890222688252965,XGBoost,CAT-Solv-47,42,Cyclohexane
44852,C1CCCCC1,-0.2341293561487689,XGBoost,CAT-Solv-47,42,Cyclohexane
45061,CCCOC(C)=O,-0.0271502146624106,XGBoost,CAT-Solv-47,42,n-Pr acetate
45062,CCCOC(C)=O,0.0026716638183823,XGBoost,CAT-Solv-47,42,n-Pr acetate
45063,CCCOC(C)=O,0.0441431031704788,XGBoost,CAT-Solv-47,42,n-Pr acetate
45064,CCCOC(C)=O,0.1030269611151768,XGBoost,CAT-Solv-47,42,n-Pr acetate
45065,CCCOC(C)=O,0.160879207311568,XGBoost,CAT-Solv-47,42,n-Pr acetate
45066,CCCOC(C)=O,0.2171471977733589,XGBoost,CAT-Solv-47,42,n-Pr acetate
45067,CCCOC(C)=O,0.2797848782287935,XGBoost,CAT-Solv-47,42,n-Pr acetate
45068,CCCOC(C)=O,0.354519297194434,XGBoost,CAT-Solv-47,42,n-Pr acetate
45069,CCCOC(C)=O,0.4328320993216652,XGBoost,CAT-Solv-47,42,n-Pr acetate
45070,CCCOC(C)=O,0.5490593527192165,XGBoost,CAT-Solv-47,42,n-Pr acetate
45318,C1CCCCC1,-3.630970013294906,XGBoost,CAT-Solv-47,42,Cyclohexane
45319,C1CCCCC1,-3.5714460376459622,XGBoost,CAT-Solv-47,42,Cyclohexane
45320,C1CCCCC1,-3.5037624015071165,XGBoost,CAT-Solv-47,42,Cyclohexane
45321,C1CCCCC1,-3.4447072700165595,XGBoost,CAT-Solv-47,42,Cyclohexane
45322,C1CCCCC1,-3.3832358102051336,XGBoost,CAT-Solv-47,42,Cyclohexane
45323,C1CCCCC1,-3.3131761928962047,XGBoost,CAT-Solv-47,42,Cyclohexane
45324,C1CCCCC1,-3.249117429766117,XGBoost,CAT-Solv-47,42,Cyclohexane
45325,C1CCCCC1,-3.193257982488164,XGBoost,CAT-Solv-47,42,Cyclohexane
45326,C1CCCCC1,-3.1316133807884503,XGBoost,CAT-Solv-47,42,Cyclohexane
45327,C1CCCCC1,-3.073757384407959,XGBoost,CAT-Solv-47,42,Cyclohexane
45328,C1CCCCC1,-3.009896596323468,XGBoost,CAT-Solv-47,42,Cyclohexane
45329,C1CCCCC1,-2.9560379498645593,XGBoost,CAT-Solv-47,42,Cyclohexane
45330,C1CCCCC1,-2.900162035802069,XGBoost,CAT-Solv-47,42,Cyclohexane
45483,CN1CCCC1=O,-0.1825515887546964,XGBoost,CAT-Solv-47,42,NMP
45484,CN1CCCC1=O,-0.1264558147828461,XGBoost,CAT-Solv-47,42,NMP
45485,CN1CCCC1=O,-0.0609837217421499,XGBoost,CAT-Solv-47,42,NMP
45486,CN1CCCC1=O,-0.0491122559032068,XGBoost,CAT-Solv-47,42,NMP
45487,CN1CCCC1=O,0.0144098311686346,XGBoost,CAT-Solv-47,42,NMP
45545,CN1CCCC1=O,-0.134722487453904,XGBoost,CAT-Solv-47,42,NMP
45546,CN1CCCC1=O,0.0981199915233895,XGBoost,CAT-Solv-47,42,NMP
45547,CN1CCCC1=O,0.3220502185469487,XGBoost,CAT-Solv-47,42,NMP
45548,CN1CCCC1=O,0.569357475838396,XGBoost,CAT-Solv-47,42,NMP
45549,CN1CCCC1=O,0.853458071445499,XGBoost,CAT-Solv-47,42,NMP
45556,CS(C)=O,-0.372552880419908,XGBoost,CAT-Solv-47,42,DMSO
45557,CS(C)=O,-0.0446943318462804,XGBoost,CAT-Solv-47,42,DMSO
45558,CS(C)=O,0.3044091777739842,XGBoost,CAT-Solv-47,42,DMSO
45559,CS(C)=O,0.67279144328964,XGBoost,CAT-Solv-47,42,DMSO
45560,CS(C)=O,1.1329348862008333,XGBoost,CAT-Solv-47,42,DMSO
45566,OCCO,0.3579938785424069,XGBoost,CAT-Solv-47,42,Ethylene glycol
45567,OCCO,0.3833093053843297,XGBoost,CAT-Solv-47,42,Ethylene glycol
45568,OCCO,0.4195733191438616,XGBoost,CAT-Solv-47,42,Ethylene glycol
45569,OCCO,0.4571952273792367,XGBoost,CAT-Solv-47,42,Ethylene glycol
45570,OCCO,0.5046238928689153,XGBoost,CAT-Solv-47,42,Ethylene glycol
46768,CS(C)=O,0.1219151635566496,XGBoost,CAT-Solv-47,42,DMSO
46769,CS(C)=O,0.1243527620034989,XGBoost,CAT-Solv-47,42,DMSO
46770,CS(C)=O,0.1274168110701551,XGBoost,CAT-Solv-47,42,DMSO
46771,CS(C)=O,0.1302594302381476,XGBoost,CAT-Solv-47,42,DMSO
46772,CS(C)=O,0.1323663308906629,XGBoost,CAT-Solv-47,42,DMSO
46773,CS(C)=O,0.1347375944154226,XGBoost,CAT-Solv-47,42,DMSO
46774,CS(C)=O,0.1379109495079536,XGBoost,CAT-Solv-47,42,DMSO
46775,CS(C)=O,0.1441695040317994,XGBoost,CAT-Solv-47,42,DMSO
46776,CS(C)=O,0.151234939584149,XGBoost,CAT-Solv-47,42,DMSO
47376,OCCO,-0.1459877807577991,XGBoost,CAT-Solv-47,42,Ethylene glycol
47377,OCCO,-0.1021991692837229,XGBoost,CAT-Solv-47,42,Ethylene glycol
47378,OCCO,-0.0599037069460789,XGBoost,CAT-Solv-47,42,Ethylene glycol
47379,OCCO,-0.0318570924777343,XGBoost,CAT-Solv-47,42,Ethylene glycol
47380,OCCO,-0.003442439486799,XGBoost,CAT-Solv-47,42,Ethylene glycol
47381,OCCO,0.0248601011112864,XGBoost,CAT-Solv-47,42,Ethylene glycol
47382,OCCO,0.0426742269317488,XGBoost,CAT-Solv-47,42,Ethylene glycol
47383,OCCO,0.0707295866528918,XGBoost,CAT-Solv-47,42,Ethylene glycol
47384,OCCO,0.0895183636603247,XGBoost,CAT-Solv-47,42,Ethylene glycol
47385,OCCO,0.1206059344535576,XGBoost,CAT-Solv-47,42,Ethylene glycol
47386,OCCO,0.1568848603890538,XGBoost,CAT-Solv-47,42,Ethylene glycol
47387,OCCO,0.195792293703596,XGBoost,CAT-Solv-47,42,Ethylene glycol
47397,C1CCCCC1,-1.846355327418848,XGBoost,CAT-Solv-47,42,Cyclohexane
47398,C1CCCCC1,-1.751111784362997,XGBoost,CAT-Solv-47,42,Cyclohexane
47399,C1CCCCC1,-1.6429928458354868,XGBoost,CAT-Solv-47,42,Cyclohexane
47400,C1CCCCC1,-1.5442443067001317,XGBoost,CAT-Solv-47,42,Cyclohexane
47401,C1CCCCC1,-1.439641427668349,XGBoost,CAT-Solv-47,42,Cyclohexane
47402,C1CCCCC1,-1.350228591551483,XGBoost,CAT-Solv-47,42,Cyclohexane
47403,C1CCCCC1,-1.270323578608887,XGBoost,CAT-Solv-47,42,Cyclohexane
47404,C1CCCCC1,-1.18127874238483,XGBoost,CAT-Solv-47,42,Cyclohexane
47568,C1CCCCC1,-0.543427962092164,XGBoost,CAT-Solv-47,42,Cyclohexane
47569,C1CCCCC1,-0.4192851711360918,XGBoost,CAT-Solv-47,42,Cyclohexane
47570,C1CCCCC1,-0.3074238549478141,XGBoost,CAT-Solv-47,42,Cyclohexane
47571,C1CCCCC1,-0.1581896362044066,XGBoost,CAT-Solv-47,42,Cyclohexane
47572,C1CCCCC1,-0.0214859503385069,XGBoost,CAT-Solv-47,42,Cyclohexane
47573,C1CCCCC1,0.0625132681164319,XGBoost,CAT-Solv-47,42,Cyclohexane
47574,C1CCCCC1,0.1377498904194669,XGBoost,CAT-Solv-47,42,Cyclohexane
47575,C1CCCCC1,0.3050908221799828,XGBoost,CAT-Solv-47,42,Cyclohexane
47576,C1CCCCC1,0.4697269500503129,XGBoost,CAT-Solv-47,42,Cyclohexane
47595,CCCOC(C)=O,-0.3496867060947046,XGBoost,CAT-Solv-47,42,n-Pr acetate
47596,CCCOC(C)=O,-0.2273252756226297,XGBoost,CAT-Solv-47,42,n-Pr acetate
47597,CCCOC(C)=O,-0.1167673074437469,XGBoost,CAT-Solv-47,42,n-Pr acetate
47598,CCCOC(C)=O,-0.0065875722398723,XGBoost,CAT-Solv-47,42,n-Pr acetate
47599,CCCOC(C)=O,0.0894768592735677,XGBoost,CAT-Solv-47,42,n-Pr acetate
47600,CCCOC(C)=O,0.201575602849507,XGBoost,CAT-Solv-47,42,n-Pr acetate
47601,CCCOC(C)=O,0.3334409816189989,XGBoost,CAT-Solv-47,42,n-Pr acetate
47602,CCCOC(C)=O,0.4287870748944365,XGBoost,CAT-Solv-47,42,n-Pr acetate
47603,CCCOC(C)=O,0.5231267375332325,XGBoost,CAT-Solv-47,42,n-Pr acetate
47661,OCCO,-0.8686666474972927,XGBoost,CAT-Solv-47,42,Ethylene glycol
47662,OCCO,-0.8312148748750349,XGBoost,CAT-Solv-47,42,Ethylene glycol
47663,OCCO,-0.804573437907797,XGBoost,CAT-Solv-47,42,Ethylene glycol
47664,OCCO,-0.7583420883067934,XGBoost,CAT-Solv-47,42,Ethylene glycol
47665,OCCO,-0.7327331205361487,XGBoost,CAT-Solv-47,42,Ethylene glycol
47666,OCCO,-0.6837373435761381,XGBoost,CAT-Solv-47,42,Ethylene glycol
47667,C1CCCCC1,-3.079584071060101,XGBoost,CAT-Solv-47,42,Cyclohexane
47668,C1CCCCC1,-2.9692697272837445,XGBoost,CAT-Solv-47,42,Cyclohexane
47669,C1CCCCC1,-2.8481482898648864,XGBoost,CAT-Solv-47,42,Cyclohexane
47670,C1CCCCC1,-2.7277391186541013,XGBoost,CAT-Solv-47,42,Cyclohexane
47671,C1CCCCC1,-2.606935697597587,XGBoost,CAT-Solv-47,42,Cyclohexane
47672,C1CCCCC1,-2.4976596715406836,XGBoost,CAT-Solv-47,42,Cyclohexane
47673,C1CCCCC1,-2.387711065818759,XGBoost,CAT-Solv-47,42,Cyclohexane
47674,C1CCCCC1,-2.284764328476505,XGBoost,CAT-Solv-47,42,Cyclohexane
47922,CN1CCCC1=O,-0.8649063005540929,XGBoost,CAT-Solv-47,42,NMP
47923,CN1CCCC1=O,-0.823943315929262,XGBoost,CAT-Solv-47,42,NMP
47924,CN1CCCC1=O,-0.7848580404769159,XGBoost,CAT-Solv-47,42,NMP
47925,CN1CCCC1=O,-0.7485313351782571,XGBoost,CAT-Solv-47,42,NMP
47926,CN1CCCC1=O,-0.709084730215503,XGBoost,CAT-Solv-47,42,NMP
47927,CN1CCCC1=O,-0.6717236928238637,XGBoost,CAT-Solv-47,42,NMP
47928,CN1CCCC1=O,-0.6363963583330243,XGBoost,CAT-Solv-47,42,NMP
47929,CN1CCCC1=O,-0.6047027505492923,XGBoost,CAT-Solv-47,42,NMP
47930,CN1CCCC1=O,-0.570422464367455,XGBoost,CAT-Solv-47,42,NMP
47931,CN1CCCC1=O,-0.5381809512762082,XGBoost,CAT-Solv-47,42,NMP
47932,CN1CCCC1=O,-0.5036152829371339,XGBoost,CAT-Solv-47,42,NMP
47933,CN1CCCC1=O,-0.4699031705555572,XGBoost,CAT-Solv-47,42,NMP
47934,CN1CCCC1=O,-0.4368727892876562,XGBoost,CAT-Solv-47,42,NMP
47935,CN1CCCC1=O,-0.403175650376066,XGBoost,CAT-Solv-47,42,NMP
47936,CN1CCCC1=O,-0.3657687211244491,XGBoost,CAT-Solv-47,42,NMP
48257,OCCO,-3.043701067906055,XGBoost,CAT-Solv-47,42,Ethylene glycol
48258,OCCO,-2.9755050380768244,XGBoost,CAT-Solv-47,42,Ethylene glycol
48259,OCCO,-2.8711734087460488,XGBoost,CAT-Solv-47,42,Ethylene glycol
48260,OCCO,-2.805086748892248,XGBoost,CAT-Solv-47,42,Ethylene glycol
48261,OCCO,-2.719574403619248,XGBoost,CAT-Solv-47,42,Ethylene glycol
48262,OCCO,-2.639760700537616,XGBoost,CAT-Solv-47,42,Ethylene glycol
48263,OCCO,-2.558604604713812,XGBoost,CAT-Solv-47,42,Ethylene glycol
48264,OCCO,-2.4499303865031683,XGBoost,CAT-Solv-47,42,Ethylene glycol
48265,OCCO,-2.3428894830162736,XGBoost,CAT-Solv-47,42,Ethylene glycol
48266,OCCO,-2.2645520038470437,XGBoost,CAT-Solv-47,42,Ethylene glycol
48267,C1CCCCC1,-2.081713006553434,XGBoost,CAT-Solv-47,42,Cyclohexane
48268,C1CCCCC1,-2.084394178874857,XGBoost,CAT-Solv-47,42,Cyclohexane
48269,C1CCCCC1,-1.9998548850715137,XGBoost,CAT-Solv-47,42,Cyclohexane
48270,C1CCCCC1,-1.964737536148454,XGBoost,CAT-Solv-47,42,Cyclohexane
48271,C1CCCCC1,-1.9004355417818872,XGBoost,CAT-Solv-47,42,Cyclohexane
48272,C1CCCCC1,-1.8451056646352644,XGBoost,CAT-Solv-47,42,Cyclohexane
48334,C1CCCCC1,-2.0165566029260664,XGBoost,CAT-Solv-47,42,Cyclohexane
48335,C1CCCCC1,-1.9566630248538692,XGBoost,CAT-Solv-47,42,Cyclohexane
48336,C1CCCCC1,-1.8979795261198409,XGBoost,CAT-Solv-47,42,Cyclohexane
48337,C1CCCCC1,-1.8319913974337212,XGBoost,CAT-Solv-47,42,Cyclohexane
48338,C1CCCCC1,-1.7757726859228509,XGBoost,CAT-Solv-47,42,Cyclohexane
48339,C1CCCCC1,-1.7094799876083115,XGBoost,CAT-Solv-47,42,Cyclohexane
48340,C1CCCCC1,-1.651344428943492,XGBoost,CAT-Solv-47,42,Cyclohexane
48341,C1CCCCC1,-1.5903239976084005,XGBoost,CAT-Solv-47,42,Cyclohexane
48342,C1CCCCC1,-1.5345649618997657,XGBoost,CAT-Solv-47,42,Cyclohexane
48343,C1CCCCC1,-1.4712333576026178,XGBoost,CAT-Solv-47,42,Cyclohexane
48344,C1CCCCC1,-1.4124415681912692,XGBoost,CAT-Solv-47,42,Cyclohexane
48345,C1CCCCC1,-1.3514567952991592,XGBoost,CAT-Solv-47,42,Cyclohexane
48346,C1CCCCC1,-1.2925346215450315,XGBoost,CAT-Solv-47,42,Cyclohexane
48570,C1CCCCC1,-0.8642452084736403,XGBoost,CAT-Solv-47,42,Cyclohexane
48571,C1CCCCC1,-0.5821846294711637,XGBoost,CAT-Solv-47,42,Cyclohexane
48572,C1CCCCC1,-0.3116628497411818,XGBoost,CAT-Solv-47,42,Cyclohexane
48573,C1CCCCC1,-0.2314991610721102,XGBoost,CAT-Solv-47,42,Cyclohexane
48574,C1CCCCC1,-0.0639495980153306,XGBoost,CAT-Solv-47,42,Cyclohexane
48575,C1CCCCC1,0.0200722129444742,XGBoost,CAT-Solv-47,42,Cyclohexane
48576,C1CCCCC1,0.1490133775164769,XGBoost,CAT-Solv-47,42,Cyclohexane
48577,C1CCCCC1,0.2970792187483165,XGBoost,CAT-Solv-47,42,Cyclohexane
48652,CN1CCCC1=O,0.929654609547838,XGBoost,CAT-Solv-47,42,NMP
48653,CN1CCCC1=O,0.93972874651372,XGBoost,CAT-Solv-47,42,NMP
48654,CN1CCCC1=O,0.9659998024137882,XGBoost,CAT-Solv-47,42,NMP
48655,CN1CCCC1=O,0.99731690018447,XGBoost,CAT-Solv-47,42,NMP
48656,CN1CCCC1=O,1.012655737152096,XGBoost,CAT-Solv-47,42,NMP
48657,CN1CCCC1=O,1.0286837387793342,XGBoost,CAT-Solv-47,42,NMP
48658,CN1CCCC1=O,1.0421105131222594,XGBoost,CAT-Solv-47,42,NMP
48659,CN1CCCC1=O,1.062871324690001,XGBoost,CAT-Solv-47,42,NMP
48660,CN1CCCC1=O,1.080628405925639,XGBoost,CAT-Solv-47,42,NMP
48661,CN1CCCC1=O,1.1083656276351936,XGBoost,CAT-Solv-47,42,NMP
48662,CS(C)=O,1.144055392659251,XGBoost,CAT-Solv-47,42,DMSO
48663,CS(C)=O,1.1698078160247127,XGBoost,CAT-Solv-47,42,DMSO
48664,CS(C)=O,1.18484493696081,XGBoost,CAT-Solv-47,42,DMSO
48665,CS(C)=O,1.2021346580232033,XGBoost,CAT-Solv-47,42,DMSO
48666,CS(C)=O,1.2074442655703237,XGBoost,CAT-Solv-47,42,DMSO
48667,CS(C)=O,1.215706599106868,XGBoost,CAT-Solv-47,42,DMSO
48668,CS(C)=O,1.2240489885820314,XGBoost,CAT-Solv-47,42,DMSO
48669,CS(C)=O,1.2401217756675391,XGBoost,CAT-Solv-47,42,DMSO
48670,CS(C)=O,1.2605529161002045,XGBoost,CAT-Solv-47,42,DMSO
48671,CS(C)=O,1.2786630897969256,XGBoost,CAT-Solv-47,42,DMSO
48672,CS(C)=O,1.2942177645019133,XGBoost,CAT-Solv-47,42,DMSO
48673,CS(C)=O,1.3092791270484665,XGBoost,CAT-Solv-47,42,DMSO
48674,CS(C)=O,1.3234867055866697,XGBoost,CAT-Solv-47,42,DMSO
48675,CS(C)=O,1.3397040803996334,XGBoost,CAT-Solv-47,42,DMSO
48935,OCCO,-2.0773708397818695,XGBoost,CAT-Solv-47,42,Ethylene glycol
48936,OCCO,-2.020697261893153,XGBoost,CAT-Solv-47,42,Ethylene glycol
48937,OCCO,-1.9600260428784493,XGBoost,CAT-Solv-47,42,Ethylene glycol
48938,OCCO,-1.9077486915080188,XGBoost,CAT-Solv-47,42,Ethylene glycol
48939,OCCO,-1.856311291322805,XGBoost,CAT-Solv-47,42,Ethylene glycol
48940,OCCO,-1.8243604065686867,XGBoost,CAT-Solv-47,42,Ethylene glycol
48941,OCCO,-1.7727278848614327,XGBoost,CAT-Solv-47,42,Ethylene glycol
48942,OCCO,-1.7020922532095275,XGBoost,CAT-Solv-47,42,Ethylene glycol
48943,OCCO,-1.6454475232260315,XGBoost,CAT-Solv-47,42,Ethylene glycol
49101,C1CCCCC1,-2.3957271436464205,XGBoost,CAT-Solv-47,42,Cyclohexane
49102,C1CCCCC1,-2.3381455241925564,XGBoost,CAT-Solv-47,42,Cyclohexane
49103,C1CCCCC1,-2.2783171829734656,XGBoost,CAT-Solv-47,42,Cyclohexane
49104,C1CCCCC1,-2.222729890356689,XGBoost,CAT-Solv-47,42,Cyclohexane
49105,C1CCCCC1,-2.1663233150650365,XGBoost,CAT-Solv-47,42,Cyclohexane
49106,C1CCCCC1,-2.111017424435615,XGBoost,CAT-Solv-47,42,Cyclohexane
49107,C1CCCCC1,-2.0567481167196617,XGBoost,CAT-Solv-47,42,Cyclohexane
49108,C1CCCCC1,-2.005889934538727,XGBoost,CAT-Solv-47,42,Cyclohexane
49109,C1CCCCC1,-1.9489738749131384,XGBoost,CAT-Solv-47,42,Cyclohexane
49110,C1CCCCC1,-1.899346837354786,XGBoost,CAT-Solv-47,42,Cyclohexane
49111,C1CCCCC1,-1.8485109884714868,XGBoost,CAT-Solv-47,42,Cyclohexane
49112,C1CCCCC1,-1.803610381838259,XGBoost,CAT-Solv-47,42,Cyclohexane
49113,C1CCCCC1,-1.7549440036777932,XGBoost,CAT-Solv-47,42,Cyclohexane
49305,OCCO,-3.3417763924540957,XGBoost,CAT-Solv-47,42,Ethylene glycol
49306,OCCO,-3.3329562329914055,XGBoost,CAT-Solv-47,42,Ethylene glycol
49307,OCCO,-3.2676088420748215,XGBoost,CAT-Solv-47,42,Ethylene glycol
49308,OCCO,-3.2850990261611,XGBoost,CAT-Solv-47,42,Ethylene glycol
49309,OCCO,-3.26467172234283,XGBoost,CAT-Solv-47,42,Ethylene glycol
49396,OCCO,-2.8184668768627748,XGBoost,CAT-Solv-47,42,Ethylene glycol
49397,OCCO,-2.7527797087965946,XGBoost,CAT-Solv-47,42,Ethylene glycol
49398,OCCO,-2.687192198247468,XGBoost,CAT-Solv-47,42,Ethylene glycol
49399,OCCO,-2.6266242701336298,XGBoost,CAT-Solv-47,42,Ethylene glycol
49400,OCCO,-2.566863855592781,XGBoost,CAT-Solv-47,42,Ethylene glycol
49401,OCCO,-2.50638730369078,XGBoost,CAT-Solv-47,42,Ethylene glycol
49402,OCCO,-2.447339243163812,XGBoost,CAT-Solv-47,42,Ethylene glycol
49403,OCCO,-2.38620820539244,XGBoost,CAT-Solv-47,42,Ethylene glycol
49404,OCCO,-2.323183163752329,XGBoost,CAT-Solv-47,42,Ethylene glycol
49405,OCCO,-2.2534242960184736,XGBoost,CAT-Solv-47,42,Ethylene glycol
49461,CCCOC(C)=O,-0.8852783822642157,XGBoost,CAT-Solv-47,42,n-Pr acetate
49462,CCCOC(C)=O,-0.8382440181921735,XGBoost,CAT-Solv-47,42,n-Pr acetate
49463,CCCOC(C)=O,-0.7810183080990479,XGBoost,CAT-Solv-47,42,n-Pr acetate
49464,CCCOC(C)=O,-0.7260381617519095,XGBoost,CAT-Solv-47,42,n-Pr acetate
49465,CCCOC(C)=O,-0.6804139417104119,XGBoost,CAT-Solv-47,42,n-Pr acetate
49466,CCCOC(C)=O,-0.6319481490327349,XGBoost,CAT-Solv-47,42,n-Pr acetate
49467,CCCOC(C)=O,-0.5805545649194025,XGBoost,CAT-Solv-47,42,n-Pr acetate
49468,CCCOC(C)=O,-0.5409434409320681,XGBoost,CAT-Solv-47,42,n-Pr acetate
49469,CCCOC(C)=O,-0.4955417327619053,XGBoost,CAT-Solv-47,42,n-Pr acetate
49637,C1CCCCC1,-0.7322640461395822,XGBoost,CAT-Solv-47,42,Cyclohexane
49638,C1CCCCC1,-0.5931880004196162,XGBoost,CAT-Solv-47,42,Cyclohexane
49639,C1CCCCC1,-0.4589849827339885,XGBoost,CAT-Solv-47,42,Cyclohexane
49640,C1CCCCC1,-0.3292303201696425,XGBoost,CAT-Solv-47,42,Cyclohexane
49641,C1CCCCC1,-0.2039550646332462,XGBoost,CAT-Solv-47,42,Cyclohexane
49642,C1CCCCC1,-0.0828231631466809,XGBoost,CAT-Solv-47,42,Cyclohexane
49643,C1CCCCC1,0.0342789509281752,XGBoost,CAT-Solv-47,42,Cyclohexane
49644,C1CCCCC1,0.1476288582434537,XGBoost,CAT-Solv-47,42,Cyclohexane
49645,C1CCCCC1,0.2573822391669961,XGBoost,CAT-Solv-47,42,Cyclohexane
49646,C1CCCCC1,0.3637153227455125,XGBoost,CAT-Solv-47,42,Cyclohexane
49647,C1CCCCC1,0.4669322045208531,XGBoost,CAT-Solv-47,42,Cyclohexane
49837,OCCO,-1.8420287189458535,XGBoost,CAT-Solv-47,42,Ethylene glycol
49838,OCCO,-1.7735041066718706,XGBoost,CAT-Solv-47,42,Ethylene glycol
49839,OCCO,-1.7087661612922531,XGBoost,CAT-Solv-47,42,Ethylene glycol
49840,OCCO,-1.6632409810879287,XGBoost,CAT-Solv-47,42,Ethylene glycol
49841,OCCO,-1.5882079160461662,XGBoost,CAT-Solv-47,42,Ethylene glycol
49842,OCCO,-1.5348497627623137,XGBoost,CAT-Solv-47,42,Ethylene glycol
49843,OCCO,-1.4644997497607974,XGBoost,CAT-Solv-47,42,Ethylene glycol
49844,OCCO,-1.4010213133691674,XGBoost,CAT-Solv-47,42,Ethylene glycol
49845,OCCO,-1.3396911465009445,XGBoost,CAT-Solv-47,42,Ethylene glycol
49954,CCCOC(C)=O,-3.319987469006351,XGBoost,CAT-Solv-47,42,n-Pr acetate
49955,CCCOC(C)=O,-3.167399357884611,XGBoost,CAT-Solv-47,42,n-Pr acetate
49956,CCCOC(C)=O,-3.019548159626396,XGBoost,CAT-Solv-47,42,n-Pr acetate
49957,CCCOC(C)=O,-2.8768650992356224,XGBoost,CAT-Solv-47,42,n-Pr acetate
49958,CCCOC(C)=O,-2.738976440790732,XGBoost,CAT-Solv-47,42,n-Pr acetate
49959,CCCOC(C)=O,-2.6039150924852272,XGBoost,CAT-Solv-47,42,n-Pr acetate
49960,CCCOC(C)=O,-2.4740825833318545,XGBoost,CAT-Solv-47,42,n-Pr acetate
49961,CCCOC(C)=O,-2.347139491495246,XGBoost,CAT-Solv-47,42,n-Pr acetate
49962,CCCOC(C)=O,-2.217971581960242,XGBoost,CAT-Solv-47,42,n-Pr acetate
50094,CCCOC(C)=O,-1.98856548101538,XGBoost,CAT-Solv-47,42,n-Pr acetate
50095,CCCOC(C)=O,-1.8877480861272824,XGBoost,CAT-Solv-47,42,n-Pr acetate
50096,CCCOC(C)=O,-1.8364863054175768,XGBoost,CAT-Solv-47,42,n-Pr acetate
50097,CCCOC(C)=O,-1.7552175806487396,XGBoost,CAT-Solv-47,42,n-Pr acetate
50098,CCCOC(C)=O,-1.6788436299888987,XGBoost,CAT-Solv-47,42,n-Pr acetate
50099,CCCOC(C)=O,-1.604741168014346,XGBoost,CAT-Solv-47,42,n-Pr acetate
50100,CCCOC(C)=O,-1.5148966021749364,XGBoost,CAT-Solv-47,42,n-Pr acetate
50101,CCCOC(C)=O,-1.4426903674269826,XGBoost,CAT-Solv-47,42,n-Pr acetate
50471,CS(C)=O,-3.699239372398,XGBoost,CAT-Solv-47,42,DMSO
50472,CS(C)=O,-3.4671069090384266,XGBoost,CAT-Solv-47,42,DMSO
50473,CS(C)=O,-3.281074707508627,XGBoost,CAT-Solv-47,42,DMSO
50474,CS(C)=O,-3.0788285125495447,XGBoost,CAT-Solv-47,42,DMSO
50475,CS(C)=O,-3.103053000866097,XGBoost,CAT-Solv-47,42,DMSO
50476,CS(C)=O,-2.9101401321997007,XGBoost,CAT-Solv-47,42,DMSO
50477,CS(C)=O,-2.9289314318629103,XGBoost,CAT-Solv-47,42,DMSO
50478,CS(C)=O,-2.730320202798247,XGBoost,CAT-Solv-47,42,DMSO
50479,CS(C)=O,-2.7479725738609857,XGBoost,CAT-Solv-47,42,DMSO
50480,CS(C)=O,-2.581364336441769,XGBoost,CAT-Solv-47,42,DMSO
50481,CS(C)=O,-2.619116999855973,XGBoost,CAT-Solv-47,42,DMSO
50482,CS(C)=O,-2.4224841407296944,XGBoost,CAT-Solv-47,42,DMSO
50483,CS(C)=O,-2.4391776190865415,XGBoost,CAT-Solv-47,42,DMSO
50484,CS(C)=O,-2.2810688054399937,XGBoost,CAT-Solv-47,42,DMSO
50485,CS(C)=O,-2.307227769737239,XGBoost,CAT-Solv-47,42,DMSO
50486,CS(C)=O,-2.131121267787946,XGBoost,CAT-Solv-47,42,DMSO
50487,CS(C)=O,-2.1387883217555705,XGBoost,CAT-Solv-47,42,DMSO
50599,CCCOC(C)=O,-1.0651200664547824,XGBoost,CAT-Solv-47,42,n-Pr acetate
50600,CCCOC(C)=O,-1.035229229183963,XGBoost,CAT-Solv-47,42,n-Pr acetate
50601,CCCOC(C)=O,-0.9444025826307714,XGBoost,CAT-Solv-47,42,n-Pr acetate
50602,CCCOC(C)=O,-0.8808490431151664,XGBoost,CAT-Solv-47,42,n-Pr acetate
50603,CCCOC(C)=O,-0.8027740021981111,XGBoost,CAT-Solv-47,42,n-Pr acetate
50604,CCCOC(C)=O,-0.7077625668558644,XGBoost,CAT-Solv-47,42,n-Pr acetate
50605,CCCOC(C)=O,-0.6479891162646979,XGBoost,CAT-Solv-47,42,n-Pr acetate
50606,CCCOC(C)=O,-0.5637956642525631,XGBoost,CAT-Solv-47,42,n-Pr acetate
50783,CN1CCCC1=O,0.1410412628496695,XGBoost,CAT-Solv-47,42,NMP
50784,CN1CCCC1=O,0.1898498245111909,XGBoost,CAT-Solv-47,42,NMP
50785,CN1CCCC1=O,0.2374675888352332,XGBoost,CAT-Solv-47,42,NMP
50786,CN1CCCC1=O,0.278848689397965,XGBoost,CAT-Solv-47,42,NMP
50787,CN1CCCC1=O,0.3285831511533152,XGBoost,CAT-Solv-47,42,NMP
50788,CN1CCCC1=O,0.3691335071982481,XGBoost,CAT-Solv-47,42,NMP
50789,CN1CCCC1=O,0.4136551056110403,XGBoost,CAT-Solv-47,42,NMP
50790,CN1CCCC1=O,0.4513583722722794,XGBoost,CAT-Solv-47,42,NMP
50791,CN1CCCC1=O,0.4981930525739554,XGBoost,CAT-Solv-47,42,NMP
50792,CN1CCCC1=O,0.5371133335613067,XGBoost,CAT-Solv-47,42,NMP
50874,CS(C)=O,-0.5864745228525614,XGBoost,CAT-Solv-47,42,DMSO
50875,CS(C)=O,-0.4530025321603734,XGBoost,CAT-Solv-47,42,DMSO
50876,CS(C)=O,-0.3593467265410455,XGBoost,CAT-Solv-47,42,DMSO
50877,CS(C)=O,-0.2847514250596136,XGBoost,CAT-Solv-47,42,DMSO
50878,CS(C)=O,-0.2457794847236059,XGBoost,CAT-Solv-47,42,DMSO
50879,CS(C)=O,-0.2026558583994858,XGBoost,CAT-Solv-47,42,DMSO
50880,CS(C)=O,-0.1670521375459926,XGBoost,CAT-Solv-47,42,DMSO
50881,CS(C)=O,-0.1255676792357701,XGBoost,CAT-Solv-47,42,DMSO
50882,CS(C)=O,-0.1162345930266829,XGBoost,CAT-Solv-47,42,DMSO
50883,CS(C)=O,-0.0913360462887822,XGBoost,CAT-Solv-47,42,DMSO
50884,OCCO,-0.85418125954393,XGBoost,CAT-Solv-47,42,Ethylene glycol
50885,OCCO,-0.7067212467134887,XGBoost,CAT-Solv-47,42,Ethylene glycol
50886,OCCO,-0.5755257917732833,XGBoost,CAT-Solv-47,42,Ethylene glycol
50887,OCCO,-0.4772035473763863,XGBoost,CAT-Solv-47,42,Ethylene glycol
50888,OCCO,-0.3969785910428349,XGBoost,CAT-Solv-47,42,Ethylene glycol
50889,OCCO,-0.3256736219110104,XGBoost,CAT-Solv-47,42,Ethylene glycol
50890,OCCO,-0.2644100615479424,XGBoost,CAT-Solv-47,42,Ethylene glycol
50891,OCCO,-0.2255812879642603,XGBoost,CAT-Solv-47,42,Ethylene glycol
50892,OCCO,-0.1898567387927041,XGBoost,CAT-Solv-47,42,Ethylene glycol
50893,OCCO,-0.1630033725902107,XGBoost,CAT-Solv-47,42,Ethylene glycol
51239,C1CCCCC1,0.1507006949453959,XGBoost,CAT-Solv-47,42,Cyclohexane
51240,C1CCCCC1,0.2074485576894216,XGBoost,CAT-Solv-47,42,Cyclohexane
51241,C1CCCCC1,0.2666334614933329,XGBoost,CAT-Solv-47,42,Cyclohexane
51242,C1CCCCC1,0.3265910952709561,XGBoost,CAT-Solv-47,42,Cyclohexane
51243,C1CCCCC1,0.3850554013433134,XGBoost,CAT-Solv-47,42,Cyclohexane
51244,C1CCCCC1,0.4427052783911572,XGBoost,CAT-Solv-47,42,Cyclohexane
51245,C1CCCCC1,0.4992918063090283,XGBoost,CAT-Solv-47,42,Cyclohexane
51246,C1CCCCC1,0.5662759012166848,XGBoost,CAT-Solv-47,42,Cyclohexane
51247,C1CCCCC1,0.6310774621835665,XGBoost,CAT-Solv-47,42,Cyclohexane
51248,C1CCCCC1,0.6924766007635365,XGBoost,CAT-Solv-47,42,Cyclohexane
51249,C1CCCCC1,0.7661918377747301,XGBoost,CAT-Solv-47,42,Cyclohexane
51250,C1CCCCC1,0.8430944916490217,XGBoost,CAT-Solv-47,42,Cyclohexane
51251,C1CCCCC1,0.923293569733918,XGBoost,CAT-Solv-47,42,Cyclohexane
51252,C1CCCCC1,1.005077940135185,XGBoost,CAT-Solv-47,42,Cyclohexane
51762,CCCOC(C)=O,-1.1485338395849982,XGBoost,CAT-Solv-47,42,n-Pr acetate
51763,CCCOC(C)=O,-1.0759651250908735,XGBoost,CAT-Solv-47,42,n-Pr acetate
51764,CCCOC(C)=O,-1.0053220832526977,XGBoost,CAT-Solv-47,42,n-Pr acetate
51765,CCCOC(C)=O,-0.9373466255762968,XGBoost,CAT-Solv-47,42,n-Pr acetate
51766,CCCOC(C)=O,-0.8658966093543492,XGBoost,CAT-Solv-47,42,n-Pr acetate
51767,CCCOC(C)=O,-0.7938655738296518,XGBoost,CAT-Solv-47,42,n-Pr acetate
51768,CCCOC(C)=O,-0.7259914385424986,XGBoost,CAT-Solv-47,42,n-Pr acetate
51769,CCCOC(C)=O,-0.6538551766608383,XGBoost,CAT-Solv-47,42,n-Pr acetate
51770,CCCOC(C)=O,-0.5826112838111742,XGBoost,CAT-Solv-47,42,n-Pr acetate
51828,C1CCCCC1,-0.4895358457630952,XGBoost,CAT-Solv-47,42,Cyclohexane
51829,C1CCCCC1,-0.3578389226544637,XGBoost,CAT-Solv-47,42,Cyclohexane
51830,C1CCCCC1,-0.2210927844223562,XGBoost,CAT-Solv-47,42,Cyclohexane
51831,C1CCCCC1,-0.0991591566515126,XGBoost,CAT-Solv-47,42,Cyclohexane
51832,C1CCCCC1,0.035824332446183,XGBoost,CAT-Solv-47,42,Cyclohexane
51833,C1CCCCC1,0.1860678651115398,XGBoost,CAT-Solv-47,42,Cyclohexane
51834,C1CCCCC1,0.3167513245975262,XGBoost,CAT-Solv-47,42,Cyclohexane
52309,CN1CCCC1=O,-0.842669293311482,XGBoost,CAT-Solv-47,42,NMP
52310,CN1CCCC1=O,-0.804330601079455,XGBoost,CAT-Solv-47,42,NMP
52311,CN1CCCC1=O,-0.7612165687551451,XGBoost,CAT-Solv-47,42,NMP
52312,CN1CCCC1=O,-0.7271266845777739,XGBoost,CAT-Solv-47,42,NMP
52313,CN1CCCC1=O,-0.7026455967401238,XGBoost,CAT-Solv-47,42,NMP
52325,OCCO,-1.368681878076435,XGBoost,CAT-Solv-47,42,Ethylene glycol
52326,OCCO,-1.2452376836734609,XGBoost,CAT-Solv-47,42,Ethylene glycol
52327,OCCO,-1.149644010770862,XGBoost,CAT-Solv-47,42,Ethylene glycol
52328,OCCO,-1.0828569852760583,XGBoost,CAT-Solv-47,42,Ethylene glycol
52329,OCCO,-0.998888529180008,XGBoost,CAT-Solv-47,42,Ethylene glycol
52504,CCCOC(C)=O,-1.3837623680879203,XGBoost,CAT-Solv-47,42,n-Pr acetate
52505,CCCOC(C)=O,-1.310338043814423,XGBoost,CAT-Solv-47,42,n-Pr acetate
52506,CCCOC(C)=O,-1.2328862333564836,XGBoost,CAT-Solv-47,42,n-Pr acetate
52507,CCCOC(C)=O,-1.154612617618888,XGBoost,CAT-Solv-47,42,n-Pr acetate
52508,CCCOC(C)=O,-1.0837907420418802,XGBoost,CAT-Solv-47,42,n-Pr acetate
52509,CCCOC(C)=O,-1.003175362598001,XGBoost,CAT-Solv-47,42,n-Pr acetate
52510,CCCOC(C)=O,-0.9281336893849124,XGBoost,CAT-Solv-47,42,n-Pr acetate
52511,CCCOC(C)=O,-0.860974300939801,XGBoost,CAT-Solv-47,42,n-Pr acetate
52512,CCCOC(C)=O,-0.7858978049069312,XGBoost,CAT-Solv-47,42,n-Pr acetate
52765,CN1CCCC1=O,-0.0450408765117068,XGBoost,CAT-Solv-47,42,NMP
52766,CN1CCCC1=O,0.1322725497561014,XGBoost,CAT-Solv-47,42,NMP
52767,CN1CCCC1=O,0.3593468649922539,XGBoost,CAT-Solv-47,42,NMP
52768,CN1CCCC1=O,0.562645506086599,XGBoost,CAT-Solv-47,42,NMP
52769,CN1CCCC1=O,0.7716616371996736,XGBoost,CAT-Solv-47,42,NMP
52775,CS(C)=O,-0.0696598536093297,XGBoost,CAT-Solv-47,42,DMSO
52776,CS(C)=O,0.0245007222013908,XGBoost,CAT-Solv-47,42,DMSO
52777,CS(C)=O,0.1128155317641765,XGBoost,CAT-Solv-47,42,DMSO
52778,CS(C)=O,0.1820142239208864,XGBoost,CAT-Solv-47,42,DMSO
52779,CS(C)=O,0.2489321133358806,XGBoost,CAT-Solv-47,42,DMSO
52785,OCCO,-1.8018240088882207,XGBoost,CAT-Solv-47,42,Ethylene glycol
52786,OCCO,-1.5732585717435823,XGBoost,CAT-Solv-47,42,Ethylene glycol
52787,OCCO,-1.390900578542961,XGBoost,CAT-Solv-47,42,Ethylene glycol
52788,OCCO,-1.1952564006535682,XGBoost,CAT-Solv-47,42,Ethylene glycol
52789,OCCO,-1.0029411246844957,XGBoost,CAT-Solv-47,42,Ethylene glycol
53155,CN1CCCC1=O,0.2903601833956543,XGBoost,CAT-Solv-47,42,NMP
53156,CN1CCCC1=O,0.3082197942637149,XGBoost,CAT-Solv-47,42,NMP
53157,CN1CCCC1=O,0.3249228065478371,XGBoost,CAT-Solv-47,42,NMP
53158,CN1CCCC1=O,0.3432763554883589,XGBoost,CAT-Solv-47,42,NMP
53159,CN1CCCC1=O,0.362133637421099,XGBoost,CAT-Solv-47,42,NMP
53160,CN1CCCC1=O,0.3812412578491337,XGBoost,CAT-Solv-47,42,NMP
53161,CN1CCCC1=O,0.400497646106535,XGBoost,CAT-Solv-47,42,NMP
53162,CN1CCCC1=O,0.4186564221117658,XGBoost,CAT-Solv-47,42,NMP
53163,CN1CCCC1=O,0.4365049749010571,XGBoost,CAT-Solv-47,42,NMP
53164,CN1CCCC1=O,0.4548198232730788,XGBoost,CAT-Solv-47,42,NMP
53165,CN1CCCC1=O,0.4735800673323134,XGBoost,CAT-Solv-47,42,NMP
53166,CN1CCCC1=O,0.4930741948983111,XGBoost,CAT-Solv-47,42,NMP
53167,CN1CCCC1=O,0.5153078264891876,XGBoost,CAT-Solv-47,42,NMP
53168,CN1CCCC1=O,0.5356789002776238,XGBoost,CAT-Solv-47,42,NMP
53169,CN1CCCC1=O,0.5572706881091044,XGBoost,CAT-Solv-47,42,NMP
53405,CCCOC(C)=O,-2.6102722645384553,XGBoost,CAT-Solv-47,42,n-Pr acetate
53406,CCCOC(C)=O,-2.355751178580059,XGBoost,CAT-Solv-47,42,n-Pr acetate
53407,CCCOC(C)=O,-2.168594059037004,XGBoost,CAT-Solv-47,42,n-Pr acetate
53408,CCCOC(C)=O,-1.9197906760530896,XGBoost,CAT-Solv-47,42,n-Pr acetate
53409,CCCOC(C)=O,-1.723149151768404,XGBoost,CAT-Solv-47,42,n-Pr acetate
53410,CCCOC(C)=O,-1.559599786930625,XGBoost,CAT-Solv-47,42,n-Pr acetate
53411,CCCOC(C)=O,-1.3578010265606093,XGBoost,CAT-Solv-47,42,n-Pr acetate
53412,CCCOC(C)=O,-1.1423983990408395,XGBoost,CAT-Solv-47,42,n-Pr acetate
53413,CCCOC(C)=O,-0.9764442019141526,XGBoost,CAT-Solv-47,42,n-Pr acetate
54194,C1CCCCC1,-3.0659273748737705,XGBoost,CAT-Solv-47,42,Cyclohexane
54195,C1CCCCC1,-2.986953411680109,XGBoost,CAT-Solv-47,42,Cyclohexane
54196,C1CCCCC1,-2.9052993853480777,XGBoost,CAT-Solv-47,42,Cyclohexane
54197,C1CCCCC1,-2.8151663255664414,XGBoost,CAT-Solv-47,42,Cyclohexane
54198,C1CCCCC1,-2.719654926605239,XGBoost,CAT-Solv-47,42,Cyclohexane
54199,C1CCCCC1,-2.629350854735639,XGBoost,CAT-Solv-47,42,Cyclohexane
54200,C1CCCCC1,-2.529795564254644,XGBoost,CAT-Solv-47,42,Cyclohexane
54201,C1CCCCC1,-2.4354491514804657,XGBoost,CAT-Solv-47,42,Cyclohexane
54202,C1CCCCC1,-2.34644641687619,XGBoost,CAT-Solv-47,42,Cyclohexane
54203,C1CCCCC1,-2.246895732223514,XGBoost,CAT-Solv-47,42,Cyclohexane
54204,C1CCCCC1,-2.1404854670399858,XGBoost,CAT-Solv-47,42,Cyclohexane
54379,C1CCCCC1,-0.6426580769877295,XGBoost,CAT-Solv-47,42,Cyclohexane
54380,C1CCCCC1,-0.5631200660090955,XGBoost,CAT-Solv-47,42,Cyclohexane
54381,C1CCCCC1,-0.4795182582082743,XGBoost,CAT-Solv-47,42,Cyclohexane
54382,C1CCCCC1,-0.3917100535226768,XGBoost,CAT-Solv-47,42,Cyclohexane
54383,C1CCCCC1,-0.2997767363485776,XGBoost,CAT-Solv-47,42,Cyclohexane
54384,C1CCCCC1,-0.203815809044521,XGBoost,CAT-Solv-47,42,Cyclohexane
54385,C1CCCCC1,-0.1034748051105799,XGBoost,CAT-Solv-47,42,Cyclohexane
54386,C1CCCCC1,0.0023603525193213,XGBoost,CAT-Solv-47,42,Cyclohexane
54387,C1CCCCC1,0.1088159095332398,XGBoost,CAT-Solv-47,42,Cyclohexane
54388,C1CCCCC1,0.2282537641312273,XGBoost,CAT-Solv-47,42,Cyclohexane
54389,C1CCCCC1,0.3534287395284849,XGBoost,CAT-Solv-47,42,Cyclohexane
54659,OCCO,-0.463311140680798,XGBoost,CAT-Solv-47,42,Ethylene glycol
54660,OCCO,-0.3436944336523209,XGBoost,CAT-Solv-47,42,Ethylene glycol
54661,OCCO,-0.2715836109341177,XGBoost,CAT-Solv-47,42,Ethylene glycol
54662,OCCO,-0.1529730915980522,XGBoost,CAT-Solv-47,42,Ethylene glycol
54663,OCCO,-0.0446446025263104,XGBoost,CAT-Solv-47,42,Ethylene glycol
54664,OCCO,0.0459761234592037,XGBoost,CAT-Solv-47,42,Ethylene glycol
54665,OCCO,0.0954896421037756,XGBoost,CAT-Solv-47,42,Ethylene glycol
54666,OCCO,0.1905938496834835,XGBoost,CAT-Solv-47,42,Ethylene glycol
54667,OCCO,0.2902177038340922,XGBoost,CAT-Solv-47,42,Ethylene glycol
54668,OCCO,0.3818922240899339,XGBoost,CAT-Solv-47,42,Ethylene glycol
54768,CCCOC(C)=O,-1.5378902411567328,XGBoost,CAT-Solv-47,42,n-Pr acetate
54769,CCCOC(C)=O,-1.4748095303669495,XGBoost,CAT-Solv-47,42,n-Pr acetate
54770,CCCOC(C)=O,-1.413642966056585,XGBoost,CAT-Solv-47,42,n-Pr acetate
54771,CCCOC(C)=O,-1.3456967563136295,XGBoost,CAT-Solv-47,42,n-Pr acetate
54772,CCCOC(C)=O,-1.3133608201047284,XGBoost,CAT-Solv-47,42,n-Pr acetate
54773,CCCOC(C)=O,-1.2430654106896455,XGBoost,CAT-Solv-47,42,n-Pr acetate
54774,CCCOC(C)=O,-1.1733925192620274,XGBoost,CAT-Solv-47,42,n-Pr acetate
54775,CCCOC(C)=O,-1.1174126302041505,XGBoost,CAT-Solv-47,42,n-Pr acetate
54992,CCCOC(C)=O,-0.1218472127393392,XGBoost,CAT-Solv-47,42,n-Pr acetate
54993,CCCOC(C)=O,-0.0453188084190389,XGBoost,CAT-Solv-47,42,n-Pr acetate
54994,CCCOC(C)=O,0.0486134786249802,XGBoost,CAT-Solv-47,42,n-Pr acetate
54995,CCCOC(C)=O,0.1068866306734796,XGBoost,CAT-Solv-47,42,n-Pr acetate
54996,CCCOC(C)=O,0.1785338413622459,XGBoost,CAT-Solv-47,42,n-Pr acetate
54997,CCCOC(C)=O,0.2637431171741487,XGBoost,CAT-Solv-47,42,n-Pr acetate
54998,CCCOC(C)=O,0.3403780213369119,XGBoost,CAT-Solv-47,42,n-Pr acetate
54999,CCCOC(C)=O,0.416090766824945,XGBoost,CAT-Solv-47,42,n-Pr acetate
55000,CCCOC(C)=O,0.4925841528566107,XGBoost,CAT-Solv-47,42,n-Pr acetate
55001,CCCOC(C)=O,0.5748815827320127,XGBoost,CAT-Solv-47,42,n-Pr acetate
55142,CN1CCCC1=O,-0.014834725166108,XGBoost,CAT-Solv-47,42,NMP
55143,CN1CCCC1=O,0.035455583615298,XGBoost,CAT-Solv-47,42,NMP
55144,CN1CCCC1=O,0.0849280440324136,XGBoost,CAT-Solv-47,42,NMP
55145,CN1CCCC1=O,0.1334908702800359,XGBoost,CAT-Solv-47,42,NMP
55146,CN1CCCC1=O,0.1815073288912049,XGBoost,CAT-Solv-47,42,NMP
55147,CN1CCCC1=O,0.2287809040751058,XGBoost,CAT-Solv-47,42,NMP
55148,CN1CCCC1=O,0.2753383312086276,XGBoost,CAT-Solv-47,42,NMP
55149,CN1CCCC1=O,0.3215146646095412,XGBoost,CAT-Solv-47,42,NMP
55150,CN1CCCC1=O,0.3672629475082538,XGBoost,CAT-Solv-47,42,NMP
55151,CN1CCCC1=O,0.4129303916785695,XGBoost,CAT-Solv-47,42,NMP
55172,OCCO,-0.6178736867740413,XGBoost,CAT-Solv-47,42,Ethylene glycol
55173,OCCO,-0.536871084898102,XGBoost,CAT-Solv-47,42,Ethylene glycol
55174,OCCO,-0.458756283671944,XGBoost,CAT-Solv-47,42,Ethylene glycol
55175,OCCO,-0.3822311409901581,XGBoost,CAT-Solv-47,42,Ethylene glycol
55176,OCCO,-0.3073633024930362,XGBoost,CAT-Solv-47,42,Ethylene glycol
55177,OCCO,-0.2339553229358268,XGBoost,CAT-Solv-47,42,Ethylene glycol
55178,OCCO,-0.1619467526597382,XGBoost,CAT-Solv-47,42,Ethylene glycol
55179,OCCO,-0.0911827764627833,XGBoost,CAT-Solv-47,42,Ethylene glycol
55180,OCCO,-0.0213867366277967,XGBoost,CAT-Solv-47,42,Ethylene glycol
55181,OCCO,0.0474673363071711,XGBoost,CAT-Solv-47,42,Ethylene glycol
55192,C1CCCCC1,-2.4655271512018433,XGBoost,CAT-Solv-47,42,Cyclohexane
55193,C1CCCCC1,-2.356818006588956,XGBoost,CAT-Solv-47,42,Cyclohexane
55194,C1CCCCC1,-2.2560699844392667,XGBoost,CAT-Solv-47,42,Cyclohexane
55195,C1CCCCC1,-2.1508668436114293,XGBoost,CAT-Solv-47,42,Cyclohexane
55196,C1CCCCC1,-2.051911448021818,XGBoost,CAT-Solv-47,42,Cyclohexane
55197,C1CCCCC1,-1.956651333706432,XGBoost,CAT-Solv-47,42,Cyclohexane
55198,C1CCCCC1,-1.8585607398211448,XGBoost,CAT-Solv-47,42,Cyclohexane
55199,C1CCCCC1,-1.760622174207233,XGBoost,CAT-Solv-47,42,Cyclohexane
55523,C1CCCCC1,-3.4722551604946172,XGBoost,CAT-Solv-47,42,Cyclohexane
55524,C1CCCCC1,-3.3976619809753785,XGBoost,CAT-Solv-47,42,Cyclohexane
55525,C1CCCCC1,-3.334765307564012,XGBoost,CAT-Solv-47,42,Cyclohexane
55526,C1CCCCC1,-3.258214611301865,XGBoost,CAT-Solv-47,42,Cyclohexane
55527,C1CCCCC1,-3.193931392282866,XGBoost,CAT-Solv-47,42,Cyclohexane
55528,C1CCCCC1,-3.117439831923712,XGBoost,CAT-Solv-47,42,Cyclohexane
55529,C1CCCCC1,-3.0488071625552537,XGBoost,CAT-Solv-47,42,Cyclohexane
55530,C1CCCCC1,-2.9753106242864136,XGBoost,CAT-Solv-47,42,Cyclohexane
55531,C1CCCCC1,-2.903854361787732,XGBoost,CAT-Solv-47,42,Cyclohexane
55603,CN1CCCC1=O,-0.8280385456786915,XGBoost,CAT-Solv-47,42,NMP
55604,CN1CCCC1=O,-0.7525927167025684,XGBoost,CAT-Solv-47,42,NMP
55605,CN1CCCC1=O,-0.6833355635434915,XGBoost,CAT-Solv-47,42,NMP
55606,CN1CCCC1=O,-0.6003566774416712,XGBoost,CAT-Solv-47,42,NMP
55607,CN1CCCC1=O,-0.5243565945137979,XGBoost,CAT-Solv-47,42,NMP
55608,CN1CCCC1=O,-0.4566404371781321,XGBoost,CAT-Solv-47,42,NMP
55609,CN1CCCC1=O,-0.3829484475410349,XGBoost,CAT-Solv-47,42,NMP
55610,CN1CCCC1=O,-0.3133701284506137,XGBoost,CAT-Solv-47,42,NMP
55611,CN1CCCC1=O,-0.2440932148273491,XGBoost,CAT-Solv-47,42,NMP
56160,CCCOC(C)=O,-3.839301964514551,XGBoost,CAT-Solv-47,42,n-Pr acetate
56161,CCCOC(C)=O,-3.725115482262981,XGBoost,CAT-Solv-47,42,n-Pr acetate
56162,CCCOC(C)=O,-3.6083953853976896,XGBoost,CAT-Solv-47,42,n-Pr acetate
56163,CCCOC(C)=O,-3.4967317026648708,XGBoost,CAT-Solv-47,42,n-Pr acetate
56164,CCCOC(C)=O,-3.3857054484387485,XGBoost,CAT-Solv-47,42,n-Pr acetate
56165,CCCOC(C)=O,-3.2800882064493164,XGBoost,CAT-Solv-47,42,n-Pr acetate
56166,CCCOC(C)=O,-3.177988814559644,XGBoost,CAT-Solv-47,42,n-Pr acetate
56167,CCCOC(C)=O,-3.078610786250356,XGBoost,CAT-Solv-47,42,n-Pr acetate
56168,CCCOC(C)=O,-2.991952479459508,XGBoost,CAT-Solv-47,42,n-Pr acetate
56169,CCCOC(C)=O,-2.8902636441713896,XGBoost,CAT-Solv-47,42,n-Pr acetate
56746,CN1CCCC1=O,-0.4612085654129428,XGBoost,CAT-Solv-47,42,NMP
56747,CN1CCCC1=O,-0.4137419732075015,XGBoost,CAT-Solv-47,42,NMP
56748,CN1CCCC1=O,-0.3644494979466919,XGBoost,CAT-Solv-47,42,NMP
56749,CN1CCCC1=O,-0.3014380729719756,XGBoost,CAT-Solv-47,42,NMP
56750,CN1CCCC1=O,-0.2428006278088671,XGBoost,CAT-Solv-47,42,NMP
56751,CN1CCCC1=O,-0.1876053757998386,XGBoost,CAT-Solv-47,42,NMP
56752,CN1CCCC1=O,-0.1372711241565718,XGBoost,CAT-Solv-47,42,NMP
56753,CN1CCCC1=O,-0.080753987101837,XGBoost,CAT-Solv-47,42,NMP
56754,CN1CCCC1=O,-0.0216770050834719,XGBoost,CAT-Solv-47,42,NMP
56755,CN1CCCC1=O,0.0450947945382055,XGBoost,CAT-Solv-47,42,NMP
56772,CS(C)=O,-0.1800655887562784,XGBoost,CAT-Solv-47,42,DMSO
56773,CS(C)=O,-0.1616789938320999,XGBoost,CAT-Solv-47,42,DMSO
56774,CS(C)=O,-0.1404048221580853,XGBoost,CAT-Solv-47,42,DMSO
56775,CS(C)=O,-0.109292305111004,XGBoost,CAT-Solv-47,42,DMSO
56776,CS(C)=O,-0.0721759892345958,XGBoost,CAT-Solv-47,42,DMSO
56777,CS(C)=O,-0.0291045324500642,XGBoost,CAT-Solv-47,42,DMSO
56778,CS(C)=O,0.0192513103934399,XGBoost,CAT-Solv-47,42,DMSO
56851,OCCO,-1.7507813133495311,XGBoost,CAT-Solv-47,42,Ethylene glycol
56852,OCCO,-1.3583493231197807,XGBoost,CAT-Solv-47,42,Ethylene glycol
56853,OCCO,-0.8141118337925339,XGBoost,CAT-Solv-47,42,Ethylene glycol
56854,OCCO,-0.4723726382197015,XGBoost,CAT-Solv-47,42,Ethylene glycol
56855,OCCO,-0.2798140519727797,XGBoost,CAT-Solv-47,42,Ethylene glycol
56856,OCCO,-0.1130719671296632,XGBoost,CAT-Solv-47,42,Ethylene glycol
56907,CN1CCCC1=O,-0.4258943445771985,XGBoost,CAT-Solv-47,42,NMP
56908,CN1CCCC1=O,-0.4122521040092054,XGBoost,CAT-Solv-47,42,NMP
56909,CN1CCCC1=O,-0.4006627125975178,XGBoost,CAT-Solv-47,42,NMP
56910,CN1CCCC1=O,-0.38911895779651,XGBoost,CAT-Solv-47,42,NMP
56911,CN1CCCC1=O,-0.4479620361728691,XGBoost,CAT-Solv-47,42,NMP
56917,CS(C)=O,-0.3413523535906176,XGBoost,CAT-Solv-47,42,DMSO
56918,CS(C)=O,-0.3060716728755815,XGBoost,CAT-Solv-47,42,DMSO
56919,CS(C)=O,-0.2723228328818119,XGBoost,CAT-Solv-47,42,DMSO
56920,CS(C)=O,-0.4305120267897645,XGBoost,CAT-Solv-47,42,DMSO
56921,CS(C)=O,-0.3898161406358108,XGBoost,CAT-Solv-47,42,DMSO
56989,CN1CCCC1=O,-0.2982662943168545,XGBoost,CAT-Solv-47,42,NMP
56990,CN1CCCC1=O,-0.243541223709311,XGBoost,CAT-Solv-47,42,NMP
56991,CN1CCCC1=O,-0.1799568839160853,XGBoost,CAT-Solv-47,42,NMP
56992,CN1CCCC1=O,-0.1167618473278026,XGBoost,CAT-Solv-47,42,NMP
56993,CN1CCCC1=O,-0.0539142869498678,XGBoost,CAT-Solv-47,42,NMP
56994,CN1CCCC1=O,0.0066001231756242,XGBoost,CAT-Solv-47,42,NMP
56995,CN1CCCC1=O,0.0628755754134239,XGBoost,CAT-Solv-47,42,NMP
56996,CN1CCCC1=O,0.1205906886304173,XGBoost,CAT-Solv-47,42,NMP
56997,CN1CCCC1=O,0.1820459248716175,XGBoost,CAT-Solv-47,42,NMP
57007,CS(C)=O,0.5254799123880228,XGBoost,CAT-Solv-47,42,DMSO
57008,CS(C)=O,0.5419932234777328,XGBoost,CAT-Solv-47,42,DMSO
57009,CS(C)=O,0.5620178620706241,XGBoost,CAT-Solv-47,42,DMSO
57010,CS(C)=O,0.5859908082223261,XGBoost,CAT-Solv-47,42,DMSO
57011,CS(C)=O,0.6135386229623608,XGBoost,CAT-Solv-47,42,DMSO
57012,CS(C)=O,0.6487983266561221,XGBoost,CAT-Solv-47,42,DMSO
57013,CS(C)=O,0.6876519755813865,XGBoost,CAT-Solv-47,42,DMSO
57023,OCCO,-0.1990464376623334,XGBoost,CAT-Solv-47,42,Ethylene glycol
57024,OCCO,-0.1369144406636248,XGBoost,CAT-Solv-47,42,Ethylene glycol
57025,OCCO,-0.0746777683908703,XGBoost,CAT-Solv-47,42,Ethylene glycol
57026,OCCO,-0.0111726990069245,XGBoost,CAT-Solv-47,42,Ethylene glycol
57027,OCCO,0.0517653178925001,XGBoost,CAT-Solv-47,42,Ethylene glycol
57028,OCCO,0.1135766199282391,XGBoost,CAT-Solv-47,42,Ethylene glycol
57029,OCCO,0.1716872237624201,XGBoost,CAT-Solv-47,42,Ethylene glycol
57030,OCCO,0.2323552513772148,XGBoost,CAT-Solv-47,42,Ethylene glycol
57031,OCCO,0.2940238460754754,XGBoost,CAT-Solv-47,42,Ethylene glycol
57149,C1CCCCC1,-3.2476853488348443,XGBoost,CAT-Solv-47,42,Cyclohexane
57150,C1CCCCC1,-3.0742916984429884,XGBoost,CAT-Solv-47,42,Cyclohexane
57151,C1CCCCC1,-2.884960270457016,XGBoost,CAT-Solv-47,42,Cyclohexane
57152,C1CCCCC1,-2.691238791047319,XGBoost,CAT-Solv-47,42,Cyclohexane
57153,C1CCCCC1,-2.531102945341446,XGBoost,CAT-Solv-47,42,Cyclohexane
57154,C1CCCCC1,-2.331268111192012,XGBoost,CAT-Solv-47,42,Cyclohexane
57155,C1CCCCC1,-2.143785280730195,XGBoost,CAT-Solv-47,42,Cyclohexane
57156,C1CCCCC1,-1.9505248099532508,XGBoost,CAT-Solv-47,42,Cyclohexane
57157,C1CCCCC1,-1.8160560311000256,XGBoost,CAT-Solv-47,42,Cyclohexane
57158,C1CCCCC1,-1.6854268422976617,XGBoost,CAT-Solv-47,42,Cyclohexane
57441,CN1CCCC1=O,-0.3381360192534807,XGBoost,CAT-Solv-47,42,NMP
57442,CN1CCCC1=O,-0.2854194780816564,XGBoost,CAT-Solv-47,42,NMP
57443,CN1CCCC1=O,-0.217622381764197,XGBoost,CAT-Solv-47,42,NMP
57444,CN1CCCC1=O,-0.1400614541428879,XGBoost,CAT-Solv-47,42,NMP
57445,CN1CCCC1=O,-0.0611492289300904,XGBoost,CAT-Solv-47,42,NMP
57446,CN1CCCC1=O,0.0162828923232618,XGBoost,CAT-Solv-47,42,NMP
57447,CN1CCCC1=O,0.095310921995278,XGBoost,CAT-Solv-47,42,NMP
57448,CN1CCCC1=O,0.1624816845365884,XGBoost,CAT-Solv-47,42,NMP
57449,CN1CCCC1=O,0.2332172733345107,XGBoost,CAT-Solv-47,42,NMP
57450,CN1CCCC1=O,0.3115674418700959,XGBoost,CAT-Solv-47,42,NMP
57451,CS(C)=O,-0.2643637029342384,XGBoost,CAT-Solv-47,42,DMSO
57452,CS(C)=O,-0.2064042721298832,XGBoost,CAT-Solv-47,42,DMSO
57453,CS(C)=O,-0.1300462647564494,XGBoost,CAT-Solv-47,42,DMSO
57454,CS(C)=O,-0.0421336141884899,XGBoost,CAT-Solv-47,42,DMSO
57455,CS(C)=O,0.0478583864937166,XGBoost,CAT-Solv-47,42,DMSO
57456,CS(C)=O,0.1273384500518579,XGBoost,CAT-Solv-47,42,DMSO
57457,CS(C)=O,0.1963079865361437,XGBoost,CAT-Solv-47,42,DMSO
57458,CS(C)=O,0.2564929792853586,XGBoost,CAT-Solv-47,42,DMSO
57459,OCCO,-1.1905617075571897,XGBoost,CAT-Solv-47,42,Ethylene glycol
57460,OCCO,-1.1234802817651082,XGBoost,CAT-Solv-47,42,Ethylene glycol
57461,OCCO,-1.0481863497813704,XGBoost,CAT-Solv-47,42,Ethylene glycol
57462,OCCO,-0.9670825472288658,XGBoost,CAT-Solv-47,42,Ethylene glycol
57463,OCCO,-0.8892636026512816,XGBoost,CAT-Solv-47,42,Ethylene glycol
57464,OCCO,-0.8056845398955634,XGBoost,CAT-Solv-47,42,Ethylene glycol
57465,OCCO,-0.7378847364815742,XGBoost,CAT-Solv-47,42,Ethylene glycol
57466,OCCO,-0.6720984884299732,XGBoost,CAT-Solv-47,42,Ethylene glycol
57467,OCCO,-0.609026387125554,XGBoost,CAT-Solv-47,42,Ethylene glycol
57468,OCCO,-0.5342923316732741,XGBoost,CAT-Solv-47,42,Ethylene glycol
57910,OCCO,-0.8452055763387276,XGBoost,CAT-Solv-47,42,Ethylene glycol
57911,OCCO,-0.7633097598702954,XGBoost,CAT-Solv-47,42,Ethylene glycol
57912,OCCO,-0.6837950314467501,XGBoost,CAT-Solv-47,42,Ethylene glycol
57913,OCCO,-0.6058112445279006,XGBoost,CAT-Solv-47,42,Ethylene glycol
57914,OCCO,-0.5168057488096623,XGBoost,CAT-Solv-47,42,Ethylene glycol
57915,OCCO,-0.4361092162743711,XGBoost,CAT-Solv-47,42,Ethylene glycol
57916,OCCO,-0.3594596462872126,XGBoost,CAT-Solv-47,42,Ethylene glycol
57917,OCCO,-0.2872269730532519,XGBoost,CAT-Solv-47,42,Ethylene glycol
57918,OCCO,-0.2073735721163497,XGBoost,CAT-Solv-47,42,Ethylene glycol
57919,OCCO,-0.1313394227246375,XGBoost,CAT-Solv-47,42,Ethylene glycol
58118,CCCOC(C)=O,-1.754875663825902,XGBoost,CAT-Solv-47,42,n-Pr acetate
58119,CCCOC(C)=O,-1.6578300654933815,XGBoost,CAT-Solv-47,42,n-Pr acetate
58120,CCCOC(C)=O,-1.547232158900406,XGBoost,CAT-Solv-47,42,n-Pr acetate
58121,CCCOC(C)=O,-1.4524450612450484,XGBoost,CAT-Solv-47,42,n-Pr acetate
58122,CCCOC(C)=O,-1.3674736418656708,XGBoost,CAT-Solv-47,42,n-Pr acetate
58123,CCCOC(C)=O,-1.2745874622151956,XGBoost,CAT-Solv-47,42,n-Pr acetate
58124,CCCOC(C)=O,-1.208403053663015,XGBoost,CAT-Solv-47,42,n-Pr acetate
58125,CCCOC(C)=O,-1.1480468995795774,XGBoost,CAT-Solv-47,42,n-Pr acetate
58126,CCCOC(C)=O,-1.098746855507586,XGBoost,CAT-Solv-47,42,n-Pr acetate
58127,CCCOC(C)=O,-1.0352416700234637,XGBoost,CAT-Solv-47,42,n-Pr acetate
58489,CS(C)=O,-0.1012028958689808,XGBoost,CAT-Solv-47,42,DMSO
58490,CS(C)=O,-0.0048390156173525,XGBoost,CAT-Solv-47,42,DMSO
58491,CS(C)=O,0.0536211297247825,XGBoost,CAT-Solv-47,42,DMSO
58492,CS(C)=O,0.0943439987598964,XGBoost,CAT-Solv-47,42,DMSO
58493,CS(C)=O,0.1617597996008802,XGBoost,CAT-Solv-47,42,DMSO
58494,CS(C)=O,0.2289210327993488,XGBoost,CAT-Solv-47,42,DMSO
58495,CS(C)=O,0.2897514486943746,XGBoost,CAT-Solv-47,42,DMSO
58624,CN1CCCC1=O,0.3216625656884149,XGBoost,CAT-Solv-47,42,NMP
58625,CN1CCCC1=O,0.3078838808787422,XGBoost,CAT-Solv-47,42,NMP
58626,CN1CCCC1=O,0.3498207023933363,XGBoost,CAT-Solv-47,42,NMP
58627,CN1CCCC1=O,0.3632900509832558,XGBoost,CAT-Solv-47,42,NMP
58628,CN1CCCC1=O,0.3661146150696985,XGBoost,CAT-Solv-47,42,NMP
58629,CN1CCCC1=O,0.3875352739967286,XGBoost,CAT-Solv-47,42,NMP
58630,CN1CCCC1=O,0.4094222898156239,XGBoost,CAT-Solv-47,42,NMP
58631,CN1CCCC1=O,0.4331478652881701,XGBoost,CAT-Solv-47,42,NMP
58632,CN1CCCC1=O,0.4140657872757511,XGBoost,CAT-Solv-47,42,NMP
58633,CN1CCCC1=O,0.4618347306100895,XGBoost,CAT-Solv-47,42,NMP
58634,CN1CCCC1=O,0.4896744425187275,XGBoost,CAT-Solv-47,42,NMP
58635,CN1CCCC1=O,0.4573290309979738,XGBoost,CAT-Solv-47,42,NMP
58636,CN1CCCC1=O,0.4999292649027018,XGBoost,CAT-Solv-47,42,NMP
58637,CS(C)=O,0.467163033280052,XGBoost,CAT-Solv-47,42,DMSO
58638,CS(C)=O,0.498398544468274,XGBoost,CAT-Solv-47,42,DMSO
58639,CS(C)=O,0.4984555844829107,XGBoost,CAT-Solv-47,42,DMSO
58640,CS(C)=O,0.4805375734748149,XGBoost,CAT-Solv-47,42,DMSO
58641,CS(C)=O,0.4894793316751454,XGBoost,CAT-Solv-47,42,DMSO
58642,CS(C)=O,0.5167514487214072,XGBoost,CAT-Solv-47,42,DMSO
58643,CS(C)=O,0.5096729419207198,XGBoost,CAT-Solv-47,42,DMSO
58644,CS(C)=O,0.4973542094102648,XGBoost,CAT-Solv-47,42,DMSO
58645,CS(C)=O,0.5209733874025618,XGBoost,CAT-Solv-47,42,DMSO
58646,CS(C)=O,0.507064203706432,XGBoost,CAT-Solv-47,42,DMSO
58647,CS(C)=O,0.5357055700613629,XGBoost,CAT-Solv-47,42,DMSO
58648,CS(C)=O,0.5171588122064558,XGBoost,CAT-Solv-47,42,DMSO
58649,CS(C)=O,0.5462633956448436,XGBoost,CAT-Solv-47,42,DMSO
58650,CS(C)=O,0.5259348627437911,XGBoost,CAT-Solv-47,42,DMSO
58651,CS(C)=O,0.5542239123498739,XGBoost,CAT-Solv-47,42,DMSO
58652,CS(C)=O,0.53668848289191,XGBoost,CAT-Solv-47,42,DMSO
58653,CS(C)=O,0.5687003179431785,XGBoost,CAT-Solv-47,42,DMSO
58654,CS(C)=O,0.5464242676856979,XGBoost,CAT-Solv-47,42,DMSO
58655,CS(C)=O,0.5761075095893184,XGBoost,CAT-Solv-47,42,DMSO
58656,CS(C)=O,0.5890188691944012,XGBoost,CAT-Solv-47,42,DMSO
58657,CS(C)=O,0.6003143116635495,XGBoost,CAT-Solv-47,42,DMSO
58658,CS(C)=O,0.6081683669677702,XGBoost,CAT-Solv-47,42,DMSO
58659,CS(C)=O,0.6280272285068949,XGBoost,CAT-Solv-47,42,DMSO
58660,CS(C)=O,0.6178394699915818,XGBoost,CAT-Solv-47,42,DMSO
58661,CS(C)=O,0.6271142741911967,XGBoost,CAT-Solv-47,42,DMSO
58662,CS(C)=O,0.651558437811935,XGBoost,CAT-Solv-47,42,DMSO
58663,CS(C)=O,0.6657789598929856,XGBoost,CAT-Solv-47,42,DMSO
58787,CN1CCCC1=O,-0.9169746914642236,XGBoost,CAT-Solv-47,42,NMP
58788,CN1CCCC1=O,-0.8264615826838235,XGBoost,CAT-Solv-47,42,NMP
58789,CN1CCCC1=O,-0.7423677453411636,XGBoost,CAT-Solv-47,42,NMP
58790,CN1CCCC1=O,-0.6679735521410788,XGBoost,CAT-Solv-47,42,NMP
58791,CN1CCCC1=O,-0.6022437311047986,XGBoost,CAT-Solv-47,42,NMP
58792,CN1CCCC1=O,-0.5255978654385086,XGBoost,CAT-Solv-47,42,NMP
58793,CN1CCCC1=O,-0.4455538702764863,XGBoost,CAT-Solv-47,42,NMP
58794,CN1CCCC1=O,-0.3593568620945403,XGBoost,CAT-Solv-47,42,NMP
58795,CN1CCCC1=O,-0.283728319628506,XGBoost,CAT-Solv-47,42,NMP
58796,CN1CCCC1=O,-0.2046349356972622,XGBoost,CAT-Solv-47,42,NMP
58807,CS(C)=O,-0.5042398842511903,XGBoost,CAT-Solv-47,42,DMSO
58808,CS(C)=O,-0.4448267728964817,XGBoost,CAT-Solv-47,42,DMSO
58809,CS(C)=O,-0.3573093737028092,XGBoost,CAT-Solv-47,42,DMSO
58810,CS(C)=O,-0.2859949411565304,XGBoost,CAT-Solv-47,42,DMSO
58811,CS(C)=O,-0.2058424183010648,XGBoost,CAT-Solv-47,42,DMSO
58812,CS(C)=O,-0.1322899629434168,XGBoost,CAT-Solv-47,42,DMSO
58813,CS(C)=O,-0.0560917579230811,XGBoost,CAT-Solv-47,42,DMSO
58814,OCCO,-1.2220000236201851,XGBoost,CAT-Solv-47,42,Ethylene glycol
58815,OCCO,-1.1782489069872724,XGBoost,CAT-Solv-47,42,Ethylene glycol
58816,OCCO,-1.1225389177627894,XGBoost,CAT-Solv-47,42,Ethylene glycol
58817,OCCO,-1.0617560780187902,XGBoost,CAT-Solv-47,42,Ethylene glycol
58818,OCCO,-0.9914993596077812,XGBoost,CAT-Solv-47,42,Ethylene glycol
58819,OCCO,-0.9155950064993844,XGBoost,CAT-Solv-47,42,Ethylene glycol
58820,OCCO,-0.8581213505496197,XGBoost,CAT-Solv-47,42,Ethylene glycol
58821,OCCO,-0.7846626516603111,XGBoost,CAT-Solv-47,42,Ethylene glycol
58822,OCCO,-0.7082165834569889,XGBoost,CAT-Solv-47,42,Ethylene glycol
58823,OCCO,-0.6421602528560281,XGBoost,CAT-Solv-47,42,Ethylene glycol
59620,C1CCCCC1,-1.1715098196457543,XGBoost,CAT-Solv-47,42,Cyclohexane
59621,C1CCCCC1,-1.0607714667129269,XGBoost,CAT-Solv-47,42,Cyclohexane
59622,C1CCCCC1,-0.9252716893851533,XGBoost,CAT-Solv-47,42,Cyclohexane
59623,C1CCCCC1,-0.7537172194751575,XGBoost,CAT-Solv-47,42,Cyclohexane
59624,C1CCCCC1,-0.5328020342816221,XGBoost,CAT-Solv-47,42,Cyclohexane
59625,C1CCCCC1,-0.2911339433774113,XGBoost,CAT-Solv-47,42,Cyclohexane
59710,CS(C)=O,-0.7510309473916513,XGBoost,CAT-Solv-47,42,DMSO
59711,CS(C)=O,-0.700033366731512,XGBoost,CAT-Solv-47,42,DMSO
59712,CS(C)=O,-0.5910655115431511,XGBoost,CAT-Solv-47,42,DMSO
59713,CS(C)=O,-0.4737455314365386,XGBoost,CAT-Solv-47,42,DMSO
59714,CS(C)=O,-0.3965702677341965,XGBoost,CAT-Solv-47,42,DMSO
59715,CS(C)=O,-0.3000367217466869,XGBoost,CAT-Solv-47,42,DMSO
59763,CN1CCCC1=O,-2.9036998197875374,XGBoost,CAT-Solv-47,42,NMP
59764,CN1CCCC1=O,-2.705293961473916,XGBoost,CAT-Solv-47,42,NMP
59765,CN1CCCC1=O,-2.5120039230535727,XGBoost,CAT-Solv-47,42,NMP
59766,CN1CCCC1=O,-2.3410926340418357,XGBoost,CAT-Solv-47,42,NMP
59767,CN1CCCC1=O,-2.13786072728068,XGBoost,CAT-Solv-47,42,NMP
59768,CN1CCCC1=O,-1.9565938393607645,XGBoost,CAT-Solv-47,42,NMP
59769,CN1CCCC1=O,-1.7801091462450562,XGBoost,CAT-Solv-47,42,NMP
59770,CN1CCCC1=O,-1.5867255052192126,XGBoost,CAT-Solv-47,42,NMP
59771,CN1CCCC1=O,-1.436636145366872,XGBoost,CAT-Solv-47,42,NMP
59772,CN1CCCC1=O,-1.2719265014339054,XGBoost,CAT-Solv-47,42,NMP
59783,CS(C)=O,-0.1526831731649855,XGBoost,CAT-Solv-47,42,DMSO
59784,CS(C)=O,-0.138431496457723,XGBoost,CAT-Solv-47,42,DMSO
59785,CS(C)=O,-0.1147455451480635,XGBoost,CAT-Solv-47,42,DMSO
59786,CS(C)=O,-0.0407629549816491,XGBoost,CAT-Solv-47,42,DMSO
59787,CS(C)=O,0.0320898704792784,XGBoost,CAT-Solv-47,42,DMSO
59788,CS(C)=O,0.1213895688496491,XGBoost,CAT-Solv-47,42,DMSO
59789,CS(C)=O,0.2047058458341873,XGBoost,CAT-Solv-47,42,DMSO
59790,CS(C)=O,0.3004728260141979,XGBoost,CAT-Solv-47,42,DMSO
59791,CS(C)=O,0.3896453977532299,XGBoost,CAT-Solv-47,42,DMSO
59792,CS(C)=O,0.4774529107167524,XGBoost,CAT-Solv-47,42,DMSO
59803,OCCO,-3.277794073069021,XGBoost,CAT-Solv-47,42,Ethylene glycol
59804,OCCO,-2.8898349553795986,XGBoost,CAT-Solv-47,42,Ethylene glycol
59805,OCCO,-2.661862720488856,XGBoost,CAT-Solv-47,42,Ethylene glycol
59806,OCCO,-2.3993236925995944,XGBoost,CAT-Solv-47,42,Ethylene glycol
59807,OCCO,-2.2288022247593853,XGBoost,CAT-Solv-47,42,Ethylene glycol
59808,OCCO,-2.0972724915965113,XGBoost,CAT-Solv-47,42,Ethylene glycol
59809,OCCO,-1.9844983371201896,XGBoost,CAT-Solv-47,42,Ethylene glycol
59810,OCCO,-1.8876793048643892,XGBoost,CAT-Solv-47,42,Ethylene glycol
59811,OCCO,-1.7975594364141998,XGBoost,CAT-Solv-47,42,Ethylene glycol
59812,OCCO,-1.720214631928462,XGBoost,CAT-Solv-47,42,Ethylene glycol
60187,C1CCCCC1,-4.202385536087982,XGBoost,CAT-Solv-47,42,Cyclohexane
60188,C1CCCCC1,-4.111064194961919,XGBoost,CAT-Solv-47,42,Cyclohexane
60189,C1CCCCC1,-4.020420794686177,XGBoost,CAT-Solv-47,42,Cyclohexane
60190,C1CCCCC1,-3.945615618326472,XGBoost,CAT-Solv-47,42,Cyclohexane
60191,C1CCCCC1,-3.8499940336262166,XGBoost,CAT-Solv-47,42,Cyclohexane
60192,C1CCCCC1,-3.754620739881163,XGBoost,CAT-Solv-47,42,Cyclohexane
60193,C1CCCCC1,-3.6626210570496074,XGBoost,CAT-Solv-47,42,Cyclohexane
60194,C1CCCCC1,-3.5844775731540484,XGBoost,CAT-Solv-47,42,Cyclohexane
60195,C1CCCCC1,-3.5066490858945607,XGBoost,CAT-Solv-47,42,Cyclohexane
60196,C1CCCCC1,-3.4202074882198743,XGBoost,CAT-Solv-47,42,Cyclohexane
60277,CCCOC(C)=O,-1.6936663977416992,XGBoost,CAT-Solv-47,42,n-Pr acetate
60278,CCCOC(C)=O,-1.652961496046089,XGBoost,CAT-Solv-47,42,n-Pr acetate
60279,CCCOC(C)=O,-1.6068277418198769,XGBoost,CAT-Solv-47,42,n-Pr acetate
60280,CCCOC(C)=O,-1.5718271123547298,XGBoost,CAT-Solv-47,42,n-Pr acetate
60281,CCCOC(C)=O,-1.5289856920850513,XGBoost,CAT-Solv-47,42,n-Pr acetate
60282,CCCOC(C)=O,-1.4921093057476988,XGBoost,CAT-Solv-47,42,n-Pr acetate
60283,CCCOC(C)=O,-1.456224363007138,XGBoost,CAT-Solv-47,42,n-Pr acetate
60284,CCCOC(C)=O,-1.4241565868442512,XGBoost,CAT-Solv-47,42,n-Pr acetate
60285,CCCOC(C)=O,-1.3906081609637335,XGBoost,CAT-Solv-47,42,n-Pr acetate
60286,CCCOC(C)=O,-1.3622777702424271,XGBoost,CAT-Solv-47,42,n-Pr acetate
60327,CS(C)=O,-1.6154475255019485,XGBoost,CAT-Solv-47,42,DMSO
60328,CS(C)=O,-1.5524283516978183,XGBoost,CAT-Solv-47,42,DMSO
60329,CS(C)=O,-1.5047081974529857,XGBoost,CAT-Solv-47,42,DMSO
60330,CS(C)=O,-1.4482349288872878,XGBoost,CAT-Solv-47,42,DMSO
60331,CS(C)=O,-1.4020607785848065,XGBoost,CAT-Solv-47,42,DMSO
60332,CS(C)=O,-1.3494839791622293,XGBoost,CAT-Solv-47,42,DMSO
60333,CS(C)=O,-1.3003190734724506,XGBoost,CAT-Solv-47,42,DMSO
60334,CS(C)=O,-1.2585047888371357,XGBoost,CAT-Solv-47,42,DMSO
60335,CS(C)=O,-1.217666434618173,XGBoost,CAT-Solv-47,42,DMSO
60336,CS(C)=O,-1.1720965923535478,XGBoost,CAT-Solv-47,42,DMSO
61184,CS(C)=O,-2.6931275191300243,XGBoost,CAT-Solv-47,42,DMSO
61185,CS(C)=O,-2.646715268355614,XGBoost,CAT-Solv-47,42,DMSO
61186,CS(C)=O,-2.6049204038025504,XGBoost,CAT-Solv-47,42,DMSO
61187,CS(C)=O,-2.567136300968024,XGBoost,CAT-Solv-47,42,DMSO
61188,CS(C)=O,-2.5255142239587536,XGBoost,CAT-Solv-47,42,DMSO
61189,CS(C)=O,-2.487529581292206,XGBoost,CAT-Solv-47,42,DMSO
61190,CS(C)=O,-2.4473423709090367,XGBoost,CAT-Solv-47,42,DMSO
61191,CS(C)=O,-2.411336863152215,XGBoost,CAT-Solv-47,42,DMSO
61192,CS(C)=O,-2.374441006486703,XGBoost,CAT-Solv-47,42,DMSO
61193,OCCO,-3.251765300520878,XGBoost,CAT-Solv-47,42,Ethylene glycol
61194,OCCO,-3.187385021199852,XGBoost,CAT-Solv-47,42,Ethylene glycol
61195,OCCO,-3.0588955339174,XGBoost,CAT-Solv-47,42,Ethylene glycol
61196,OCCO,-2.9522780270864057,XGBoost,CAT-Solv-47,42,Ethylene glycol
61197,OCCO,-2.7882088834421155,XGBoost,CAT-Solv-47,42,Ethylene glycol
61198,OCCO,-2.6984335746464136,XGBoost,CAT-Solv-47,42,Ethylene glycol
61199,OCCO,-2.6052979740872395,XGBoost,CAT-Solv-47,42,Ethylene glycol
61200,OCCO,-2.4648801721378164,XGBoost,CAT-Solv-47,42,Ethylene glycol
61201,OCCO,-2.375574613692743,XGBoost,CAT-Solv-47,42,Ethylene glycol
61202,OCCO,-2.2442912475130914,XGBoost,CAT-Solv-47,42,Ethylene glycol
61527,CN1CCCC1=O,-0.9474399080913531,XGBoost,CAT-Solv-47,42,NMP
61528,CN1CCCC1=O,-0.918161157272926,XGBoost,CAT-Solv-47,42,NMP
61529,CN1CCCC1=O,-0.8654080727215071,XGBoost,CAT-Solv-47,42,NMP
61530,CN1CCCC1=O,-0.7989761061874656,XGBoost,CAT-Solv-47,42,NMP
61531,CN1CCCC1=O,-0.7628278600096433,XGBoost,CAT-Solv-47,42,NMP
61532,CN1CCCC1=O,-0.6930102250333079,XGBoost,CAT-Solv-47,42,NMP
61533,CN1CCCC1=O,-0.6493352779898725,XGBoost,CAT-Solv-47,42,NMP
61534,CN1CCCC1=O,-0.5821299222152874,XGBoost,CAT-Solv-47,42,NMP
61535,CN1CCCC1=O,-0.5459898601785407,XGBoost,CAT-Solv-47,42,NMP
61536,CN1CCCC1=O,-0.4889254449826265,XGBoost,CAT-Solv-47,42,NMP
61547,CS(C)=O,-0.7863615225935556,XGBoost,CAT-Solv-47,42,DMSO
61548,CS(C)=O,-0.7524836441893581,XGBoost,CAT-Solv-47,42,DMSO
61549,CS(C)=O,-0.6990290195503676,XGBoost,CAT-Solv-47,42,DMSO
61550,CS(C)=O,-0.6672788330112573,XGBoost,CAT-Solv-47,42,DMSO
61551,CS(C)=O,-0.6065171973738753,XGBoost,CAT-Solv-47,42,DMSO
61552,CS(C)=O,-0.575018423060084,XGBoost,CAT-Solv-47,42,DMSO
61553,CS(C)=O,-0.5154535846111883,XGBoost,CAT-Solv-47,42,DMSO
61554,CS(C)=O,-0.4751146186248646,XGBoost,CAT-Solv-47,42,DMSO
61555,OCCO,-1.2457807389989055,XGBoost,CAT-Solv-47,42,Ethylene glycol
61556,OCCO,-1.2063161082222031,XGBoost,CAT-Solv-47,42,Ethylene glycol
61557,OCCO,-1.1329544279242114,XGBoost,CAT-Solv-47,42,Ethylene glycol
61558,OCCO,-1.081596722815663,XGBoost,CAT-Solv-47,42,Ethylene glycol
61559,OCCO,-0.9990781833831276,XGBoost,CAT-Solv-47,42,Ethylene glycol
61560,OCCO,-0.9505449596241828,XGBoost,CAT-Solv-47,42,Ethylene glycol
61561,OCCO,-0.8736594834463312,XGBoost,CAT-Solv-47,42,Ethylene glycol
61562,OCCO,-0.830501175735692,XGBoost,CAT-Solv-47,42,Ethylene glycol
61563,OCCO,-0.7872946600727364,XGBoost,CAT-Solv-47,42,Ethylene glycol
61564,OCCO,-0.7161461699359019,XGBoost,CAT-Solv-47,42,Ethylene glycol
61669,CS(C)=O,-1.294714343973392,XGBoost,CAT-Solv-47,42,DMSO
61670,CS(C)=O,-1.270530129983401,XGBoost,CAT-Solv-47,42,DMSO
61671,CS(C)=O,-1.1862005315937965,XGBoost,CAT-Solv-47,42,DMSO
61672,CS(C)=O,-1.1138255579995435,XGBoost,CAT-Solv-47,42,DMSO
61673,CS(C)=O,-1.0816934005212917,XGBoost,CAT-Solv-47,42,DMSO
61674,CS(C)=O,-1.009736243427619,XGBoost,CAT-Solv-47,42,DMSO
61675,CS(C)=O,-0.9689511745452584,XGBoost,CAT-Solv-47,42,DMSO
61676,CS(C)=O,-0.9020111998445254,XGBoost,CAT-Solv-47,42,DMSO
61677,OCCO,-1.5735381300302134,XGBoost,CAT-Solv-47,42,Ethylene glycol
61678,OCCO,-1.5206847773302443,XGBoost,CAT-Solv-47,42,Ethylene glycol
61679,OCCO,-1.3539086454454596,XGBoost,CAT-Solv-47,42,Ethylene glycol
61680,OCCO,-1.2435445972534434,XGBoost,CAT-Solv-47,42,Ethylene glycol
61681,OCCO,-1.106721018945286,XGBoost,CAT-Solv-47,42,Ethylene glycol
61682,OCCO,-1.0101168398993754,XGBoost,CAT-Solv-47,42,Ethylene glycol
61683,OCCO,-0.8432529413976317,XGBoost,CAT-Solv-47,42,Ethylene glycol
61684,OCCO,-0.7494635202618235,XGBoost,CAT-Solv-47,42,Ethylene glycol
61685,OCCO,-0.6526003152334088,XGBoost,CAT-Solv-47,42,Ethylene glycol
61686,OCCO,-0.5432714251533097,XGBoost,CAT-Solv-47,42,Ethylene glycol
61698,C1CCCCC1,-2.3854967240066163,XGBoost,CAT-Solv-47,42,Cyclohexane
61699,C1CCCCC1,-2.2840980265895205,XGBoost,CAT-Solv-47,42,Cyclohexane
61700,C1CCCCC1,-2.1848688564553327,XGBoost,CAT-Solv-47,42,Cyclohexane
61701,C1CCCCC1,-2.0885249631367633,XGBoost,CAT-Solv-47,42,Cyclohexane
61702,C1CCCCC1,-1.9971160898652047,XGBoost,CAT-Solv-47,42,Cyclohexane
61703,C1CCCCC1,-1.9064500275906349,XGBoost,CAT-Solv-47,42,Cyclohexane
61704,C1CCCCC1,-1.8224527942081483,XGBoost,CAT-Solv-47,42,Cyclohexane
61705,C1CCCCC1,-1.7176868721423524,XGBoost,CAT-Solv-47,42,Cyclohexane
61706,C1CCCCC1,-1.6537510618882512,XGBoost,CAT-Solv-47,42,Cyclohexane
61770,CN1CCCC1=O,-0.1357387165282726,XGBoost,CAT-Solv-47,42,NMP
61771,CN1CCCC1=O,-0.0737227956031926,XGBoost,CAT-Solv-47,42,NMP
61772,CN1CCCC1=O,-0.0127280274866008,XGBoost,CAT-Solv-47,42,NMP
61773,CN1CCCC1=O,0.0466893542231905,XGBoost,CAT-Solv-47,42,NMP
61774,CN1CCCC1=O,0.105551028164169,XGBoost,CAT-Solv-47,42,NMP
61775,CN1CCCC1=O,0.1707720420543415,XGBoost,CAT-Solv-47,42,NMP
61776,CN1CCCC1=O,0.2196949960733951,XGBoost,CAT-Solv-47,42,NMP
61777,CN1CCCC1=O,0.2759031649837852,XGBoost,CAT-Solv-47,42,NMP
61778,CN1CCCC1=O,0.3375340125330164,XGBoost,CAT-Solv-47,42,NMP
61788,CS(C)=O,-0.6107625136447502,XGBoost,CAT-Solv-47,42,DMSO
61789,CS(C)=O,-0.5454220348686305,XGBoost,CAT-Solv-47,42,DMSO
61790,CS(C)=O,-0.4797175958956374,XGBoost,CAT-Solv-47,42,DMSO
61791,CS(C)=O,-0.4186195410238597,XGBoost,CAT-Solv-47,42,DMSO
61792,CS(C)=O,-0.3563783130531598,XGBoost,CAT-Solv-47,42,DMSO
61793,CS(C)=O,-0.2974812034264084,XGBoost,CAT-Solv-47,42,DMSO
61794,CS(C)=O,-0.2395358601317589,XGBoost,CAT-Solv-47,42,DMSO
61795,CS(C)=O,-0.1835889617368903,XGBoost,CAT-Solv-47,42,DMSO
61796,CS(C)=O,-0.108395022574745,XGBoost,CAT-Solv-47,42,DMSO
61797,OCCO,-1.4128940471895362,XGBoost,CAT-Solv-47,42,Ethylene glycol
61798,OCCO,-1.3261984459893652,XGBoost,CAT-Solv-47,42,Ethylene glycol
61799,OCCO,-1.2427350945816928,XGBoost,CAT-Solv-47,42,Ethylene glycol
61800,OCCO,-1.1637236417193626,XGBoost,CAT-Solv-47,42,Ethylene glycol
61801,OCCO,-1.087986272156009,XGBoost,CAT-Solv-47,42,Ethylene glycol
61802,OCCO,-1.0035237049312091,XGBoost,CAT-Solv-47,42,Ethylene glycol
61803,OCCO,-0.936127050786086,XGBoost,CAT-Solv-47,42,Ethylene glycol
61804,OCCO,-0.8637632619536013,XGBoost,CAT-Solv-47,42,Ethylene glycol
61805,OCCO,-0.7784813209269903,XGBoost,CAT-Solv-47,42,Ethylene glycol
61815,C1CCCCC1,-2.9488064730186982,XGBoost,CAT-Solv-47,42,Cyclohexane
61816,C1CCCCC1,-2.860011792896648,XGBoost,CAT-Solv-47,42,Cyclohexane
61817,C1CCCCC1,-2.7641318919855795,XGBoost,CAT-Solv-47,42,Cyclohexane
61818,C1CCCCC1,-2.660558491054718,XGBoost,CAT-Solv-47,42,Cyclohexane
61819,C1CCCCC1,-2.5572619158184753,XGBoost,CAT-Solv-47,42,Cyclohexane
61820,C1CCCCC1,-2.448494739584562,XGBoost,CAT-Solv-47,42,Cyclohexane
61821,C1CCCCC1,-2.3420472927291605,XGBoost,CAT-Solv-47,42,Cyclohexane
61822,C1CCCCC1,-2.254073033909606,XGBoost,CAT-Solv-47,42,Cyclohexane
61823,C1CCCCC1,-2.177925655839336,XGBoost,CAT-Solv-47,42,Cyclohexane
61824,C1CCCCC1,-2.092713313830404,XGBoost,CAT-Solv-47,42,Cyclohexane
61891,CN1CCCC1=O,0.215660109463614,XGBoost,CAT-Solv-47,42,NMP
61892,CN1CCCC1=O,0.238618162715948,XGBoost,CAT-Solv-47,42,NMP
61893,CN1CCCC1=O,0.2640202260328215,XGBoost,CAT-Solv-47,42,NMP
61894,CN1CCCC1=O,0.2949578236605413,XGBoost,CAT-Solv-47,42,NMP
61895,CN1CCCC1=O,0.3239586713642629,XGBoost,CAT-Solv-47,42,NMP
61896,CN1CCCC1=O,0.3524868060620798,XGBoost,CAT-Solv-47,42,NMP
61897,CN1CCCC1=O,0.3790690631276467,XGBoost,CAT-Solv-47,42,NMP
61898,CN1CCCC1=O,0.4062169692175277,XGBoost,CAT-Solv-47,42,NMP
61899,CN1CCCC1=O,0.436362064405827,XGBoost,CAT-Solv-47,42,NMP
61900,CN1CCCC1=O,0.4747181220208413,XGBoost,CAT-Solv-47,42,NMP
61911,OCCO,-1.8309685401156752,XGBoost,CAT-Solv-47,42,Ethylene glycol
61912,OCCO,-1.7569054739024783,XGBoost,CAT-Solv-47,42,Ethylene glycol
61913,OCCO,-1.6780757280390852,XGBoost,CAT-Solv-47,42,Ethylene glycol
61914,OCCO,-1.6035879997979172,XGBoost,CAT-Solv-47,42,Ethylene glycol
61915,OCCO,-1.524186551713992,XGBoost,CAT-Solv-47,42,Ethylene glycol
61916,OCCO,-1.4572306523249514,XGBoost,CAT-Solv-47,42,Ethylene glycol
61917,OCCO,-1.3760995282100714,XGBoost,CAT-Solv-47,42,Ethylene glycol
61918,OCCO,-1.302644184956987,XGBoost,CAT-Solv-47,42,Ethylene glycol
61919,OCCO,-1.222697737625299,XGBoost,CAT-Solv-47,42,Ethylene glycol
61920,OCCO,-1.1375078610678029,XGBoost,CAT-Solv-47,42,Ethylene glycol
61998,CN1CCCC1=O,-1.074451644295907,XGBoost,CAT-Solv-47,42,NMP
61999,CN1CCCC1=O,-1.0011154250268623,XGBoost,CAT-Solv-47,42,NMP
62000,CN1CCCC1=O,-0.9306931342753866,XGBoost,CAT-Solv-47,42,NMP
62001,CN1CCCC1=O,-0.8617227032807934,XGBoost,CAT-Solv-47,42,NMP
62002,CN1CCCC1=O,-0.7958413365298327,XGBoost,CAT-Solv-47,42,NMP
62003,CN1CCCC1=O,-0.7310798890585299,XGBoost,CAT-Solv-47,42,NMP
62004,CN1CCCC1=O,-0.6691491895681326,XGBoost,CAT-Solv-47,42,NMP
62005,CN1CCCC1=O,-0.6083983818376609,XGBoost,CAT-Solv-47,42,NMP
62006,CN1CCCC1=O,-0.549263146440517,XGBoost,CAT-Solv-47,42,NMP
62007,CN1CCCC1=O,-0.4922378005639618,XGBoost,CAT-Solv-47,42,NMP
62018,CS(C)=O,-0.7757043956406353,XGBoost,CAT-Solv-47,42,DMSO
62019,CS(C)=O,-0.7069942527257957,XGBoost,CAT-Solv-47,42,DMSO
62020,CS(C)=O,-0.6405115984737938,XGBoost,CAT-Solv-47,42,DMSO
62021,CS(C)=O,-0.5762327048185426,XGBoost,CAT-Solv-47,42,DMSO
62022,CS(C)=O,-0.5136641354493522,XGBoost,CAT-Solv-47,42,DMSO
62023,CS(C)=O,-0.4533809596764578,XGBoost,CAT-Solv-47,42,DMSO
62024,CS(C)=O,-0.3938298700289384,XGBoost,CAT-Solv-47,42,DMSO
62025,CS(C)=O,-0.3360505602720042,XGBoost,CAT-Solv-47,42,DMSO
62026,CS(C)=O,-0.2796230486436615,XGBoost,CAT-Solv-47,42,DMSO
62102,OCCO,-3.4515027806097787,XGBoost,CAT-Solv-47,42,Ethylene glycol
62103,OCCO,-3.375635681469696,XGBoost,CAT-Solv-47,42,Ethylene glycol
62104,OCCO,-3.3079386926333383,XGBoost,CAT-Solv-47,42,Ethylene glycol
62105,OCCO,-3.2334353416789012,XGBoost,CAT-Solv-47,42,Ethylene glycol
62106,OCCO,-3.1648673188073477,XGBoost,CAT-Solv-47,42,Ethylene glycol
62107,OCCO,-3.110097319001835,XGBoost,CAT-Solv-47,42,Ethylene glycol
62108,OCCO,-3.0555165993180156,XGBoost,CAT-Solv-47,42,Ethylene glycol
62109,OCCO,-3.00180445371777,XGBoost,CAT-Solv-47,42,Ethylene glycol
62110,OCCO,-2.949455935533795,XGBoost,CAT-Solv-47,42,Ethylene glycol
62111,OCCO,-2.8986471347466636,XGBoost,CAT-Solv-47,42,Ethylene glycol
62332,CN1CCCC1=O,-0.4523847984893507,XGBoost,CAT-Solv-47,42,NMP
62333,CN1CCCC1=O,-0.432954272535089,XGBoost,CAT-Solv-47,42,NMP
62334,CN1CCCC1=O,-0.4139964112206392,XGBoost,CAT-Solv-47,42,NMP
62335,CN1CCCC1=O,-0.3941450871559173,XGBoost,CAT-Solv-47,42,NMP
62336,CN1CCCC1=O,-0.3737796163949883,XGBoost,CAT-Solv-47,42,NMP
62337,CN1CCCC1=O,-0.3544494885323265,XGBoost,CAT-Solv-47,42,NMP
62338,CN1CCCC1=O,-0.3346111454433391,XGBoost,CAT-Solv-47,42,NMP
62339,CN1CCCC1=O,-0.3154576632839751,XGBoost,CAT-Solv-47,42,NMP
62340,CN1CCCC1=O,-0.295983401811675,XGBoost,CAT-Solv-47,42,NMP
62341,CN1CCCC1=O,-0.2760312724386858,XGBoost,CAT-Solv-47,42,NMP
62342,CN1CCCC1=O,-0.2567713771904513,XGBoost,CAT-Solv-47,42,NMP
62343,CN1CCCC1=O,-0.2377192819454365,XGBoost,CAT-Solv-47,42,NMP
62344,CN1CCCC1=O,-0.2176381072061759,XGBoost,CAT-Solv-47,42,NMP
62345,CN1CCCC1=O,-0.1984269596926277,XGBoost,CAT-Solv-47,42,NMP
62346,CN1CCCC1=O,-0.1790877662407395,XGBoost,CAT-Solv-47,42,NMP
62617,CN1CCCC1=O,0.288783493569785,XGBoost,CAT-Solv-47,42,NMP
62618,CN1CCCC1=O,0.3049135537224845,XGBoost,CAT-Solv-47,42,NMP
62619,CN1CCCC1=O,0.3217976383518303,XGBoost,CAT-Solv-47,42,NMP
62620,CN1CCCC1=O,0.3399738235611845,XGBoost,CAT-Solv-47,42,NMP
62621,CN1CCCC1=O,0.3577229225710878,XGBoost,CAT-Solv-47,42,NMP
62622,CN1CCCC1=O,0.3754442952316758,XGBoost,CAT-Solv-47,42,NMP
62623,CN1CCCC1=O,0.3932350759373421,XGBoost,CAT-Solv-47,42,NMP
62624,CN1CCCC1=O,0.4128442932613549,XGBoost,CAT-Solv-47,42,NMP
62625,CN1CCCC1=O,0.4329467191547119,XGBoost,CAT-Solv-47,42,NMP
62797,OCCO,0.2890681768440369,XGBoost,CAT-Solv-47,42,Ethylene glycol
62798,OCCO,0.3693277506140699,XGBoost,CAT-Solv-47,42,Ethylene glycol
62799,OCCO,0.4153964434415433,XGBoost,CAT-Solv-47,42,Ethylene glycol
62800,OCCO,0.4792142286027317,XGBoost,CAT-Solv-47,42,Ethylene glycol
62801,OCCO,0.5110384105510513,XGBoost,CAT-Solv-47,42,Ethylene glycol
62802,OCCO,0.5612089605682087,XGBoost,CAT-Solv-47,42,Ethylene glycol
62919,OCCO,-0.9851265140981258,XGBoost,CAT-Solv-47,42,Ethylene glycol
62920,OCCO,-0.9470048236383536,XGBoost,CAT-Solv-47,42,Ethylene glycol
62921,OCCO,-0.8309650487292712,XGBoost,CAT-Solv-47,42,Ethylene glycol
62922,OCCO,-0.7545941013932542,XGBoost,CAT-Solv-47,42,Ethylene glycol
62923,OCCO,-0.6530102050949449,XGBoost,CAT-Solv-47,42,Ethylene glycol
62924,OCCO,-0.5739670757726608,XGBoost,CAT-Solv-47,42,Ethylene glycol
62925,OCCO,-0.4871641639868805,XGBoost,CAT-Solv-47,42,Ethylene glycol
62926,OCCO,-0.4255955550312107,XGBoost,CAT-Solv-47,42,Ethylene glycol
62927,OCCO,-0.3655315387639783,XGBoost,CAT-Solv-47,42,Ethylene glycol
62928,OCCO,-0.2952817654385302,XGBoost,CAT-Solv-47,42,Ethylene glycol
62996,C1CCCCC1,-2.8136042574946436,XGBoost,CAT-Solv-47,42,Cyclohexane
62997,C1CCCCC1,-2.7384539891000963,XGBoost,CAT-Solv-47,42,Cyclohexane
62998,C1CCCCC1,-2.6045218781449946,XGBoost,CAT-Solv-47,42,Cyclohexane
62999,C1CCCCC1,-2.4845999976761832,XGBoost,CAT-Solv-47,42,Cyclohexane
63000,C1CCCCC1,-2.365942769669228,XGBoost,CAT-Solv-47,42,Cyclohexane
63001,C1CCCCC1,-2.2513330553085424,XGBoost,CAT-Solv-47,42,Cyclohexane
63002,C1CCCCC1,-2.153240266882836,XGBoost,CAT-Solv-47,42,Cyclohexane
63003,C1CCCCC1,-2.051504715162468,XGBoost,CAT-Solv-47,42,Cyclohexane
63004,C1CCCCC1,-1.9543366269157196,XGBoost,CAT-Solv-47,42,Cyclohexane
63005,C1CCCCC1,-1.8460441641192251,XGBoost,CAT-Solv-47,42,Cyclohexane
63074,CN1CCCC1=O,-0.2212298370259006,XGBoost,CAT-Solv-47,42,NMP
63075,CN1CCCC1=O,-0.1694629865140409,XGBoost,CAT-Solv-47,42,NMP
63076,CN1CCCC1=O,-0.0798018519599001,XGBoost,CAT-Solv-47,42,NMP
63077,CN1CCCC1=O,0.006562816895009,XGBoost,CAT-Solv-47,42,NMP
63078,CN1CCCC1=O,0.0913238106922091,XGBoost,CAT-Solv-47,42,NMP
63079,CN1CCCC1=O,0.1687772721572332,XGBoost,CAT-Solv-47,42,NMP
63080,CN1CCCC1=O,0.2327757507845781,XGBoost,CAT-Solv-47,42,NMP
63081,CN1CCCC1=O,0.311585917603461,XGBoost,CAT-Solv-47,42,NMP
63082,CN1CCCC1=O,0.3712671767409054,XGBoost,CAT-Solv-47,42,NMP
63083,CN1CCCC1=O,0.4637558444275654,XGBoost,CAT-Solv-47,42,NMP
63094,OCCO,-1.487853827252284,XGBoost,CAT-Solv-47,42,Ethylene glycol
63095,OCCO,-1.383680849670201,XGBoost,CAT-Solv-47,42,Ethylene glycol
63096,OCCO,-1.29559989146731,XGBoost,CAT-Solv-47,42,Ethylene glycol
63097,OCCO,-1.1853820566763895,XGBoost,CAT-Solv-47,42,Ethylene glycol
63098,OCCO,-1.0890776046048236,XGBoost,CAT-Solv-47,42,Ethylene glycol
63099,OCCO,-0.9880495531895088,XGBoost,CAT-Solv-47,42,Ethylene glycol
63100,OCCO,-0.8800232714792748,XGBoost,CAT-Solv-47,42,Ethylene glycol
63101,OCCO,-0.7810036766702001,XGBoost,CAT-Solv-47,42,Ethylene glycol
63102,OCCO,-0.6750606662034963,XGBoost,CAT-Solv-47,42,Ethylene glycol
63103,OCCO,-0.547931783838708,XGBoost,CAT-Solv-47,42,Ethylene glycol
63285,CN1CCCC1=O,-0.4073001506969088,XGBoost,CAT-Solv-47,42,NMP
63286,CN1CCCC1=O,-0.3682154767449207,XGBoost,CAT-Solv-47,42,NMP
63287,CN1CCCC1=O,-0.3262314080969704,XGBoost,CAT-Solv-47,42,NMP
63288,CN1CCCC1=O,-0.2853901567689039,XGBoost,CAT-Solv-47,42,NMP
63289,CN1CCCC1=O,-0.2440962921644758,XGBoost,CAT-Solv-47,42,NMP
63290,CN1CCCC1=O,-0.206176984467258,XGBoost,CAT-Solv-47,42,NMP
63291,CN1CCCC1=O,-0.1669752664011666,XGBoost,CAT-Solv-47,42,NMP
63292,CN1CCCC1=O,-0.128629336842722,XGBoost,CAT-Solv-47,42,NMP
63293,CN1CCCC1=O,-0.0888429875763491,XGBoost,CAT-Solv-47,42,NMP
63294,CN1CCCC1=O,-0.0549820002098453,XGBoost,CAT-Solv-47,42,NMP
63295,CN1CCCC1=O,-0.0153035492595087,XGBoost,CAT-Solv-47,42,NMP
63296,CN1CCCC1=O,0.0218096623315988,XGBoost,CAT-Solv-47,42,NMP
63297,CN1CCCC1=O,0.0629232403414207,XGBoost,CAT-Solv-47,42,NMP
63298,CN1CCCC1=O,0.1039907174205124,XGBoost,CAT-Solv-47,42,NMP
63299,CN1CCCC1=O,0.1451256112969459,XGBoost,CAT-Solv-47,42,NMP
63459,CN1CCCC1=O,-0.5988709058690688,XGBoost,CAT-Solv-47,42,NMP
63460,CN1CCCC1=O,-0.5593403296861446,XGBoost,CAT-Solv-47,42,NMP
63461,CN1CCCC1=O,-0.518524093640987,XGBoost,CAT-Solv-47,42,NMP
63462,CN1CCCC1=O,-0.4856866934800745,XGBoost,CAT-Solv-47,42,NMP
63463,CN1CCCC1=O,-0.4552837567692825,XGBoost,CAT-Solv-47,42,NMP
63486,OCCO,-1.6351433761171186,XGBoost,CAT-Solv-47,42,Ethylene glycol
63487,OCCO,-1.5680426185349814,XGBoost,CAT-Solv-47,42,Ethylene glycol
63488,OCCO,-1.510264333844449,XGBoost,CAT-Solv-47,42,Ethylene glycol
63489,OCCO,-1.450735245631292,XGBoost,CAT-Solv-47,42,Ethylene glycol
63490,OCCO,-1.3929227418460717,XGBoost,CAT-Solv-47,42,Ethylene glycol
63579,CS(C)=O,0.3913220272897583,XGBoost,CAT-Solv-47,42,DMSO
63580,CS(C)=O,0.4021547697464478,XGBoost,CAT-Solv-47,42,DMSO
63581,CS(C)=O,0.4042505791014745,XGBoost,CAT-Solv-47,42,DMSO
63582,CS(C)=O,0.4200370995893002,XGBoost,CAT-Solv-47,42,DMSO
63583,CS(C)=O,0.4204177903138852,XGBoost,CAT-Solv-47,42,DMSO
63584,CS(C)=O,0.4370012523480632,XGBoost,CAT-Solv-47,42,DMSO
63585,CS(C)=O,0.4391873625349309,XGBoost,CAT-Solv-47,42,DMSO
63586,CS(C)=O,0.4545860916045929,XGBoost,CAT-Solv-47,42,DMSO
63587,CS(C)=O,0.4586976555523598,XGBoost,CAT-Solv-47,42,DMSO
63588,CS(C)=O,0.478539253184539,XGBoost,CAT-Solv-47,42,DMSO
63589,CS(C)=O,0.4819757182318907,XGBoost,CAT-Solv-47,42,DMSO
63590,CS(C)=O,0.4918829215656232,XGBoost,CAT-Solv-47,42,DMSO
63591,CS(C)=O,0.4988015415517203,XGBoost,CAT-Solv-47,42,DMSO
63592,CS(C)=O,0.5105782208182469,XGBoost,CAT-Solv-47,42,DMSO
63593,CS(C)=O,0.5343732774479576,XGBoost,CAT-Solv-47,42,DMSO
63845,CN1CCCC1=O,-0.8995036247916116,XGBoost,CAT-Solv-47,42,NMP
63846,CN1CCCC1=O,-0.835686443614632,XGBoost,CAT-Solv-47,42,NMP
63847,CN1CCCC1=O,-0.7888756559891775,XGBoost,CAT-Solv-47,42,NMP
63848,CN1CCCC1=O,-0.7188069861897353,XGBoost,CAT-Solv-47,42,NMP
63849,CN1CCCC1=O,-0.687707854876315,XGBoost,CAT-Solv-47,42,NMP
63850,CN1CCCC1=O,-0.6256406569398234,XGBoost,CAT-Solv-47,42,NMP
63851,CN1CCCC1=O,0.1942492211842152,XGBoost,CAT-Solv-47,42,NMP
63852,CN1CCCC1=O,0.2111614710423072,XGBoost,CAT-Solv-47,42,NMP
63874,OCCO,-2.2107146993810884,XGBoost,CAT-Solv-47,42,Ethylene glycol
63875,OCCO,-2.1649860402247163,XGBoost,CAT-Solv-47,42,Ethylene glycol
63876,OCCO,-2.1288836613221744,XGBoost,CAT-Solv-47,42,Ethylene glycol
63877,OCCO,-2.0736879699603428,XGBoost,CAT-Solv-47,42,Ethylene glycol
63878,OCCO,-2.0213228376588086,XGBoost,CAT-Solv-47,42,Ethylene glycol
63879,OCCO,-1.9891625969598403,XGBoost,CAT-Solv-47,42,Ethylene glycol
63880,OCCO,-1.9461949852123908,XGBoost,CAT-Solv-47,42,Ethylene glycol
63881,OCCO,-1.910198609257037,XGBoost,CAT-Solv-47,42,Ethylene glycol
63882,OCCO,-1.8769004359990435,XGBoost,CAT-Solv-47,42,Ethylene glycol
64418,CS(C)=O,-0.741202516962256,XGBoost,CAT-Solv-47,42,DMSO
64419,CS(C)=O,-0.7413754632067598,XGBoost,CAT-Solv-47,42,DMSO
64420,CS(C)=O,-0.6126590736497922,XGBoost,CAT-Solv-47,42,DMSO
64421,CS(C)=O,-0.6127362431485605,XGBoost,CAT-Solv-47,42,DMSO
64422,CS(C)=O,-0.5318637696179066,XGBoost,CAT-Solv-47,42,DMSO
64423,CS(C)=O,-0.5318851798342221,XGBoost,CAT-Solv-47,42,DMSO
64424,CS(C)=O,-0.4579790734478982,XGBoost,CAT-Solv-47,42,DMSO
64425,CS(C)=O,-0.4580153126462892,XGBoost,CAT-Solv-47,42,DMSO
64426,CS(C)=O,-0.3299749672430145,XGBoost,CAT-Solv-47,42,DMSO
64427,CS(C)=O,-0.3300157797794044,XGBoost,CAT-Solv-47,42,DMSO
64455,OCCO,-1.9257786223892084,XGBoost,CAT-Solv-47,42,Ethylene glycol
64456,OCCO,-1.8621793925640424,XGBoost,CAT-Solv-47,42,Ethylene glycol
64457,OCCO,-1.8242125991636515,XGBoost,CAT-Solv-47,42,Ethylene glycol
64458,OCCO,-1.77320323079001,XGBoost,CAT-Solv-47,42,Ethylene glycol
64459,OCCO,-1.691161082501417,XGBoost,CAT-Solv-47,42,Ethylene glycol
64970,C1CCCCC1,-3.415771632986155,XGBoost,CAT-Solv-47,42,Cyclohexane
64971,C1CCCCC1,-3.2529718027848844,XGBoost,CAT-Solv-47,42,Cyclohexane
64972,C1CCCCC1,-3.0941999892847853,XGBoost,CAT-Solv-47,42,Cyclohexane
64973,C1CCCCC1,-2.9756441330451606,XGBoost,CAT-Solv-47,42,Cyclohexane
64974,C1CCCCC1,-2.848660814942439,XGBoost,CAT-Solv-47,42,Cyclohexane
64975,C1CCCCC1,-2.7299126997029455,XGBoost,CAT-Solv-47,42,Cyclohexane
64976,C1CCCCC1,-2.6146162335010628,XGBoost,CAT-Solv-47,42,Cyclohexane
64977,C1CCCCC1,-2.510536015789664,XGBoost,CAT-Solv-47,42,Cyclohexane
64978,C1CCCCC1,-2.401489887911198,XGBoost,CAT-Solv-47,42,Cyclohexane
65069,CN1CCCC1=O,-0.0716435151106477,XGBoost,CAT-Solv-47,42,NMP
65070,CN1CCCC1=O,-0.0407506714362321,XGBoost,CAT-Solv-47,42,NMP
65071,CN1CCCC1=O,0.0002595017379079,XGBoost,CAT-Solv-47,42,NMP
65072,CN1CCCC1=O,0.0429825722150548,XGBoost,CAT-Solv-47,42,NMP
65073,CN1CCCC1=O,0.0913238106922091,XGBoost,CAT-Solv-47,42,NMP
65074,CN1CCCC1=O,0.1444291710007216,XGBoost,CAT-Solv-47,42,NMP
65075,CN1CCCC1=O,0.2043959071628103,XGBoost,CAT-Solv-47,42,NMP
65076,CN1CCCC1=O,0.2739266888217092,XGBoost,CAT-Solv-47,42,NMP
65077,CN1CCCC1=O,0.3430315457256794,XGBoost,CAT-Solv-47,42,NMP
65078,CN1CCCC1=O,0.4166774234597747,XGBoost,CAT-Solv-47,42,NMP
65089,OCCO,-0.6118856060613803,XGBoost,CAT-Solv-47,42,Ethylene glycol
65090,OCCO,-0.4938665529901858,XGBoost,CAT-Solv-47,42,Ethylene glycol
65091,OCCO,-0.3830396549391491,XGBoost,CAT-Solv-47,42,Ethylene glycol
65092,OCCO,-0.2823289818177507,XGBoost,CAT-Solv-47,42,Ethylene glycol
65093,OCCO,-0.1893757895858288,XGBoost,CAT-Solv-47,42,Ethylene glycol
65094,OCCO,-0.1035722677370398,XGBoost,CAT-Solv-47,42,Ethylene glycol
65095,OCCO,-0.0242478738298709,XGBoost,CAT-Solv-47,42,Ethylene glycol
65096,OCCO,0.054149605410573,XGBoost,CAT-Solv-47,42,Ethylene glycol
65097,OCCO,0.1301605579036774,XGBoost,CAT-Solv-47,42,Ethylene glycol
65098,OCCO,0.2120906844775359,XGBoost,CAT-Solv-47,42,Ethylene glycol
65371,C1CCCCC1,-4.597208359389011,XGBoost,CAT-Solv-47,42,Cyclohexane
65372,C1CCCCC1,-4.474845047388968,XGBoost,CAT-Solv-47,42,Cyclohexane
65373,C1CCCCC1,-4.32618463616157,XGBoost,CAT-Solv-47,42,Cyclohexane
65374,C1CCCCC1,-4.149897850883317,XGBoost,CAT-Solv-47,42,Cyclohexane
65375,C1CCCCC1,-4.001628602198651,XGBoost,CAT-Solv-47,42,Cyclohexane
65376,C1CCCCC1,-3.862772095064991,XGBoost,CAT-Solv-47,42,Cyclohexane
65377,C1CCCCC1,-3.736980500254232,XGBoost,CAT-Solv-47,42,Cyclohexane
65378,C1CCCCC1,-3.603187011892703,XGBoost,CAT-Solv-47,42,Cyclohexane
65379,C1CCCCC1,-3.481825409689813,XGBoost,CAT-Solv-47,42,Cyclohexane
65380,C1CCCCC1,-3.366220793419531,XGBoost,CAT-Solv-47,42,Cyclohexane
65491,OCCO,-1.0808919990676236,XGBoost,CAT-Solv-47,42,Ethylene glycol
65492,OCCO,-1.0309430504147787,XGBoost,CAT-Solv-47,42,Ethylene glycol
65493,OCCO,-0.9688648972019576,XGBoost,CAT-Solv-47,42,Ethylene glycol
65494,OCCO,-0.8989181532136119,XGBoost,CAT-Solv-47,42,Ethylene glycol
65495,OCCO,-0.8195004573688283,XGBoost,CAT-Solv-47,42,Ethylene glycol
65496,OCCO,-0.7416763889085991,XGBoost,CAT-Solv-47,42,Ethylene glycol
65497,OCCO,-0.6684729393529178,XGBoost,CAT-Solv-47,42,Ethylene glycol
65498,OCCO,-0.5885519486137618,XGBoost,CAT-Solv-47,42,Ethylene glycol
65499,OCCO,-0.5216909906759843,XGBoost,CAT-Solv-47,42,Ethylene glycol
65500,OCCO,-0.4599668585165377,XGBoost,CAT-Solv-47,42,Ethylene glycol
65740,C1CCCCC1,-1.142658090809232,XGBoost,CAT-Solv-47,42,Cyclohexane
65741,C1CCCCC1,-1.0275992765329252,XGBoost,CAT-Solv-47,42,Cyclohexane
65742,C1CCCCC1,-0.8804738414391733,XGBoost,CAT-Solv-47,42,Cyclohexane
65743,C1CCCCC1,-0.7575199017191439,XGBoost,CAT-Solv-47,42,Cyclohexane
65744,C1CCCCC1,-0.6045222846101981,XGBoost,CAT-Solv-47,42,Cyclohexane
65745,C1CCCCC1,-0.4616076697495759,XGBoost,CAT-Solv-47,42,Cyclohexane
65746,C1CCCCC1,-0.2211935021559511,XGBoost,CAT-Solv-47,42,Cyclohexane
65915,OCCO,-2.6898554149236538,XGBoost,CAT-Solv-47,42,Ethylene glycol
65916,OCCO,-2.6239175771601277,XGBoost,CAT-Solv-47,42,Ethylene glycol
65917,OCCO,-2.5522727797309743,XGBoost,CAT-Solv-47,42,Ethylene glycol
65918,OCCO,-2.4842116577592597,XGBoost,CAT-Solv-47,42,Ethylene glycol
65919,OCCO,-2.405703419022374,XGBoost,CAT-Solv-47,42,Ethylene glycol
65920,OCCO,-2.331751747595975,XGBoost,CAT-Solv-47,42,Ethylene glycol
65921,OCCO,-2.254448642715908,XGBoost,CAT-Solv-47,42,Ethylene glycol
65922,OCCO,-2.1873267633386897,XGBoost,CAT-Solv-47,42,Ethylene glycol
65923,OCCO,-2.1204688355997345,XGBoost,CAT-Solv-47,42,Ethylene glycol
65924,OCCO,-2.051110499183862,XGBoost,CAT-Solv-47,42,Ethylene glycol
66008,C1CCCCC1,-1.357784466610022,XGBoost,CAT-Solv-47,42,Cyclohexane
66009,C1CCCCC1,-1.2323365135234017,XGBoost,CAT-Solv-47,42,Cyclohexane
66010,C1CCCCC1,-1.1406248579756386,XGBoost,CAT-Solv-47,42,Cyclohexane
66011,C1CCCCC1,-1.0276618706058946,XGBoost,CAT-Solv-47,42,Cyclohexane
66012,C1CCCCC1,-0.93493122230563,XGBoost,CAT-Solv-47,42,Cyclohexane
66013,C1CCCCC1,-0.8054222195930154,XGBoost,CAT-Solv-47,42,Cyclohexane
66014,C1CCCCC1,-0.6940191830682861,XGBoost,CAT-Solv-47,42,Cyclohexane
66090,CCCOC(C)=O,0.1800442182577545,XGBoost,CAT-Solv-47,42,n-Pr acetate
66091,CCCOC(C)=O,0.2332292511873903,XGBoost,CAT-Solv-47,42,n-Pr acetate
66092,CCCOC(C)=O,0.2907457912014077,XGBoost,CAT-Solv-47,42,n-Pr acetate
66093,CCCOC(C)=O,0.3732686491510135,XGBoost,CAT-Solv-47,42,n-Pr acetate
66094,CCCOC(C)=O,0.4657616548852212,XGBoost,CAT-Solv-47,42,n-Pr acetate
66095,CCCOC(C)=O,0.5427136486984462,XGBoost,CAT-Solv-47,42,n-Pr acetate
66096,CCCOC(C)=O,0.6261009616739923,XGBoost,CAT-Solv-47,42,n-Pr acetate
66097,CCCOC(C)=O,0.754311014379102,XGBoost,CAT-Solv-47,42,n-Pr acetate
66098,CCCOC(C)=O,0.8833422965607132,XGBoost,CAT-Solv-47,42,n-Pr acetate
66151,CN1CCCC1=O,1.0499830661869158,XGBoost,CAT-Solv-47,42,NMP
66152,CN1CCCC1=O,1.0826145577942172,XGBoost,CAT-Solv-47,42,NMP
66153,CN1CCCC1=O,1.1275713751857488,XGBoost,CAT-Solv-47,42,NMP
66154,CN1CCCC1=O,1.17206664343636,XGBoost,CAT-Solv-47,42,NMP
66155,CN1CCCC1=O,1.234145875944896,XGBoost,CAT-Solv-47,42,NMP
66156,CN1CCCC1=O,1.3127847648773583,XGBoost,CAT-Solv-47,42,NMP
66157,CN1CCCC1=O,1.3926396186377283,XGBoost,CAT-Solv-47,42,NMP
66158,CN1CCCC1=O,1.4998027628074786,XGBoost,CAT-Solv-47,42,NMP
66159,CN1CCCC1=O,1.615503648213177,XGBoost,CAT-Solv-47,42,NMP
66304,OCCO,-2.2020471714197187,XGBoost,CAT-Solv-47,42,Ethylene glycol
66305,OCCO,-1.9148245675150195,XGBoost,CAT-Solv-47,42,Ethylene glycol
66306,OCCO,-1.5308035313567996,XGBoost,CAT-Solv-47,42,Ethylene glycol
66307,OCCO,-1.213620127750762,XGBoost,CAT-Solv-47,42,Ethylene glycol
66308,OCCO,-0.9380736629475852,XGBoost,CAT-Solv-47,42,Ethylene glycol
66309,OCCO,-0.7523723614177373,XGBoost,CAT-Solv-47,42,Ethylene glycol
66310,OCCO,-0.5961217208481591,XGBoost,CAT-Solv-47,42,Ethylene glycol
66311,OCCO,-0.434650539083805,XGBoost,CAT-Solv-47,42,Ethylene glycol
66312,OCCO,-0.2480278307404123,XGBoost,CAT-Solv-47,42,Ethylene glycol
66427,CS(C)=O,-0.8482112853411622,XGBoost,CAT-Solv-47,42,DMSO
66428,CS(C)=O,-0.8277841815194589,XGBoost,CAT-Solv-47,42,DMSO
66429,CS(C)=O,-0.8036510876848707,XGBoost,CAT-Solv-47,42,DMSO
66430,CS(C)=O,-0.7739125378815669,XGBoost,CAT-Solv-47,42,DMSO
66431,CS(C)=O,-0.7445581953193792,XGBoost,CAT-Solv-47,42,DMSO
66432,CS(C)=O,-0.723359106583973,XGBoost,CAT-Solv-47,42,DMSO
66433,CS(C)=O,-0.6969127005712575,XGBoost,CAT-Solv-47,42,DMSO
66434,CS(C)=O,-0.667496096448777,XGBoost,CAT-Solv-47,42,DMSO
66524,OCCO,-1.9006151567162328,XGBoost,CAT-Solv-47,42,Ethylene glycol
66525,OCCO,-1.8551576865373596,XGBoost,CAT-Solv-47,42,Ethylene glycol
66526,OCCO,-1.8053105257146007,XGBoost,CAT-Solv-47,42,Ethylene glycol
66527,OCCO,-1.759208510156575,XGBoost,CAT-Solv-47,42,Ethylene glycol
66528,OCCO,-1.7097287638172132,XGBoost,CAT-Solv-47,42,Ethylene glycol
66529,OCCO,-1.665693468478796,XGBoost,CAT-Solv-47,42,Ethylene glycol
66530,OCCO,-1.6185206435366366,XGBoost,CAT-Solv-47,42,Ethylene glycol
66531,OCCO,-1.5773796839238452,XGBoost,CAT-Solv-47,42,Ethylene glycol
66532,OCCO,-1.5315986637434336,XGBoost,CAT-Solv-47,42,Ethylene glycol
66533,OCCO,-1.4892401193458111,XGBoost,CAT-Solv-47,42,Ethylene glycol
66574,OCCO,-2.2361107305985546,XGBoost,CAT-Solv-47,42,Ethylene glycol
66575,OCCO,-2.1431772321124183,XGBoost,CAT-Solv-47,42,Ethylene glycol
66576,OCCO,-2.0401084258416593,XGBoost,CAT-Solv-47,42,Ethylene glycol
66577,OCCO,-1.9573369894224757,XGBoost,CAT-Solv-47,42,Ethylene glycol
66578,OCCO,-1.8738092490729723,XGBoost,CAT-Solv-47,42,Ethylene glycol
66579,OCCO,-1.810207963132502,XGBoost,CAT-Solv-47,42,Ethylene glycol
66580,OCCO,-1.741789482724885,XGBoost,CAT-Solv-47,42,Ethylene glycol
66581,OCCO,-1.683474459904893,XGBoost,CAT-Solv-47,42,Ethylene glycol
66582,OCCO,-1.618125542898801,XGBoost,CAT-Solv-47,42,Ethylene glycol
66583,OCCO,-1.5583163646590448,XGBoost,CAT-Solv-47,42,Ethylene glycol
66674,OCCO,-1.886686027491398,XGBoost,CAT-Solv-47,42,Ethylene glycol
66675,OCCO,-1.7863266739749697,XGBoost,CAT-Solv-47,42,Ethylene glycol
66676,OCCO,-1.692880219794731,XGBoost,CAT-Solv-47,42,Ethylene glycol
66677,OCCO,-1.597361665395655,XGBoost,CAT-Solv-47,42,Ethylene glycol
66678,OCCO,-1.5110999658979918,XGBoost,CAT-Solv-47,42,Ethylene glycol
66679,OCCO,-1.4380611795301173,XGBoost,CAT-Solv-47,42,Ethylene glycol
66680,OCCO,-1.3700595378498186,XGBoost,CAT-Solv-47,42,Ethylene glycol
66681,OCCO,-1.3021786405411204,XGBoost,CAT-Solv-47,42,Ethylene glycol
66682,OCCO,-1.2396485818791063,XGBoost,CAT-Solv-47,42,Ethylene glycol
66683,OCCO,-1.1761772275605489,XGBoost,CAT-Solv-47,42,Ethylene glycol
66748,CCCOC(C)=O,-1.7923413462107878,XGBoost,CAT-Solv-47,42,n-Pr acetate
66749,CCCOC(C)=O,-1.7629590950164495,XGBoost,CAT-Solv-47,42,n-Pr acetate
66750,CCCOC(C)=O,-1.7341489256998563,XGBoost,CAT-Solv-47,42,n-Pr acetate
66751,CCCOC(C)=O,-1.704616110371855,XGBoost,CAT-Solv-47,42,n-Pr acetate
66752,CCCOC(C)=O,-1.6792997218347163,XGBoost,CAT-Solv-47,42,n-Pr acetate
66753,CCCOC(C)=O,-1.654952377278205,XGBoost,CAT-Solv-47,42,n-Pr acetate
66754,CCCOC(C)=O,-1.6271719315683535,XGBoost,CAT-Solv-47,42,n-Pr acetate
66755,CCCOC(C)=O,-1.6031746839995054,XGBoost,CAT-Solv-47,42,n-Pr acetate
66756,CCCOC(C)=O,-1.576918170758066,XGBoost,CAT-Solv-47,42,n-Pr acetate
66892,CS(C)=O,-1.097150253486585,XGBoost,CAT-Solv-47,42,DMSO
66893,CS(C)=O,-1.060569928211775,XGBoost,CAT-Solv-47,42,DMSO
66894,CS(C)=O,-1.0187450574100478,XGBoost,CAT-Solv-47,42,DMSO
66895,CS(C)=O,-0.9728592801915448,XGBoost,CAT-Solv-47,42,DMSO
66896,CS(C)=O,-0.92820499257402,XGBoost,CAT-Solv-47,42,DMSO
66897,CS(C)=O,-0.883782717832302,XGBoost,CAT-Solv-47,42,DMSO
66898,CS(C)=O,-0.8414829981432019,XGBoost,CAT-Solv-47,42,DMSO
66899,CS(C)=O,-0.7959071065373768,XGBoost,CAT-Solv-47,42,DMSO
66900,CS(C)=O,-0.7477206197475753,XGBoost,CAT-Solv-47,42,DMSO
67007,CS(C)=O,-0.8146813602007793,XGBoost,CAT-Solv-47,42,DMSO
67008,CS(C)=O,-0.7462001612321091,XGBoost,CAT-Solv-47,42,DMSO
67009,CS(C)=O,-0.6742693248594452,XGBoost,CAT-Solv-47,42,DMSO
67010,CS(C)=O,-0.61669330745101,XGBoost,CAT-Solv-47,42,DMSO
67011,CS(C)=O,-0.543752597383672,XGBoost,CAT-Solv-47,42,DMSO
67012,CS(C)=O,-0.4725051075056734,XGBoost,CAT-Solv-47,42,DMSO
67013,CS(C)=O,-0.3991661397809741,XGBoost,CAT-Solv-47,42,DMSO
67014,CS(C)=O,-0.3325035322002532,XGBoost,CAT-Solv-47,42,DMSO
67015,OCCO,-2.00256099681667,XGBoost,CAT-Solv-47,42,Ethylene glycol
67016,OCCO,-1.941195864568099,XGBoost,CAT-Solv-47,42,Ethylene glycol
67017,OCCO,-1.8876853406934264,XGBoost,CAT-Solv-47,42,Ethylene glycol
67018,OCCO,-1.8304570287722273,XGBoost,CAT-Solv-47,42,Ethylene glycol
67019,OCCO,-1.7817907448844683,XGBoost,CAT-Solv-47,42,Ethylene glycol
67020,OCCO,-1.7306841635521013,XGBoost,CAT-Solv-47,42,Ethylene glycol
67021,OCCO,-1.6824560432392943,XGBoost,CAT-Solv-47,42,Ethylene glycol
67022,OCCO,-1.6376232919553788,XGBoost,CAT-Solv-47,42,Ethylene glycol
67023,OCCO,-1.5915156113497444,XGBoost,CAT-Solv-47,42,Ethylene glycol
67024,OCCO,-1.548719719837362,XGBoost,CAT-Solv-47,42,Ethylene glycol
67025,OCCO,-1.5070599712506492,XGBoost,CAT-Solv-47,42,Ethylene glycol
67026,OCCO,-1.460659962563886,XGBoost,CAT-Solv-47,42,Ethylene glycol
67039,C1CCCCC1,-3.3991451957029533,XGBoost,CAT-Solv-47,42,Cyclohexane
67040,C1CCCCC1,-3.2865973211044412,XGBoost,CAT-Solv-47,42,Cyclohexane
67041,C1CCCCC1,-3.1797237625906796,XGBoost,CAT-Solv-47,42,Cyclohexane
67042,C1CCCCC1,-3.0796080607376073,XGBoost,CAT-Solv-47,42,Cyclohexane
67043,C1CCCCC1,-2.9775573212814272,XGBoost,CAT-Solv-47,42,Cyclohexane
67044,C1CCCCC1,-2.883934258170292,XGBoost,CAT-Solv-47,42,Cyclohexane
67045,C1CCCCC1,-2.7874487177698484,XGBoost,CAT-Solv-47,42,Cyclohexane
67046,C1CCCCC1,-2.697286593190063,XGBoost,CAT-Solv-47,42,Cyclohexane
67153,CS(C)=O,-0.6714951333047335,XGBoost,CAT-Solv-47,42,DMSO
67154,CS(C)=O,-0.6685021729172812,XGBoost,CAT-Solv-47,42,DMSO
67155,CS(C)=O,-0.6656556577411632,XGBoost,CAT-Solv-47,42,DMSO
67156,CS(C)=O,-0.5110051882842576,XGBoost,CAT-Solv-47,42,DMSO
67157,CS(C)=O,-0.3933276701799915,XGBoost,CAT-Solv-47,42,DMSO
67158,CS(C)=O,-0.2877409502103721,XGBoost,CAT-Solv-47,42,DMSO
67159,CS(C)=O,-0.2062391955863552,XGBoost,CAT-Solv-47,42,DMSO
67232,CS(C)=O,-1.546098252258144,XGBoost,CAT-Solv-47,42,DMSO
67233,CS(C)=O,-1.402834212796395,XGBoost,CAT-Solv-47,42,DMSO
67234,CS(C)=O,-1.2730833852562615,XGBoost,CAT-Solv-47,42,DMSO
67235,CS(C)=O,-1.145633683707489,XGBoost,CAT-Solv-47,42,DMSO
67236,CS(C)=O,-1.0235131381934286,XGBoost,CAT-Solv-47,42,DMSO
67237,CS(C)=O,-0.9026391915295284,XGBoost,CAT-Solv-47,42,DMSO
67238,CS(C)=O,-0.7858570886647339,XGBoost,CAT-Solv-47,42,DMSO
67708,CCCOC(C)=O,0.6768810586081346,XGBoost,CAT-Solv-47,42,n-Pr acetate
67709,CCCOC(C)=O,0.6943316386215387,XGBoost,CAT-Solv-47,42,n-Pr acetate
67710,CCCOC(C)=O,0.707010895330695,XGBoost,CAT-Solv-47,42,n-Pr acetate
67711,CCCOC(C)=O,0.7206584728528547,XGBoost,CAT-Solv-47,42,n-Pr acetate
67712,CCCOC(C)=O,0.740940749807811,XGBoost,CAT-Solv-47,42,n-Pr acetate
67713,CCCOC(C)=O,0.754978483207885,XGBoost,CAT-Solv-47,42,n-Pr acetate
67714,CCCOC(C)=O,0.7796739398549476,XGBoost,CAT-Solv-47,42,n-Pr acetate
67715,CCCOC(C)=O,0.8031713888710048,XGBoost,CAT-Solv-47,42,n-Pr acetate
67716,CCCOC(C)=O,0.8309513068742304,XGBoost,CAT-Solv-47,42,n-Pr acetate
67717,CCCOC(C)=O,0.8586678069562329,XGBoost,CAT-Solv-47,42,n-Pr acetate
67808,OCCO,-2.6369887451106,XGBoost,CAT-Solv-47,42,Ethylene glycol
67809,OCCO,-2.552042043400054,XGBoost,CAT-Solv-47,42,Ethylene glycol
67810,OCCO,-2.4781256694982403,XGBoost,CAT-Solv-47,42,Ethylene glycol
67811,OCCO,-2.405926406408777,XGBoost,CAT-Solv-47,42,Ethylene glycol
67812,OCCO,-2.339277741990769,XGBoost,CAT-Solv-47,42,Ethylene glycol
67813,OCCO,-2.2842394789087335,XGBoost,CAT-Solv-47,42,Ethylene glycol
67814,OCCO,-2.231485941792969,XGBoost,CAT-Solv-47,42,Ethylene glycol
67815,OCCO,-2.1795768159684674,XGBoost,CAT-Solv-47,42,Ethylene glycol
67816,OCCO,-2.1300924650223387,XGBoost,CAT-Solv-47,42,Ethylene glycol
67817,OCCO,-2.0832446768065505,XGBoost,CAT-Solv-47,42,Ethylene glycol
68034,OCCO,-1.881440645713701,XGBoost,CAT-Solv-47,42,Ethylene glycol
68035,OCCO,-1.7725752088129223,XGBoost,CAT-Solv-47,42,Ethylene glycol
68036,OCCO,-1.675100162863463,XGBoost,CAT-Solv-47,42,Ethylene glycol
68037,OCCO,-1.577129139601323,XGBoost,CAT-Solv-47,42,Ethylene glycol
68038,OCCO,-1.490367084818247,XGBoost,CAT-Solv-47,42,Ethylene glycol
68039,OCCO,-1.412404498931291,XGBoost,CAT-Solv-47,42,Ethylene glycol
68040,OCCO,-1.33884777246972,XGBoost,CAT-Solv-47,42,Ethylene glycol
68041,OCCO,-1.2720660084348032,XGBoost,CAT-Solv-47,42,Ethylene glycol
68042,OCCO,-1.2104963819828136,XGBoost,CAT-Solv-47,42,Ethylene glycol
68043,OCCO,-1.156968101044248,XGBoost,CAT-Solv-47,42,Ethylene glycol
68154,CN1CCCC1=O,-0.4557264798362759,XGBoost,CAT-Solv-47,42,NMP
68155,CN1CCCC1=O,-0.4195006126313386,XGBoost,CAT-Solv-47,42,NMP
68156,CN1CCCC1=O,-0.3881909466723406,XGBoost,CAT-Solv-47,42,NMP
68157,CN1CCCC1=O,-0.3543280387508452,XGBoost,CAT-Solv-47,42,NMP
68158,CN1CCCC1=O,-0.3246503100583263,XGBoost,CAT-Solv-47,42,NMP
68159,CN1CCCC1=O,-0.2951526811126788,XGBoost,CAT-Solv-47,42,NMP
68160,CN1CCCC1=O,-0.2699534282781055,XGBoost,CAT-Solv-47,42,NMP
68161,CN1CCCC1=O,-0.2488579142186961,XGBoost,CAT-Solv-47,42,NMP
68162,CN1CCCC1=O,-0.2229489936930265,XGBoost,CAT-Solv-47,42,NMP
68163,CN1CCCC1=O,-0.2023321803744588,XGBoost,CAT-Solv-47,42,NMP
68164,CS(C)=O,-1.4311443717839334,XGBoost,CAT-Solv-47,42,DMSO
68165,CS(C)=O,-1.3759643907632733,XGBoost,CAT-Solv-47,42,DMSO
68166,CS(C)=O,-1.3117394849778996,XGBoost,CAT-Solv-47,42,DMSO
68167,CS(C)=O,-1.2601181508654256,XGBoost,CAT-Solv-47,42,DMSO
68168,CS(C)=O,-1.211600396859709,XGBoost,CAT-Solv-47,42,DMSO
68169,CS(C)=O,-1.1703441219666928,XGBoost,CAT-Solv-47,42,DMSO
68170,CS(C)=O,-1.130791208545359,XGBoost,CAT-Solv-47,42,DMSO
68230,CN1CCCC1=O,-0.9945793594151318,XGBoost,CAT-Solv-47,42,NMP
68231,CN1CCCC1=O,-0.9868508203535152,XGBoost,CAT-Solv-47,42,NMP
68232,CN1CCCC1=O,-0.9802627102500924,XGBoost,CAT-Solv-47,42,NMP
68233,CN1CCCC1=O,-0.9732379539758026,XGBoost,CAT-Solv-47,42,NMP
68234,CN1CCCC1=O,-0.9662582127130136,XGBoost,CAT-Solv-47,42,NMP
68235,CN1CCCC1=O,-0.9595361758378718,XGBoost,CAT-Solv-47,42,NMP
68236,CN1CCCC1=O,-0.9533391331515794,XGBoost,CAT-Solv-47,42,NMP
68237,CN1CCCC1=O,-0.9453524285077052,XGBoost,CAT-Solv-47,42,NMP
68238,CN1CCCC1=O,-0.9390874231553032,XGBoost,CAT-Solv-47,42,NMP
68239,CS(C)=O,-0.8014745113818246,XGBoost,CAT-Solv-47,42,DMSO
68240,CS(C)=O,-0.7788049368205748,XGBoost,CAT-Solv-47,42,DMSO
68241,CS(C)=O,-0.7567224198604106,XGBoost,CAT-Solv-47,42,DMSO
68242,CS(C)=O,-0.7355657697562517,XGBoost,CAT-Solv-47,42,DMSO
68243,CS(C)=O,-0.7152471682910366,XGBoost,CAT-Solv-47,42,DMSO
68244,CS(C)=O,-0.6956672124633351,XGBoost,CAT-Solv-47,42,DMSO
68411,CN1CCCC1=O,0.2513541177090643,XGBoost,CAT-Solv-47,42,NMP
68412,CN1CCCC1=O,0.2731065518144109,XGBoost,CAT-Solv-47,42,NMP
68413,CN1CCCC1=O,0.2960131153445405,XGBoost,CAT-Solv-47,42,NMP
68414,CN1CCCC1=O,0.3171155936787199,XGBoost,CAT-Solv-47,42,NMP
68415,CN1CCCC1=O,0.337661309733992,XGBoost,CAT-Solv-47,42,NMP
68416,CN1CCCC1=O,0.3613186613475431,XGBoost,CAT-Solv-47,42,NMP
68417,CN1CCCC1=O,0.3842727450501386,XGBoost,CAT-Solv-47,42,NMP
68418,CN1CCCC1=O,0.4075293956469135,XGBoost,CAT-Solv-47,42,NMP
68419,CN1CCCC1=O,0.4288500840008459,XGBoost,CAT-Solv-47,42,NMP
68420,CN1CCCC1=O,0.4519992647694192,XGBoost,CAT-Solv-47,42,NMP
68421,CN1CCCC1=O,0.4745775580091719,XGBoost,CAT-Solv-47,42,NMP
68422,CN1CCCC1=O,0.4969566513153383,XGBoost,CAT-Solv-47,42,NMP
68423,CN1CCCC1=O,0.5202609519218306,XGBoost,CAT-Solv-47,42,NMP
68424,CN1CCCC1=O,0.5444021765256297,XGBoost,CAT-Solv-47,42,NMP
68425,CN1CCCC1=O,0.5704471753970703,XGBoost,CAT-Solv-47,42,NMP
68521,CN1CCCC1=O,-0.6199005184729207,XGBoost,CAT-Solv-47,42,NMP
68522,CN1CCCC1=O,-0.5455216075889189,XGBoost,CAT-Solv-47,42,NMP
68523,CN1CCCC1=O,-0.474766496109734,XGBoost,CAT-Solv-47,42,NMP
68524,CN1CCCC1=O,-0.4043432524803863,XGBoost,CAT-Solv-47,42,NMP
68525,CN1CCCC1=O,-0.3311699839795809,XGBoost,CAT-Solv-47,42,NMP
68526,CN1CCCC1=O,-0.2651890745504083,XGBoost,CAT-Solv-47,42,NMP
68527,CN1CCCC1=O,-0.2027214574619106,XGBoost,CAT-Solv-47,42,NMP
68528,CN1CCCC1=O,-0.1445465711083307,XGBoost,CAT-Solv-47,42,NMP
68529,CN1CCCC1=O,-0.0898051804419411,XGBoost,CAT-Solv-47,42,NMP
68548,C1CCCCC1,-3.778145563325209,XGBoost,CAT-Solv-47,42,Cyclohexane
68549,C1CCCCC1,-3.3747723802226615,XGBoost,CAT-Solv-47,42,Cyclohexane
68550,C1CCCCC1,-3.1593577075734323,XGBoost,CAT-Solv-47,42,Cyclohexane
68551,C1CCCCC1,-2.965251989922289,XGBoost,CAT-Solv-47,42,Cyclohexane
68552,C1CCCCC1,-2.804454092579813,XGBoost,CAT-Solv-47,42,Cyclohexane
68553,C1CCCCC1,-2.6305585861551455,XGBoost,CAT-Solv-47,42,Cyclohexane
68554,C1CCCCC1,-2.519449195225239,XGBoost,CAT-Solv-47,42,Cyclohexane
68674,OCCO,-0.6882533361181278,XGBoost,CAT-Solv-47,42,Ethylene glycol
68675,OCCO,-0.586037620012777,XGBoost,CAT-Solv-47,42,Ethylene glycol
68676,OCCO,-0.5059413542008115,XGBoost,CAT-Solv-47,42,Ethylene glycol
68677,OCCO,-0.4274993177519341,XGBoost,CAT-Solv-47,42,Ethylene glycol
68678,OCCO,-0.3610355342475808,XGBoost,CAT-Solv-47,42,Ethylene glycol
68679,OCCO,-0.2889595130942104,XGBoost,CAT-Solv-47,42,Ethylene glycol
68680,OCCO,-0.2256346865255692,XGBoost,CAT-Solv-47,42,Ethylene glycol
68800,CS(C)=O,-0.3827186921953499,XGBoost,CAT-Solv-47,42,DMSO
68801,CS(C)=O,-0.3604329038684306,XGBoost,CAT-Solv-47,42,DMSO
68802,CS(C)=O,-0.3365636998834075,XGBoost,CAT-Solv-47,42,DMSO
68803,CS(C)=O,-0.3140699859539845,XGBoost,CAT-Solv-47,42,DMSO
68804,CS(C)=O,-0.2902939359255288,XGBoost,CAT-Solv-47,42,DMSO
68805,OCCO,-1.159408920983341,XGBoost,CAT-Solv-47,42,Ethylene glycol
68806,OCCO,-1.0997468859959438,XGBoost,CAT-Solv-47,42,Ethylene glycol
68807,OCCO,-1.036403804366377,XGBoost,CAT-Solv-47,42,Ethylene glycol
68808,OCCO,-0.9732740713517074,XGBoost,CAT-Solv-47,42,Ethylene glycol
68809,OCCO,-0.9242545236894564,XGBoost,CAT-Solv-47,42,Ethylene glycol
69168,C1CCCCC1,-1.0019260684426203,XGBoost,CAT-Solv-47,42,Cyclohexane
69187,CS(C)=O,-0.4852759481486815,XGBoost,CAT-Solv-47,42,DMSO
69717,OCCO,-0.857781167106367,XGBoost,CAT-Solv-47,42,Ethylene glycol
69718,OCCO,-0.8219425809800859,XGBoost,CAT-Solv-47,42,Ethylene glycol
69719,OCCO,-0.7979761750998318,XGBoost,CAT-Solv-47,42,Ethylene glycol
69720,OCCO,-0.7691312087870145,XGBoost,CAT-Solv-47,42,Ethylene glycol
69721,OCCO,-0.7374242142991697,XGBoost,CAT-Solv-47,42,Ethylene glycol
70013,CCCOC(C)=O,-1.175307561592091,XGBoost,CAT-Solv-47,42,n-Pr acetate
70014,CCCOC(C)=O,-1.1573205930078816,XGBoost,CAT-Solv-47,42,n-Pr acetate
70015,CCCOC(C)=O,-1.127383118410686,XGBoost,CAT-Solv-47,42,n-Pr acetate
70016,CCCOC(C)=O,-1.0865433599201235,XGBoost,CAT-Solv-47,42,n-Pr acetate
70017,CCCOC(C)=O,-1.0485403045666886,XGBoost,CAT-Solv-47,42,n-Pr acetate
70018,CCCOC(C)=O,-1.036435322682739,XGBoost,CAT-Solv-47,42,n-Pr acetate
70019,CCCOC(C)=O,-0.971899757218857,XGBoost,CAT-Solv-47,42,n-Pr acetate
70020,CCCOC(C)=O,-0.934385739605448,XGBoost,CAT-Solv-47,42,n-Pr acetate
70021,CCCOC(C)=O,-0.8993615643456317,XGBoost,CAT-Solv-47,42,n-Pr acetate
70156,CCCOC(C)=O,-1.412728691606419,XGBoost,CAT-Solv-47,42,n-Pr acetate
70157,CCCOC(C)=O,-1.392132070755432,XGBoost,CAT-Solv-47,42,n-Pr acetate
70158,CCCOC(C)=O,-1.354230904331968,XGBoost,CAT-Solv-47,42,n-Pr acetate
70159,CCCOC(C)=O,-1.3205934201874037,XGBoost,CAT-Solv-47,42,n-Pr acetate
70160,CCCOC(C)=O,-1.2890329998536658,XGBoost,CAT-Solv-47,42,n-Pr acetate
70161,CCCOC(C)=O,-1.247780787158224,XGBoost,CAT-Solv-47,42,n-Pr acetate
70162,CCCOC(C)=O,-1.217445833287703,XGBoost,CAT-Solv-47,42,n-Pr acetate
70163,CCCOC(C)=O,-1.171844100015775,XGBoost,CAT-Solv-47,42,n-Pr acetate
70164,CCCOC(C)=O,-1.117800722915152,XGBoost,CAT-Solv-47,42,n-Pr acetate
70264,CCCOC(C)=O,-1.6925735906672483,XGBoost,CAT-Solv-47,42,n-Pr acetate
70265,CCCOC(C)=O,-1.6688539762775398,XGBoost,CAT-Solv-47,42,n-Pr acetate
70266,CCCOC(C)=O,-1.6202142704579452,XGBoost,CAT-Solv-47,42,n-Pr acetate
70267,CCCOC(C)=O,-1.5588564501460318,XGBoost,CAT-Solv-47,42,n-Pr acetate
70268,CCCOC(C)=O,-1.5157214790276106,XGBoost,CAT-Solv-47,42,n-Pr acetate
70269,CCCOC(C)=O,-1.4591182786929475,XGBoost,CAT-Solv-47,42,n-Pr acetate
70270,CCCOC(C)=O,-1.400542327943519,XGBoost,CAT-Solv-47,42,n-Pr acetate
70271,CCCOC(C)=O,-1.344953730803351,XGBoost,CAT-Solv-47,42,n-Pr acetate
70272,CCCOC(C)=O,-1.2875109782923748,XGBoost,CAT-Solv-47,42,n-Pr acetate
70368,CS(C)=O,-3.3268452164092777,XGBoost,CAT-Solv-47,42,DMSO
70369,CS(C)=O,-3.224061042793478,XGBoost,CAT-Solv-47,42,DMSO
70370,CS(C)=O,-3.049924589900899,XGBoost,CAT-Solv-47,42,DMSO
70371,CS(C)=O,-2.8969837513425887,XGBoost,CAT-Solv-47,42,DMSO
70372,CS(C)=O,-2.732615938332181,XGBoost,CAT-Solv-47,42,DMSO
70373,CS(C)=O,-2.622167755661696,XGBoost,CAT-Solv-47,42,DMSO
70374,CS(C)=O,-2.4842237338659157,XGBoost,CAT-Solv-47,42,DMSO
70375,CS(C)=O,-2.3405903213380777,XGBoost,CAT-Solv-47,42,DMSO
70376,CS(C)=O,-2.201151583629852,XGBoost,CAT-Solv-47,42,DMSO
70377,CS(C)=O,-2.0643705258272087,XGBoost,CAT-Solv-47,42,DMSO
70400,C1CCCCC1,-5.805839756931862,XGBoost,CAT-Solv-47,42,Cyclohexane
70401,C1CCCCC1,-5.597594261563846,XGBoost,CAT-Solv-47,42,Cyclohexane
70402,C1CCCCC1,-5.410051369054536,XGBoost,CAT-Solv-47,42,Cyclohexane
70403,C1CCCCC1,-5.175142139547685,XGBoost,CAT-Solv-47,42,Cyclohexane
70404,C1CCCCC1,-4.973569230383347,XGBoost,CAT-Solv-47,42,Cyclohexane
70405,C1CCCCC1,-4.784413176033161,XGBoost,CAT-Solv-47,42,Cyclohexane
70406,C1CCCCC1,-4.612673796048403,XGBoost,CAT-Solv-47,42,Cyclohexane
70414,OCCO,-4.116619325008614,XGBoost,CAT-Solv-47,42,Ethylene glycol
70415,OCCO,-3.9764444314169705,XGBoost,CAT-Solv-47,42,Ethylene glycol
70416,OCCO,-3.828808908075328,XGBoost,CAT-Solv-47,42,Ethylene glycol
70417,OCCO,-3.739634317310384,XGBoost,CAT-Solv-47,42,Ethylene glycol
70418,OCCO,-3.611750467219758,XGBoost,CAT-Solv-47,42,Ethylene glycol
70419,OCCO,-3.422206766355692,XGBoost,CAT-Solv-47,42,Ethylene glycol
70420,OCCO,-3.33182872834127,XGBoost,CAT-Solv-47,42,Ethylene glycol
70428,C1CCCCC1,-3.0140078490155275,XGBoost,CAT-Solv-47,42,Cyclohexane
70429,C1CCCCC1,-2.8215637356710768,XGBoost,CAT-Solv-47,42,Cyclohexane
70430,C1CCCCC1,-2.6743915280529187,XGBoost,CAT-Solv-47,42,Cyclohexane
70431,C1CCCCC1,-2.5123703224676635,XGBoost,CAT-Solv-47,42,Cyclohexane
70432,C1CCCCC1,-2.3776160987818686,XGBoost,CAT-Solv-47,42,Cyclohexane
70433,C1CCCCC1,-2.2537453506355316,XGBoost,CAT-Solv-47,42,Cyclohexane
70434,C1CCCCC1,-2.137638381747174,XGBoost,CAT-Solv-47,42,Cyclohexane
70435,C1CCCCC1,-1.9983162649640127,XGBoost,CAT-Solv-47,42,Cyclohexane
70436,C1CCCCC1,-1.880905097105837,XGBoost,CAT-Solv-47,42,Cyclohexane
70557,OCCO,-3.589307733646501,XGBoost,CAT-Solv-47,42,Ethylene glycol
70558,OCCO,-3.497054310653872,XGBoost,CAT-Solv-47,42,Ethylene glycol
70559,OCCO,-3.392715611572164,XGBoost,CAT-Solv-47,42,Ethylene glycol
70560,OCCO,-3.3134464752153625,XGBoost,CAT-Solv-47,42,Ethylene glycol
70561,OCCO,-3.2313437600721473,XGBoost,CAT-Solv-47,42,Ethylene glycol
70562,OCCO,-3.158591794359905,XGBoost,CAT-Solv-47,42,Ethylene glycol
70563,OCCO,-3.0855564237409405,XGBoost,CAT-Solv-47,42,Ethylene glycol
70564,OCCO,-3.018817105779367,XGBoost,CAT-Solv-47,42,Ethylene glycol
70565,OCCO,-2.9510969528639026,XGBoost,CAT-Solv-47,42,Ethylene glycol
70566,OCCO,-2.88010690383809,XGBoost,CAT-Solv-47,42,Ethylene glycol
70611,CS(C)=O,-2.671317731124236,XGBoost,CAT-Solv-47,42,DMSO
70612,CS(C)=O,-2.6483124444526385,XGBoost,CAT-Solv-47,42,DMSO
70613,CS(C)=O,-2.6396625869926154,XGBoost,CAT-Solv-47,42,DMSO
70614,CS(C)=O,-2.6364534769438155,XGBoost,CAT-Solv-47,42,DMSO
70615,CS(C)=O,-2.6307233104120087,XGBoost,CAT-Solv-47,42,DMSO
70616,CS(C)=O,-2.551423630999183,XGBoost,CAT-Solv-47,42,DMSO
70717,CCCOC(C)=O,-0.5610213964285637,XGBoost,CAT-Solv-47,42,n-Pr acetate
70718,CCCOC(C)=O,-0.5020312505559904,XGBoost,CAT-Solv-47,42,n-Pr acetate
70719,CCCOC(C)=O,-0.4664655604994926,XGBoost,CAT-Solv-47,42,n-Pr acetate
70720,CCCOC(C)=O,-0.405539733207327,XGBoost,CAT-Solv-47,42,n-Pr acetate
70721,CCCOC(C)=O,-0.360455701027654,XGBoost,CAT-Solv-47,42,n-Pr acetate
70722,CCCOC(C)=O,-0.3106238225358158,XGBoost,CAT-Solv-47,42,n-Pr acetate
70723,CCCOC(C)=O,-0.2544437032059533,XGBoost,CAT-Solv-47,42,n-Pr acetate
70724,CCCOC(C)=O,-0.1961073552404897,XGBoost,CAT-Solv-47,42,n-Pr acetate
70725,CCCOC(C)=O,-0.1407316406752225,XGBoost,CAT-Solv-47,42,n-Pr acetate
70920,CCCOC(C)=O,-1.198585795815515,XGBoost,CAT-Solv-47,42,n-Pr acetate
70921,CCCOC(C)=O,-1.142341196974769,XGBoost,CAT-Solv-47,42,n-Pr acetate
70922,CCCOC(C)=O,-1.0848177962053749,XGBoost,CAT-Solv-47,42,n-Pr acetate
70923,CCCOC(C)=O,-1.0100757099937885,XGBoost,CAT-Solv-47,42,n-Pr acetate
70924,CCCOC(C)=O,-0.931659867262653,XGBoost,CAT-Solv-47,42,n-Pr acetate
70925,CCCOC(C)=O,-0.8595717511882413,XGBoost,CAT-Solv-47,42,n-Pr acetate
71367,CCCOC(C)=O,-0.8634685521314994,XGBoost,CAT-Solv-47,42,n-Pr acetate
71368,CCCOC(C)=O,-0.7904680489306043,XGBoost,CAT-Solv-47,42,n-Pr acetate
71369,CCCOC(C)=O,-0.730499835686437,XGBoost,CAT-Solv-47,42,n-Pr acetate
71370,CCCOC(C)=O,-0.6855895493786544,XGBoost,CAT-Solv-47,42,n-Pr acetate
71371,CCCOC(C)=O,-0.630203863865457,XGBoost,CAT-Solv-47,42,n-Pr acetate
71372,CCCOC(C)=O,-0.5812502073027839,XGBoost,CAT-Solv-47,42,n-Pr acetate
71373,CCCOC(C)=O,-0.5178872350947886,XGBoost,CAT-Solv-47,42,n-Pr acetate
71374,CCCOC(C)=O,-0.4493345782624937,XGBoost,CAT-Solv-47,42,n-Pr acetate
71375,CCCOC(C)=O,-0.3892172266049578,XGBoost,CAT-Solv-47,42,n-Pr acetate
71773,OCCO,-0.4125466325328422,XGBoost,CAT-Solv-47,42,Ethylene glycol
71774,OCCO,-0.3252311411716258,XGBoost,CAT-Solv-47,42,Ethylene glycol
71775,OCCO,-0.242097603599498,XGBoost,CAT-Solv-47,42,Ethylene glycol
71776,OCCO,-0.1444140623617468,XGBoost,CAT-Solv-47,42,Ethylene glycol
71777,OCCO,-0.0650041372376993,XGBoost,CAT-Solv-47,42,Ethylene glycol
71778,OCCO,0.0179383681595716,XGBoost,CAT-Solv-47,42,Ethylene glycol
71779,OCCO,0.0908047528113893,XGBoost,CAT-Solv-47,42,Ethylene glycol
71780,OCCO,0.1517466137872382,XGBoost,CAT-Solv-47,42,Ethylene glycol
71781,OCCO,0.2224552041582775,XGBoost,CAT-Solv-47,42,Ethylene glycol
72571,C1CCCCC1,-5.523151829500287,XGBoost,CAT-Solv-47,42,Cyclohexane
72572,C1CCCCC1,-5.357759328704431,XGBoost,CAT-Solv-47,42,Cyclohexane
72573,C1CCCCC1,-5.182253765873559,XGBoost,CAT-Solv-47,42,Cyclohexane
72574,C1CCCCC1,-5.016859781332663,XGBoost,CAT-Solv-47,42,Cyclohexane
72575,C1CCCCC1,-4.857501400418322,XGBoost,CAT-Solv-47,42,Cyclohexane
72576,C1CCCCC1,-4.701112271153392,XGBoost,CAT-Solv-47,42,Cyclohexane
72577,C1CCCCC1,-4.555651381554856,XGBoost,CAT-Solv-47,42,Cyclohexane
72578,C1CCCCC1,-4.421518137375678,XGBoost,CAT-Solv-47,42,Cyclohexane
72948,CS(C)=O,0.8078249734034292,XGBoost,CAT-Solv-47,42,DMSO
72949,CS(C)=O,0.8154079285366376,XGBoost,CAT-Solv-47,42,DMSO
72950,CS(C)=O,0.8241148626738448,XGBoost,CAT-Solv-47,42,DMSO
72951,CS(C)=O,0.8274851128548696,XGBoost,CAT-Solv-47,42,DMSO
72952,CS(C)=O,0.8402245766408181,XGBoost,CAT-Solv-47,42,DMSO
72953,CS(C)=O,0.85364755065093,XGBoost,CAT-Solv-47,42,DMSO
72954,CS(C)=O,0.8660401073357544,XGBoost,CAT-Solv-47,42,DMSO
72955,CS(C)=O,0.8833062257221336,XGBoost,CAT-Solv-47,42,DMSO
72956,CS(C)=O,0.8947629374827796,XGBoost,CAT-Solv-47,42,DMSO
72957,CS(C)=O,0.909359751666739,XGBoost,CAT-Solv-47,42,DMSO
72958,CS(C)=O,0.9263878966370106,XGBoost,CAT-Solv-47,42,DMSO
73061,C1CCCCC1,-2.1770064888276917,XGBoost,CAT-Solv-47,42,Cyclohexane
73062,C1CCCCC1,-1.9133085172200013,XGBoost,CAT-Solv-47,42,Cyclohexane
73063,C1CCCCC1,-1.6382269582710731,XGBoost,CAT-Solv-47,42,Cyclohexane
73064,C1CCCCC1,-1.5380964419124794,XGBoost,CAT-Solv-47,42,Cyclohexane
73065,C1CCCCC1,-1.2868758991470697,XGBoost,CAT-Solv-47,42,Cyclohexane
73066,C1CCCCC1,-1.113812832288252,XGBoost,CAT-Solv-47,42,Cyclohexane
73067,C1CCCCC1,-0.9024170966243664,XGBoost,CAT-Solv-47,42,Cyclohexane
73068,C1CCCCC1,-0.7817470922082955,XGBoost,CAT-Solv-47,42,Cyclohexane
73069,C1CCCCC1,-0.6994187493124677,XGBoost,CAT-Solv-47,42,Cyclohexane
73365,OCCO,-0.8195986738234683,XGBoost,CAT-Solv-47,42,Ethylene glycol
73366,OCCO,-0.7392188323400474,XGBoost,CAT-Solv-47,42,Ethylene glycol
73367,OCCO,-0.7191011483607326,XGBoost,CAT-Solv-47,42,Ethylene glycol
73368,OCCO,-0.5815353041534046,XGBoost,CAT-Solv-47,42,Ethylene glycol
73369,OCCO,-0.3548288441031661,XGBoost,CAT-Solv-47,42,Ethylene glycol
73370,OCCO,-0.2587545622258371,XGBoost,CAT-Solv-47,42,Ethylene glycol
73371,OCCO,-0.13611691610677,XGBoost,CAT-Solv-47,42,Ethylene glycol
73372,OCCO,-0.0340081751592623,XGBoost,CAT-Solv-47,42,Ethylene glycol
73373,OCCO,0.0687536606487587,XGBoost,CAT-Solv-47,42,Ethylene glycol
73374,OCCO,0.1797746018027282,XGBoost,CAT-Solv-47,42,Ethylene glycol
73375,OCCO,0.3035350794045675,XGBoost,CAT-Solv-47,42,Ethylene glycol
73376,OCCO,0.4205354994278877,XGBoost,CAT-Solv-47,42,Ethylene glycol
73377,OCCO,0.5440712558778902,XGBoost,CAT-Solv-47,42,Ethylene glycol
73693,CS(C)=O,-0.2591919784772506,XGBoost,CAT-Solv-47,42,DMSO
73694,CS(C)=O,-0.2081609164766251,XGBoost,CAT-Solv-47,42,DMSO
73695,CS(C)=O,-0.155993966284338,XGBoost,CAT-Solv-47,42,DMSO
73696,CS(C)=O,-0.1116714866053199,XGBoost,CAT-Solv-47,42,DMSO
73697,CS(C)=O,-0.0703046953672177,XGBoost,CAT-Solv-47,42,DMSO
73698,CS(C)=O,-0.0330959527368438,XGBoost,CAT-Solv-47,42,DMSO
73699,CS(C)=O,0.0029971942462132,XGBoost,CAT-Solv-47,42,DMSO
73700,CS(C)=O,0.0401917528572257,XGBoost,CAT-Solv-47,42,DMSO
73871,C1CCCCC1,-2.088901834531567,XGBoost,CAT-Solv-47,42,Cyclohexane
73872,C1CCCCC1,-2.0025443985843436,XGBoost,CAT-Solv-47,42,Cyclohexane
73873,C1CCCCC1,-1.931358338237971,XGBoost,CAT-Solv-47,42,Cyclohexane
73874,C1CCCCC1,-1.8452193074467484,XGBoost,CAT-Solv-47,42,Cyclohexane
73875,C1CCCCC1,-1.774205915327025,XGBoost,CAT-Solv-47,42,Cyclohexane
73876,C1CCCCC1,-1.699947018574397,XGBoost,CAT-Solv-47,42,Cyclohexane
73877,C1CCCCC1,-1.6289098852239432,XGBoost,CAT-Solv-47,42,Cyclohexane
73878,C1CCCCC1,-1.5544809901902028,XGBoost,CAT-Solv-47,42,Cyclohexane
73879,C1CCCCC1,-1.4845676220933286,XGBoost,CAT-Solv-47,42,Cyclohexane
74091,CCCOC(C)=O,-1.8516582143147993,XGBoost,CAT-Solv-47,42,n-Pr acetate
74092,CCCOC(C)=O,-1.8294759296638436,XGBoost,CAT-Solv-47,42,n-Pr acetate
74093,CCCOC(C)=O,-1.7762220829128603,XGBoost,CAT-Solv-47,42,n-Pr acetate
74094,CCCOC(C)=O,-1.7521947843860932,XGBoost,CAT-Solv-47,42,n-Pr acetate
74095,CCCOC(C)=O,-1.7002082742744828,XGBoost,CAT-Solv-47,42,n-Pr acetate
74096,CCCOC(C)=O,-1.6745743247813665,XGBoost,CAT-Solv-47,42,n-Pr acetate
74097,CCCOC(C)=O,-1.6221803535597532,XGBoost,CAT-Solv-47,42,n-Pr acetate
74098,CCCOC(C)=O,-1.5721368080416571,XGBoost,CAT-Solv-47,42,n-Pr acetate
74099,CCCOC(C)=O,-1.5251643107588406,XGBoost,CAT-Solv-47,42,n-Pr acetate
74204,CCCOC(C)=O,-1.545859660586226,XGBoost,CAT-Solv-47,42,n-Pr acetate
74205,CCCOC(C)=O,-1.4668452292938718,XGBoost,CAT-Solv-47,42,n-Pr acetate
74206,CCCOC(C)=O,-1.390243278922423,XGBoost,CAT-Solv-47,42,n-Pr acetate
74207,CCCOC(C)=O,-1.330717926049387,XGBoost,CAT-Solv-47,42,n-Pr acetate
74208,CCCOC(C)=O,-1.2435891253474407,XGBoost,CAT-Solv-47,42,n-Pr acetate
74209,CCCOC(C)=O,-1.170085547650155,XGBoost,CAT-Solv-47,42,n-Pr acetate
74210,CCCOC(C)=O,-1.09398241460375,XGBoost,CAT-Solv-47,42,n-Pr acetate
74211,CCCOC(C)=O,-1.0216280694159086,XGBoost,CAT-Solv-47,42,n-Pr acetate
74212,CCCOC(C)=O,-0.9478968926227728,XGBoost,CAT-Solv-47,42,n-Pr acetate
74213,CCCOC(C)=O,-0.872413153166113,XGBoost,CAT-Solv-47,42,n-Pr acetate
74274,CS(C)=O,0.5834320409796097,XGBoost,CAT-Solv-47,42,DMSO
74275,CS(C)=O,0.6112706983211375,XGBoost,CAT-Solv-47,42,DMSO
74276,CS(C)=O,0.6442132115705664,XGBoost,CAT-Solv-47,42,DMSO
74277,CS(C)=O,0.6804060000618485,XGBoost,CAT-Solv-47,42,DMSO
74278,CS(C)=O,0.71334855707011,XGBoost,CAT-Solv-47,42,DMSO
74279,CS(C)=O,0.7434614020241673,XGBoost,CAT-Solv-47,42,DMSO
74280,CS(C)=O,0.7753750796141985,XGBoost,CAT-Solv-47,42,DMSO
74438,CS(C)=O,0.0085387903918751,XGBoost,CAT-Solv-47,42,DMSO
74439,CS(C)=O,0.0466174781361958,XGBoost,CAT-Solv-47,42,DMSO
74440,CS(C)=O,0.0880663406390434,XGBoost,CAT-Solv-47,42,DMSO
74441,CS(C)=O,0.1268825834460699,XGBoost,CAT-Solv-47,42,DMSO
74442,CS(C)=O,0.1685346573922858,XGBoost,CAT-Solv-47,42,DMSO
74443,CS(C)=O,0.2072090283278529,XGBoost,CAT-Solv-47,42,DMSO
74444,CS(C)=O,0.2450696027583153,XGBoost,CAT-Solv-47,42,DMSO
74445,CS(C)=O,0.2858385770486914,XGBoost,CAT-Solv-47,42,DMSO
74446,CS(C)=O,0.3314091435272875,XGBoost,CAT-Solv-47,42,DMSO
74994,CCCOC(C)=O,-0.6735273254387923,XGBoost,CAT-Solv-47,42,n-Pr acetate
74995,CCCOC(C)=O,-0.6180735719422391,XGBoost,CAT-Solv-47,42,n-Pr acetate
74996,CCCOC(C)=O,-0.566222940216949,XGBoost,CAT-Solv-47,42,n-Pr acetate
74997,CCCOC(C)=O,-0.5041965044287362,XGBoost,CAT-Solv-47,42,n-Pr acetate
74998,CCCOC(C)=O,-0.4486203654948957,XGBoost,CAT-Solv-47,42,n-Pr acetate
74999,CCCOC(C)=O,-0.391739578358901,XGBoost,CAT-Solv-47,42,n-Pr acetate
75000,CCCOC(C)=O,-0.3295299522385234,XGBoost,CAT-Solv-47,42,n-Pr acetate
75001,CCCOC(C)=O,-0.2664810399648653,XGBoost,CAT-Solv-47,42,n-Pr acetate
75002,CCCOC(C)=O,-0.2024165042670946,XGBoost,CAT-Solv-47,42,n-Pr acetate
75108,CCCOC(C)=O,-0.957479177479196,XGBoost,CAT-Solv-47,42,n-Pr acetate
75109,CCCOC(C)=O,-0.897233548310965,XGBoost,CAT-Solv-47,42,n-Pr acetate
75110,CCCOC(C)=O,-0.8366228092964222,XGBoost,CAT-Solv-47,42,n-Pr acetate
75111,CCCOC(C)=O,-0.7753678201693212,XGBoost,CAT-Solv-47,42,n-Pr acetate
75112,CCCOC(C)=O,-0.7138991184401144,XGBoost,CAT-Solv-47,42,n-Pr acetate
75113,CCCOC(C)=O,-0.651892180824264,XGBoost,CAT-Solv-47,42,n-Pr acetate
75114,CCCOC(C)=O,-0.5893966868172288,XGBoost,CAT-Solv-47,42,n-Pr acetate
75115,CCCOC(C)=O,-0.5266210552175651,XGBoost,CAT-Solv-47,42,n-Pr acetate
75116,CCCOC(C)=O,-0.4633457025355439,XGBoost,CAT-Solv-47,42,n-Pr acetate
75117,CCCOC(C)=O,-0.399692760519036,XGBoost,CAT-Solv-47,42,n-Pr acetate
75404,CS(C)=O,-3.2794078360988954,XGBoost,CAT-Solv-47,42,DMSO
75405,CS(C)=O,-3.256393237275065,XGBoost,CAT-Solv-47,42,DMSO
75406,CS(C)=O,-3.2320441364792414,XGBoost,CAT-Solv-47,42,DMSO
75407,CS(C)=O,-3.208546161013419,XGBoost,CAT-Solv-47,42,DMSO
75408,CS(C)=O,-3.18079444689498,XGBoost,CAT-Solv-47,42,DMSO
75409,CS(C)=O,-3.152208427739126,XGBoost,CAT-Solv-47,42,DMSO
75410,CS(C)=O,-3.124066077934209,XGBoost,CAT-Solv-47,42,DMSO
75421,C1CCCCC1,-3.947581015953758,XGBoost,CAT-Solv-47,42,Cyclohexane
75422,C1CCCCC1,-3.802228348613678,XGBoost,CAT-Solv-47,42,Cyclohexane
75423,C1CCCCC1,-3.6712645461557023,XGBoost,CAT-Solv-47,42,Cyclohexane
75424,C1CCCCC1,-3.543478397915982,XGBoost,CAT-Solv-47,42,Cyclohexane
75425,C1CCCCC1,-3.424461086705553,XGBoost,CAT-Solv-47,42,Cyclohexane
75426,C1CCCCC1,-3.305016779581744,XGBoost,CAT-Solv-47,42,Cyclohexane
75427,C1CCCCC1,-3.1928904144522514,XGBoost,CAT-Solv-47,42,Cyclohexane
75428,C1CCCCC1,-3.0928657758136984,XGBoost,CAT-Solv-47,42,Cyclohexane
75429,C1CCCCC1,-2.9980703391574455,XGBoost,CAT-Solv-47,42,Cyclohexane
75430,C1CCCCC1,-2.906379185701299,XGBoost,CAT-Solv-47,42,Cyclohexane
75531,OCCO,-0.5119460763086005,XGBoost,CAT-Solv-47,42,Ethylene glycol
75532,OCCO,-0.4686707759714333,XGBoost,CAT-Solv-47,42,Ethylene glycol
75533,OCCO,-0.4091626560458323,XGBoost,CAT-Solv-47,42,Ethylene glycol
75534,OCCO,-0.3316215913487143,XGBoost,CAT-Solv-47,42,Ethylene glycol
75535,OCCO,-0.2564219069566543,XGBoost,CAT-Solv-47,42,Ethylene glycol
75536,OCCO,-0.1764322477237346,XGBoost,CAT-Solv-47,42,Ethylene glycol
75537,OCCO,-0.1013558792207228,XGBoost,CAT-Solv-47,42,Ethylene glycol
75538,OCCO,-0.0288686804351188,XGBoost,CAT-Solv-47,42,Ethylene glycol
75539,OCCO,0.0473898681774962,XGBoost,CAT-Solv-47,42,Ethylene glycol
75540,OCCO,0.1356176369210363,XGBoost,CAT-Solv-47,42,Ethylene glycol
75665,C1CCCCC1,-1.733250666018594,XGBoost,CAT-Solv-47,42,Cyclohexane
75666,C1CCCCC1,-1.6097186566851924,XGBoost,CAT-Solv-47,42,Cyclohexane
75667,C1CCCCC1,-1.4930497275509984,XGBoost,CAT-Solv-47,42,Cyclohexane
75668,C1CCCCC1,-1.3770716882012557,XGBoost,CAT-Solv-47,42,Cyclohexane
75669,C1CCCCC1,-1.257276677740976,XGBoost,CAT-Solv-47,42,Cyclohexane
75670,C1CCCCC1,-1.1356700818958347,XGBoost,CAT-Solv-47,42,Cyclohexane
75671,C1CCCCC1,-1.0120737181345074,XGBoost,CAT-Solv-47,42,Cyclohexane
75672,C1CCCCC1,-0.8807498440406557,XGBoost,CAT-Solv-47,42,Cyclohexane
75790,C1CCCCC1,-4.080156473813959,XGBoost,CAT-Solv-47,42,Cyclohexane
75791,C1CCCCC1,-3.944072598601673,XGBoost,CAT-Solv-47,42,Cyclohexane
75792,C1CCCCC1,-3.816265917035036,XGBoost,CAT-Solv-47,42,Cyclohexane
75793,C1CCCCC1,-3.6874934991606874,XGBoost,CAT-Solv-47,42,Cyclohexane
75794,C1CCCCC1,-3.5701092424917102,XGBoost,CAT-Solv-47,42,Cyclohexane
75795,C1CCCCC1,-3.463214539249682,XGBoost,CAT-Solv-47,42,Cyclohexane
75796,C1CCCCC1,-3.3540021672082605,XGBoost,CAT-Solv-47,42,Cyclohexane
75797,C1CCCCC1,-3.2441690749259577,XGBoost,CAT-Solv-47,42,Cyclohexane
75798,C1CCCCC1,-3.1286847246659213,XGBoost,CAT-Solv-47,42,Cyclohexane
75799,C1CCCCC1,-3.0174013082142235,XGBoost,CAT-Solv-47,42,Cyclohexane
75899,OCCO,-0.5674193378626186,XGBoost,CAT-Solv-47,42,Ethylene glycol
75900,OCCO,-0.4944550712656649,XGBoost,CAT-Solv-47,42,Ethylene glycol
75901,OCCO,-0.4201427246171978,XGBoost,CAT-Solv-47,42,Ethylene glycol
75902,OCCO,-0.3469638078206445,XGBoost,CAT-Solv-47,42,Ethylene glycol
75903,OCCO,-0.2780090020261788,XGBoost,CAT-Solv-47,42,Ethylene glycol
75904,OCCO,-0.2077551710277025,XGBoost,CAT-Solv-47,42,Ethylene glycol
75905,OCCO,-0.1328005472892169,XGBoost,CAT-Solv-47,42,Ethylene glycol
75906,OCCO,-0.0571160579247794,XGBoost,CAT-Solv-47,42,Ethylene glycol
75907,OCCO,0.0194156237538888,XGBoost,CAT-Solv-47,42,Ethylene glycol
75908,OCCO,0.0960289392096441,XGBoost,CAT-Solv-47,42,Ethylene glycol
76586,CS(C)=O,-0.3241806603740919,XGBoost,CAT-Solv-47,42,DMSO
76587,CS(C)=O,-0.2404986572676541,XGBoost,CAT-Solv-47,42,DMSO
76588,CS(C)=O,-0.159833630800945,XGBoost,CAT-Solv-47,42,DMSO
76589,CS(C)=O,-0.0819100943654533,XGBoost,CAT-Solv-47,42,DMSO
76590,CS(C)=O,-0.0063518972501225,XGBoost,CAT-Solv-47,42,DMSO
76591,CS(C)=O,0.066672290589093,XGBoost,CAT-Solv-47,42,DMSO
76592,CS(C)=O,0.1376964026493411,XGBoost,CAT-Solv-47,42,DMSO
76624,OCCO,-0.8291028223791485,XGBoost,CAT-Solv-47,42,Ethylene glycol
76625,OCCO,-0.7687811160879744,XGBoost,CAT-Solv-47,42,Ethylene glycol
76626,OCCO,-0.6969149157507148,XGBoost,CAT-Solv-47,42,Ethylene glycol
76627,OCCO,-0.6328122205537867,XGBoost,CAT-Solv-47,42,Ethylene glycol
76628,OCCO,-0.5802047907575112,XGBoost,CAT-Solv-47,42,Ethylene glycol
76629,OCCO,-0.4993681617420171,XGBoost,CAT-Solv-47,42,Ethylene glycol
76698,C1CCCCC1,-1.5620696417392583,XGBoost,CAT-Solv-47,42,Cyclohexane
76699,C1CCCCC1,-1.4730382502721016,XGBoost,CAT-Solv-47,42,Cyclohexane
76700,C1CCCCC1,-1.379556313081619,XGBoost,CAT-Solv-47,42,Cyclohexane
76701,C1CCCCC1,-1.287327571548898,XGBoost,CAT-Solv-47,42,Cyclohexane
76702,C1CCCCC1,-1.1996824513697797,XGBoost,CAT-Solv-47,42,Cyclohexane
76703,C1CCCCC1,-1.115693860962818,XGBoost,CAT-Solv-47,42,Cyclohexane
76704,C1CCCCC1,-1.0246028396364542,XGBoost,CAT-Solv-47,42,Cyclohexane
76705,C1CCCCC1,-0.9354713283562812,XGBoost,CAT-Solv-47,42,Cyclohexane
76706,C1CCCCC1,-0.8489604118246867,XGBoost,CAT-Solv-47,42,Cyclohexane
76795,CN1CCCC1=O,0.031340264704582,XGBoost,CAT-Solv-47,42,NMP
76796,CN1CCCC1=O,0.083523826580725,XGBoost,CAT-Solv-47,42,NMP
76797,CN1CCCC1=O,0.1385889819407354,XGBoost,CAT-Solv-47,42,NMP
76798,CN1CCCC1=O,0.1916876100015606,XGBoost,CAT-Solv-47,42,NMP
76799,CN1CCCC1=O,0.2502689744095778,XGBoost,CAT-Solv-47,42,NMP
76800,CN1CCCC1=O,0.3116441747209649,XGBoost,CAT-Solv-47,42,NMP
76801,CN1CCCC1=O,0.3687849771726464,XGBoost,CAT-Solv-47,42,NMP
76802,CN1CCCC1=O,0.4279421435015714,XGBoost,CAT-Solv-47,42,NMP
76803,CN1CCCC1=O,0.4933614959570777,XGBoost,CAT-Solv-47,42,NMP
76804,CN1CCCC1=O,0.5602321634689302,XGBoost,CAT-Solv-47,42,NMP
76805,CS(C)=O,0.0569811661186499,XGBoost,CAT-Solv-47,42,DMSO
76806,CS(C)=O,0.1253288265852007,XGBoost,CAT-Solv-47,42,DMSO
76807,CS(C)=O,0.1900664789995029,XGBoost,CAT-Solv-47,42,DMSO
76808,CS(C)=O,0.2522529337409021,XGBoost,CAT-Solv-47,42,DMSO
76809,CS(C)=O,0.3159490995762858,XGBoost,CAT-Solv-47,42,DMSO
76810,CS(C)=O,0.3823530516677386,XGBoost,CAT-Solv-47,42,DMSO
76811,CS(C)=O,0.4542315785720812,XGBoost,CAT-Solv-47,42,DMSO
76812,OCCO,-0.3426382699560117,XGBoost,CAT-Solv-47,42,Ethylene glycol
76813,OCCO,-0.2896880353669536,XGBoost,CAT-Solv-47,42,Ethylene glycol
76814,OCCO,-0.2314175409207708,XGBoost,CAT-Solv-47,42,Ethylene glycol
76815,OCCO,-0.1683203296131861,XGBoost,CAT-Solv-47,42,Ethylene glycol
76816,OCCO,-0.1115005755022529,XGBoost,CAT-Solv-47,42,Ethylene glycol
76817,OCCO,-0.0501212985338491,XGBoost,CAT-Solv-47,42,Ethylene glycol
76818,OCCO,0.0059261237753535,XGBoost,CAT-Solv-47,42,Ethylene glycol
76819,OCCO,0.0684665647052092,XGBoost,CAT-Solv-47,42,Ethylene glycol
76820,OCCO,0.1296336760001486,XGBoost,CAT-Solv-47,42,Ethylene glycol
76821,OCCO,0.1964076101849634,XGBoost,CAT-Solv-47,42,Ethylene glycol
76895,CCCOC(C)=O,-0.5945684083422792,XGBoost,CAT-Solv-47,42,n-Pr acetate
76896,CCCOC(C)=O,-0.5738618139355246,XGBoost,CAT-Solv-47,42,n-Pr acetate
76897,CCCOC(C)=O,-0.5437840768112092,XGBoost,CAT-Solv-47,42,n-Pr acetate
76898,CCCOC(C)=O,-0.4990133869468564,XGBoost,CAT-Solv-47,42,n-Pr acetate
76899,CCCOC(C)=O,-0.4468735131441858,XGBoost,CAT-Solv-47,42,n-Pr acetate
76900,CCCOC(C)=O,-0.4031713353967301,XGBoost,CAT-Solv-47,42,n-Pr acetate
76901,CCCOC(C)=O,-0.3560787806847617,XGBoost,CAT-Solv-47,42,n-Pr acetate
76902,CCCOC(C)=O,-0.3114439095055868,XGBoost,CAT-Solv-47,42,n-Pr acetate
76903,CCCOC(C)=O,-0.2653706627221343,XGBoost,CAT-Solv-47,42,n-Pr acetate
77037,CN1CCCC1=O,0.0946709344955507,XGBoost,CAT-Solv-47,42,NMP
77038,CN1CCCC1=O,0.1193420065190129,XGBoost,CAT-Solv-47,42,NMP
77039,CN1CCCC1=O,0.1511358005532202,XGBoost,CAT-Solv-47,42,NMP
77040,CN1CCCC1=O,0.1916876100015606,XGBoost,CAT-Solv-47,42,NMP
77041,CN1CCCC1=O,0.2304906905542314,XGBoost,CAT-Solv-47,42,NMP
77042,CN1CCCC1=O,0.2797338856425441,XGBoost,CAT-Solv-47,42,NMP
77043,CN1CCCC1=O,0.3241811404104721,XGBoost,CAT-Solv-47,42,NMP
77044,CN1CCCC1=O,0.3727738490633523,XGBoost,CAT-Solv-47,42,NMP
77045,CN1CCCC1=O,0.4173589081936176,XGBoost,CAT-Solv-47,42,NMP
77046,CN1CCCC1=O,0.464758743934728,XGBoost,CAT-Solv-47,42,NMP
77057,OCCO,-0.7787205743390944,XGBoost,CAT-Solv-47,42,Ethylene glycol
77058,OCCO,-0.6751731117928258,XGBoost,CAT-Solv-47,42,Ethylene glycol
77059,OCCO,-0.5876510835385941,XGBoost,CAT-Solv-47,42,Ethylene glycol
77060,OCCO,-0.5253201272443465,XGBoost,CAT-Solv-47,42,Ethylene glycol
77061,OCCO,-0.4445216773997338,XGBoost,CAT-Solv-47,42,Ethylene glycol
77062,OCCO,-0.3710284017422241,XGBoost,CAT-Solv-47,42,Ethylene glycol
77063,OCCO,-0.3198945384133386,XGBoost,CAT-Solv-47,42,Ethylene glycol
77064,OCCO,-0.2502419560920548,XGBoost,CAT-Solv-47,42,Ethylene glycol
77065,OCCO,-0.1936730148821782,XGBoost,CAT-Solv-47,42,Ethylene glycol
77066,OCCO,-0.1433919834676252,XGBoost,CAT-Solv-47,42,Ethylene glycol
77336,CS(C)=O,-0.9645178613734566,XGBoost,CAT-Solv-47,42,DMSO
77337,CS(C)=O,-0.8579185270275093,XGBoost,CAT-Solv-47,42,DMSO
77338,CS(C)=O,-0.6213470777804319,XGBoost,CAT-Solv-47,42,DMSO
77339,CS(C)=O,-0.4005943179582139,XGBoost,CAT-Solv-47,42,DMSO
77340,CS(C)=O,-0.2341876922398044,XGBoost,CAT-Solv-47,42,DMSO
77341,CS(C)=O,0.0234756764918072,XGBoost,CAT-Solv-47,42,DMSO
77574,CN1CCCC1=O,-0.8549378410403532,XGBoost,CAT-Solv-47,42,NMP
77575,CN1CCCC1=O,-0.2179780975565472,XGBoost,CAT-Solv-47,42,NMP
77576,CN1CCCC1=O,-0.7920453711347882,XGBoost,CAT-Solv-47,42,NMP
77577,CN1CCCC1=O,-0.1523904393978623,XGBoost,CAT-Solv-47,42,NMP
77578,CN1CCCC1=O,-0.0932964369468477,XGBoost,CAT-Solv-47,42,NMP
77579,CN1CCCC1=O,-0.7099919003037868,XGBoost,CAT-Solv-47,42,NMP
77580,CN1CCCC1=O,-0.03422637705822,XGBoost,CAT-Solv-47,42,NMP
77581,CN1CCCC1=O,0.018579384266038,XGBoost,CAT-Solv-47,42,NMP
77582,CN1CCCC1=O,-0.6524760657829127,XGBoost,CAT-Solv-47,42,NMP
77583,CN1CCCC1=O,0.0227152150232538,XGBoost,CAT-Solv-47,42,NMP
77584,CN1CCCC1=O,0.0262752087433387,XGBoost,CAT-Solv-47,42,NMP
77585,CN1CCCC1=O,-0.5820178637028771,XGBoost,CAT-Solv-47,42,NMP
77586,CN1CCCC1=O,0.0297703125101375,XGBoost,CAT-Solv-47,42,NMP
77587,CN1CCCC1=O,0.0332017201008122,XGBoost,CAT-Solv-47,42,NMP
77588,CN1CCCC1=O,-0.5349158911652383,XGBoost,CAT-Solv-47,42,NMP
77589,CN1CCCC1=O,0.0380214562137015,XGBoost,CAT-Solv-47,42,NMP
77590,CN1CCCC1=O,0.0422705777796716,XGBoost,CAT-Solv-47,42,NMP
77591,CN1CCCC1=O,-0.4794572085605725,XGBoost,CAT-Solv-47,42,NMP
77592,CS(C)=O,0.1688583303279352,XGBoost,CAT-Solv-47,42,DMSO
77593,CS(C)=O,0.1791772337789895,XGBoost,CAT-Solv-47,42,DMSO
77594,CS(C)=O,0.1896814292536515,XGBoost,CAT-Solv-47,42,DMSO
77595,CS(C)=O,0.199879545808999,XGBoost,CAT-Solv-47,42,DMSO
77596,CS(C)=O,0.209810202524342,XGBoost,CAT-Solv-47,42,DMSO
77597,CS(C)=O,0.2158927453681389,XGBoost,CAT-Solv-47,42,DMSO
77598,CS(C)=O,0.2218496420062352,XGBoost,CAT-Solv-47,42,DMSO
77599,CS(C)=O,0.2324619466521867,XGBoost,CAT-Solv-47,42,DMSO
77600,CS(C)=O,0.242360436286403,XGBoost,CAT-Solv-47,42,DMSO
77601,CS(C)=O,0.2507541810139009,XGBoost,CAT-Solv-47,42,DMSO
77602,CS(C)=O,0.2589479074532779,XGBoost,CAT-Solv-47,42,DMSO
77835,CCCOC(C)=O,-0.8098758992784891,XGBoost,CAT-Solv-47,42,n-Pr acetate
78202,CCCOC(C)=O,-2.167634484569929,XGBoost,CAT-Solv-47,42,n-Pr acetate
78203,CCCOC(C)=O,-2.101016150254853,XGBoost,CAT-Solv-47,42,n-Pr acetate
78204,CCCOC(C)=O,-2.0427591691137876,XGBoost,CAT-Solv-47,42,n-Pr acetate
78205,CCCOC(C)=O,-1.9617429140904517,XGBoost,CAT-Solv-47,42,n-Pr acetate
78206,CCCOC(C)=O,-1.948896974954876,XGBoost,CAT-Solv-47,42,n-Pr acetate
78207,CCCOC(C)=O,-1.839651695541475,XGBoost,CAT-Solv-47,42,n-Pr acetate
78208,CCCOC(C)=O,-1.7686232222480898,XGBoost,CAT-Solv-47,42,n-Pr acetate
78506,CCCOC(C)=O,-0.3751671867641588,XGBoost,CAT-Solv-47,42,n-Pr acetate
78507,CCCOC(C)=O,-0.3525078654316504,XGBoost,CAT-Solv-47,42,n-Pr acetate
78508,CCCOC(C)=O,-0.3329498922746881,XGBoost,CAT-Solv-47,42,n-Pr acetate
78509,CCCOC(C)=O,-0.3091238640253967,XGBoost,CAT-Solv-47,42,n-Pr acetate
78510,CCCOC(C)=O,-0.2865338388527704,XGBoost,CAT-Solv-47,42,n-Pr acetate
78511,CCCOC(C)=O,-0.2758910465353104,XGBoost,CAT-Solv-47,42,n-Pr acetate
78512,CCCOC(C)=O,-0.2526587278335351,XGBoost,CAT-Solv-47,42,n-Pr acetate
78513,CCCOC(C)=O,-0.2143565207518411,XGBoost,CAT-Solv-47,42,n-Pr acetate
78514,CCCOC(C)=O,-0.1839461715808519,XGBoost,CAT-Solv-47,42,n-Pr acetate
78639,CCCOC(C)=O,-0.456982614271068,XGBoost,CAT-Solv-47,42,n-Pr acetate
78640,CCCOC(C)=O,-0.3983528014461978,XGBoost,CAT-Solv-47,42,n-Pr acetate
78641,CCCOC(C)=O,-0.3856422268353121,XGBoost,CAT-Solv-47,42,n-Pr acetate
78642,CCCOC(C)=O,-0.3675795725302627,XGBoost,CAT-Solv-47,42,n-Pr acetate
78643,CCCOC(C)=O,-0.3303628576900588,XGBoost,CAT-Solv-47,42,n-Pr acetate
78644,CCCOC(C)=O,-0.2855872143939455,XGBoost,CAT-Solv-47,42,n-Pr acetate
78645,CCCOC(C)=O,-0.2562095388589538,XGBoost,CAT-Solv-47,42,n-Pr acetate
78646,CCCOC(C)=O,-0.2289828425236878,XGBoost,CAT-Solv-47,42,n-Pr acetate
78647,CCCOC(C)=O,-0.190674332629355,XGBoost,CAT-Solv-47,42,n-Pr acetate
78648,CCCOC(C)=O,-0.1567503772669615,XGBoost,CAT-Solv-47,42,n-Pr acetate
78699,OCCO,0.1994435803995193,XGBoost,CAT-Solv-47,42,Ethylene glycol
78700,OCCO,0.2125772846326181,XGBoost,CAT-Solv-47,42,Ethylene glycol
78701,OCCO,0.2214120465493355,XGBoost,CAT-Solv-47,42,Ethylene glycol
78702,OCCO,0.2398415033325573,XGBoost,CAT-Solv-47,42,Ethylene glycol
78703,OCCO,0.277973237003897,XGBoost,CAT-Solv-47,42,Ethylene glycol
78704,OCCO,0.3063191817942959,XGBoost,CAT-Solv-47,42,Ethylene glycol
78705,OCCO,0.3371423554648606,XGBoost,CAT-Solv-47,42,Ethylene glycol
78706,OCCO,0.3662087659213504,XGBoost,CAT-Solv-47,42,Ethylene glycol
78707,OCCO,0.397703833105493,XGBoost,CAT-Solv-47,42,Ethylene glycol
78708,OCCO,0.4424039144788141,XGBoost,CAT-Solv-47,42,Ethylene glycol
78903,CN1CCCC1=O,0.0218851736332666,XGBoost,CAT-Solv-47,42,NMP
78904,CN1CCCC1=O,0.0951118875797665,XGBoost,CAT-Solv-47,42,NMP
78905,CN1CCCC1=O,0.1694537390486065,XGBoost,CAT-Solv-47,42,NMP
78906,CN1CCCC1=O,0.2470834755308816,XGBoost,CAT-Solv-47,42,NMP
78907,CN1CCCC1=O,0.3171165221059694,XGBoost,CAT-Solv-47,42,NMP
78908,CN1CCCC1=O,0.387357363259948,XGBoost,CAT-Solv-47,42,NMP
78909,CN1CCCC1=O,0.4592259738829181,XGBoost,CAT-Solv-47,42,NMP
78910,CN1CCCC1=O,0.528918379047691,XGBoost,CAT-Solv-47,42,NMP
78911,CN1CCCC1=O,0.5971222352519729,XGBoost,CAT-Solv-47,42,NMP
78912,CN1CCCC1=O,0.6660194881418544,XGBoost,CAT-Solv-47,42,NMP
78923,OCCO,-0.3211465615149225,XGBoost,CAT-Solv-47,42,Ethylene glycol
78924,OCCO,-0.2411323615458322,XGBoost,CAT-Solv-47,42,Ethylene glycol
78925,OCCO,-0.1648641007168566,XGBoost,CAT-Solv-47,42,Ethylene glycol
78926,OCCO,-0.0918148520585641,XGBoost,CAT-Solv-47,42,Ethylene glycol
78927,OCCO,-0.0262910801196335,XGBoost,CAT-Solv-47,42,Ethylene glycol
78928,OCCO,0.0401339134633563,XGBoost,CAT-Solv-47,42,Ethylene glycol
78929,OCCO,0.1053696978287785,XGBoost,CAT-Solv-47,42,Ethylene glycol
78930,OCCO,0.1655662288220296,XGBoost,CAT-Solv-47,42,Ethylene glycol
78931,OCCO,0.2239175880510707,XGBoost,CAT-Solv-47,42,Ethylene glycol
78932,OCCO,0.2773049695669126,XGBoost,CAT-Solv-47,42,Ethylene glycol
79126,CN1CCCC1=O,-0.1410430764099258,XGBoost,CAT-Solv-47,42,NMP
79127,CN1CCCC1=O,-0.0444370360092686,XGBoost,CAT-Solv-47,42,NMP
79128,CN1CCCC1=O,0.0222982738732372,XGBoost,CAT-Solv-47,42,NMP
79129,CN1CCCC1=O,0.0533679784746599,XGBoost,CAT-Solv-47,42,NMP
79130,CN1CCCC1=O,0.082560849899158,XGBoost,CAT-Solv-47,42,NMP
79131,CN1CCCC1=O,0.1273177248856796,XGBoost,CAT-Solv-47,42,NMP
79132,CN1CCCC1=O,0.1758596958992579,XGBoost,CAT-Solv-47,42,NMP
79133,CN1CCCC1=O,0.244320385682204,XGBoost,CAT-Solv-47,42,NMP
79134,CN1CCCC1=O,0.2787398639580816,XGBoost,CAT-Solv-47,42,NMP
79135,CN1CCCC1=O,0.3265239189403052,XGBoost,CAT-Solv-47,42,NMP
79136,CN1CCCC1=O,0.356837883361751,XGBoost,CAT-Solv-47,42,NMP
79137,CN1CCCC1=O,0.4070933442698736,XGBoost,CAT-Solv-47,42,NMP
79138,CN1CCCC1=O,0.4510952888425509,XGBoost,CAT-Solv-47,42,NMP
79139,CS(C)=O,0.8469227247057026,XGBoost,CAT-Solv-47,42,DMSO
79140,CS(C)=O,0.8638047425117319,XGBoost,CAT-Solv-47,42,DMSO
79141,CS(C)=O,0.8701087102445088,XGBoost,CAT-Solv-47,42,DMSO
79142,CS(C)=O,0.8765763464748202,XGBoost,CAT-Solv-47,42,DMSO
79143,CS(C)=O,0.8795317409652317,XGBoost,CAT-Solv-47,42,DMSO
79144,CS(C)=O,0.8835752172127666,XGBoost,CAT-Solv-47,42,DMSO
79145,CS(C)=O,0.8914112270723916,XGBoost,CAT-Solv-47,42,DMSO
79146,CS(C)=O,0.8945261142420464,XGBoost,CAT-Solv-47,42,DMSO
79147,CS(C)=O,0.8992588009449276,XGBoost,CAT-Solv-47,42,DMSO
79148,CS(C)=O,0.9016814315999818,XGBoost,CAT-Solv-47,42,DMSO
79149,CS(C)=O,0.9068179266106368,XGBoost,CAT-Solv-47,42,DMSO
79150,CS(C)=O,0.9129277979160736,XGBoost,CAT-Solv-47,42,DMSO
79151,CS(C)=O,0.9165080677900862,XGBoost,CAT-Solv-47,42,DMSO
79209,CS(C)=O,0.6121202782709597,XGBoost,CAT-Solv-47,42,DMSO
79210,CS(C)=O,0.6465371299188063,XGBoost,CAT-Solv-47,42,DMSO
79211,CS(C)=O,0.6794287873360835,XGBoost,CAT-Solv-47,42,DMSO
79212,CS(C)=O,0.7087933019909999,XGBoost,CAT-Solv-47,42,DMSO
79213,CS(C)=O,0.7414015197101308,XGBoost,CAT-Solv-47,42,DMSO
79214,OCCO,-0.8595366032552068,XGBoost,CAT-Solv-47,42,Ethylene glycol
79215,OCCO,-0.8128550890884787,XGBoost,CAT-Solv-47,42,Ethylene glycol
79216,OCCO,-0.7571936645051074,XGBoost,CAT-Solv-47,42,Ethylene glycol
79217,OCCO,-0.717793142194425,XGBoost,CAT-Solv-47,42,Ethylene glycol
79218,OCCO,-0.6688245894585553,XGBoost,CAT-Solv-47,42,Ethylene glycol
79573,C1CCCCC1,-1.2478084301583523,XGBoost,CAT-Solv-47,42,Cyclohexane
79574,C1CCCCC1,-1.0755881722129628,XGBoost,CAT-Solv-47,42,Cyclohexane
79575,C1CCCCC1,-0.8564048054168575,XGBoost,CAT-Solv-47,42,Cyclohexane
79576,C1CCCCC1,-0.6355499614614118,XGBoost,CAT-Solv-47,42,Cyclohexane
79577,C1CCCCC1,-0.4417019835919661,XGBoost,CAT-Solv-47,42,Cyclohexane
79794,OCCO,-0.0736686146371127,XGBoost,CAT-Solv-47,42,Ethylene glycol
79795,OCCO,0.0080228217802516,XGBoost,CAT-Solv-47,42,Ethylene glycol
79796,OCCO,0.059656018259646,XGBoost,CAT-Solv-47,42,Ethylene glycol
79797,OCCO,0.1202182419589964,XGBoost,CAT-Solv-47,42,Ethylene glycol
79798,OCCO,0.2026773648041818,XGBoost,CAT-Solv-47,42,Ethylene glycol
79799,OCCO,0.2800868502161193,XGBoost,CAT-Solv-47,42,Ethylene glycol
79800,OCCO,0.3473789510216143,XGBoost,CAT-Solv-47,42,Ethylene glycol
79801,OCCO,0.4571116244515329,XGBoost,CAT-Solv-47,42,Ethylene glycol
79802,OCCO,0.5098791680916677,XGBoost,CAT-Solv-47,42,Ethylene glycol
79803,OCCO,0.5995475236872206,XGBoost,CAT-Solv-47,42,Ethylene glycol
79871,CN1CCCC1=O,0.4401513520167019,XGBoost,CAT-Solv-47,42,NMP
79872,CN1CCCC1=O,0.5108656445737797,XGBoost,CAT-Solv-47,42,NMP
79873,CN1CCCC1=O,0.5783375579002037,XGBoost,CAT-Solv-47,42,NMP
79874,CN1CCCC1=O,0.6407431031180214,XGBoost,CAT-Solv-47,42,NMP
79875,CN1CCCC1=O,0.7067335857902212,XGBoost,CAT-Solv-47,42,NMP
79876,CN1CCCC1=O,0.7659163235607391,XGBoost,CAT-Solv-47,42,NMP
79877,CN1CCCC1=O,0.8318384348447475,XGBoost,CAT-Solv-47,42,NMP
79878,CN1CCCC1=O,0.9028740660272936,XGBoost,CAT-Solv-47,42,NMP
79879,CN1CCCC1=O,0.972557196616664,XGBoost,CAT-Solv-47,42,NMP
79898,C1CCCCC1,-1.601848845948404,XGBoost,CAT-Solv-47,42,Cyclohexane
79899,C1CCCCC1,-1.4534687140843847,XGBoost,CAT-Solv-47,42,Cyclohexane
79900,C1CCCCC1,-1.3248926595234507,XGBoost,CAT-Solv-47,42,Cyclohexane
79901,C1CCCCC1,-1.2074628836039136,XGBoost,CAT-Solv-47,42,Cyclohexane
79902,C1CCCCC1,-1.0899626021933226,XGBoost,CAT-Solv-47,42,Cyclohexane
79903,C1CCCCC1,-0.9814465508884964,XGBoost,CAT-Solv-47,42,Cyclohexane
79904,C1CCCCC1,-0.9048538696021132,XGBoost,CAT-Solv-47,42,Cyclohexane
79905,C1CCCCC1,-0.8453081081121001,XGBoost,CAT-Solv-47,42,Cyclohexane
79906,C1CCCCC1,-0.7848298096853303,XGBoost,CAT-Solv-47,42,Cyclohexane
80095,CS(C)=O,-0.1870061905329968,XGBoost,CAT-Solv-47,42,DMSO
80096,CS(C)=O,-0.0647421603271243,XGBoost,CAT-Solv-47,42,DMSO
80097,CS(C)=O,-0.0490094019897294,XGBoost,CAT-Solv-47,42,DMSO
80098,CS(C)=O,0.0360042302961199,XGBoost,CAT-Solv-47,42,DMSO
80099,CS(C)=O,0.0475642028675038,XGBoost,CAT-Solv-47,42,DMSO
80100,CS(C)=O,0.1415971891889891,XGBoost,CAT-Solv-47,42,DMSO
80101,CS(C)=O,0.1300932330057158,XGBoost,CAT-Solv-47,42,DMSO
80102,CS(C)=O,0.2222500942098337,XGBoost,CAT-Solv-47,42,DMSO
80103,CS(C)=O,0.2140372291922,XGBoost,CAT-Solv-47,42,DMSO
80104,CS(C)=O,0.3096505847247833,XGBoost,CAT-Solv-47,42,DMSO
80105,CS(C)=O,0.2971535797542716,XGBoost,CAT-Solv-47,42,DMSO
80106,CS(C)=O,0.3758369001542216,XGBoost,CAT-Solv-47,42,DMSO
80427,CS(C)=O,-1.1510636669946617,XGBoost,CAT-Solv-47,42,DMSO
80428,CS(C)=O,-1.0438493627933008,XGBoost,CAT-Solv-47,42,DMSO
80429,CS(C)=O,-0.9271612124713616,XGBoost,CAT-Solv-47,42,DMSO
80430,CS(C)=O,-0.8248065594081144,XGBoost,CAT-Solv-47,42,DMSO
80431,CS(C)=O,-0.7272653907820058,XGBoost,CAT-Solv-47,42,DMSO
80432,CS(C)=O,-0.6301589864589244,XGBoost,CAT-Solv-47,42,DMSO
80433,CS(C)=O,-0.5365012634341578,XGBoost,CAT-Solv-47,42,DMSO
80434,CS(C)=O,-0.4437244703115723,XGBoost,CAT-Solv-47,42,DMSO
80435,OCCO,-2.5636559107222365,XGBoost,CAT-Solv-47,42,Ethylene glycol
80436,OCCO,-2.4653864590275876,XGBoost,CAT-Solv-47,42,Ethylene glycol
80437,OCCO,-2.3636051156325544,XGBoost,CAT-Solv-47,42,Ethylene glycol
80438,OCCO,-2.2511166308016484,XGBoost,CAT-Solv-47,42,Ethylene glycol
80439,OCCO,-2.1513569356472493,XGBoost,CAT-Solv-47,42,Ethylene glycol
80440,OCCO,-2.0600861859830717,XGBoost,CAT-Solv-47,42,Ethylene glycol
80441,OCCO,-1.9656325817929985,XGBoost,CAT-Solv-47,42,Ethylene glycol
80442,OCCO,-1.8787548193849903,XGBoost,CAT-Solv-47,42,Ethylene glycol
80443,OCCO,-1.7902919641480315,XGBoost,CAT-Solv-47,42,Ethylene glycol
80444,OCCO,-1.7094603584216137,XGBoost,CAT-Solv-47,42,Ethylene glycol
80473,OCCO,-2.5029357303743405,XGBoost,CAT-Solv-47,42,Ethylene glycol
80474,OCCO,-2.32318930566929,XGBoost,CAT-Solv-47,42,Ethylene glycol
80475,OCCO,-2.153920645700772,XGBoost,CAT-Solv-47,42,Ethylene glycol
80476,OCCO,-2.003878470381385,XGBoost,CAT-Solv-47,42,Ethylene glycol
80477,OCCO,-1.81463827018848,XGBoost,CAT-Solv-47,42,Ethylene glycol
80478,OCCO,-1.6783802980686082,XGBoost,CAT-Solv-47,42,Ethylene glycol
80479,OCCO,-1.4964677519445282,XGBoost,CAT-Solv-47,42,Ethylene glycol
80480,OCCO,-1.345223339695348,XGBoost,CAT-Solv-47,42,Ethylene glycol
80481,OCCO,-1.1845740954981192,XGBoost,CAT-Solv-47,42,Ethylene glycol
80482,OCCO,-1.055950223472901,XGBoost,CAT-Solv-47,42,Ethylene glycol
80995,C1CCCCC1,-2.2534328309265197,XGBoost,CAT-Solv-47,42,Cyclohexane
80996,C1CCCCC1,-2.127602903013857,XGBoost,CAT-Solv-47,42,Cyclohexane
80997,C1CCCCC1,-2.0022860628762964,XGBoost,CAT-Solv-47,42,Cyclohexane
80998,C1CCCCC1,-1.9029019774672369,XGBoost,CAT-Solv-47,42,Cyclohexane
80999,C1CCCCC1,-1.7957585946537056,XGBoost,CAT-Solv-47,42,Cyclohexane
81000,C1CCCCC1,-1.6913116312871457,XGBoost,CAT-Solv-47,42,Cyclohexane
81001,C1CCCCC1,-1.5982926093307963,XGBoost,CAT-Solv-47,42,Cyclohexane
81297,C1CCCCC1,-3.331423508084219,XGBoost,CAT-Solv-47,42,Cyclohexane
81485,CS(C)=O,-0.7995152115544809,XGBoost,CAT-Solv-47,42,DMSO
81486,CS(C)=O,-0.728863457137201,XGBoost,CAT-Solv-47,42,DMSO
81487,CS(C)=O,-0.6572652023848231,XGBoost,CAT-Solv-47,42,DMSO
81488,CS(C)=O,-0.44852883023587,XGBoost,CAT-Solv-47,42,DMSO
81489,CS(C)=O,-0.2754533452192176,XGBoost,CAT-Solv-47,42,DMSO
81490,CS(C)=O,-0.1170742983956198,XGBoost,CAT-Solv-47,42,DMSO
81491,CS(C)=O,0.0385750817215185,XGBoost,CAT-Solv-47,42,DMSO
81828,CS(C)=O,-0.7802202104425433,XGBoost,CAT-Solv-47,42,DMSO
81829,CS(C)=O,-0.728445199077329,XGBoost,CAT-Solv-47,42,DMSO
81830,CS(C)=O,-0.69119929201985,XGBoost,CAT-Solv-47,42,DMSO
81831,CS(C)=O,-0.6406653548232486,XGBoost,CAT-Solv-47,42,DMSO
81832,CS(C)=O,-0.5834537815140345,XGBoost,CAT-Solv-47,42,DMSO
81833,CS(C)=O,-0.5435257771102014,XGBoost,CAT-Solv-47,42,DMSO
81834,CS(C)=O,-0.4858282493694164,XGBoost,CAT-Solv-47,42,DMSO
81835,CS(C)=O,-0.4348316770362703,XGBoost,CAT-Solv-47,42,DMSO
81836,CS(C)=O,-0.3530584670675967,XGBoost,CAT-Solv-47,42,DMSO
81837,CS(C)=O,-0.3083088716402471,XGBoost,CAT-Solv-47,42,DMSO
81838,CS(C)=O,-0.2410377259054858,XGBoost,CAT-Solv-47,42,DMSO
81839,CS(C)=O,-0.173799407274796,XGBoost,CAT-Solv-47,42,DMSO
81840,CS(C)=O,-0.1259106859341572,XGBoost,CAT-Solv-47,42,DMSO
81841,CS(C)=O,-0.0833083587071855,XGBoost,CAT-Solv-47,42,DMSO
81842,CS(C)=O,-0.0413342314835339,XGBoost,CAT-Solv-47,42,DMSO
81843,CS(C)=O,0.0432473071937078,XGBoost,CAT-Solv-47,42,DMSO
81892,C1CCCCC1,-1.750424926277607,XGBoost,CAT-Solv-47,42,Cyclohexane
81893,C1CCCCC1,-1.676768805924024,XGBoost,CAT-Solv-47,42,Cyclohexane
81894,C1CCCCC1,-1.590778852249479,XGBoost,CAT-Solv-47,42,Cyclohexane
81895,C1CCCCC1,-1.496209066619147,XGBoost,CAT-Solv-47,42,Cyclohexane
81896,C1CCCCC1,-1.4289005391164484,XGBoost,CAT-Solv-47,42,Cyclohexane
81897,C1CCCCC1,-1.3498589904962024,XGBoost,CAT-Solv-47,42,Cyclohexane
81898,C1CCCCC1,-1.2628881260504097,XGBoost,CAT-Solv-47,42,Cyclohexane
81899,C1CCCCC1,-1.1696103815671324,XGBoost,CAT-Solv-47,42,Cyclohexane
81900,C1CCCCC1,-1.0760721758639995,XGBoost,CAT-Solv-47,42,Cyclohexane
81901,C1CCCCC1,-0.9786280441910998,XGBoost,CAT-Solv-47,42,Cyclohexane
81982,CN1CCCC1=O,0.1465245046481154,XGBoost,CAT-Solv-47,42,NMP
81983,CN1CCCC1=O,0.2013775625501261,XGBoost,CAT-Solv-47,42,NMP
81984,CN1CCCC1=O,0.2815517229397909,XGBoost,CAT-Solv-47,42,NMP
81985,CN1CCCC1=O,0.3553587525288023,XGBoost,CAT-Solv-47,42,NMP
81986,CN1CCCC1=O,0.4468311090469692,XGBoost,CAT-Solv-47,42,NMP
81987,CN1CCCC1=O,0.5250219498080039,XGBoost,CAT-Solv-47,42,NMP
81988,CN1CCCC1=O,0.6116676477901521,XGBoost,CAT-Solv-47,42,NMP
81989,CN1CCCC1=O,0.6912482841898268,XGBoost,CAT-Solv-47,42,NMP
81990,CN1CCCC1=O,0.7815153157472204,XGBoost,CAT-Solv-47,42,NMP
81991,CN1CCCC1=O,0.873034139518648,XGBoost,CAT-Solv-47,42,NMP
82002,CS(C)=O,0.4152029259500309,XGBoost,CAT-Solv-47,42,DMSO
82003,CS(C)=O,0.4793460943018006,XGBoost,CAT-Solv-47,42,DMSO
82004,CS(C)=O,0.5691221292606281,XGBoost,CAT-Solv-47,42,DMSO
82005,CS(C)=O,0.6383611199832612,XGBoost,CAT-Solv-47,42,DMSO
82006,CS(C)=O,0.7485168353089338,XGBoost,CAT-Solv-47,42,DMSO
82007,CS(C)=O,0.8250892618951503,XGBoost,CAT-Solv-47,42,DMSO
82008,CS(C)=O,0.9369839589499088,XGBoost,CAT-Solv-47,42,DMSO
82009,OCCO,-1.164463099238236,XGBoost,CAT-Solv-47,42,Ethylene glycol
82010,OCCO,-1.0878080118937845,XGBoost,CAT-Solv-47,42,Ethylene glycol
82011,OCCO,-1.0019118659776889,XGBoost,CAT-Solv-47,42,Ethylene glycol
82012,OCCO,-0.9229210899656312,XGBoost,CAT-Solv-47,42,Ethylene glycol
82013,OCCO,-0.8309339069584224,XGBoost,CAT-Solv-47,42,Ethylene glycol
82014,OCCO,-0.7520716702245094,XGBoost,CAT-Solv-47,42,Ethylene glycol
82015,OCCO,-0.6846852717349677,XGBoost,CAT-Solv-47,42,Ethylene glycol
82016,OCCO,-0.6188332710538098,XGBoost,CAT-Solv-47,42,Ethylene glycol
82017,OCCO,-0.5409868257657904,XGBoost,CAT-Solv-47,42,Ethylene glycol
82018,OCCO,-0.4829418537445212,XGBoost,CAT-Solv-47,42,Ethylene glycol
82180,C1CCCCC1,-2.1985258252505804,XGBoost,CAT-Solv-47,42,Cyclohexane
82181,C1CCCCC1,-2.0923524214513884,XGBoost,CAT-Solv-47,42,Cyclohexane
82182,C1CCCCC1,-1.987169035745756,XGBoost,CAT-Solv-47,42,Cyclohexane
82183,C1CCCCC1,-1.8862516841377657,XGBoost,CAT-Solv-47,42,Cyclohexane
82184,C1CCCCC1,-1.777242123524184,XGBoost,CAT-Solv-47,42,Cyclohexane
82185,C1CCCCC1,-1.6720807538422982,XGBoost,CAT-Solv-47,42,Cyclohexane
82186,C1CCCCC1,-1.5757491519726123,XGBoost,CAT-Solv-47,42,Cyclohexane
82491,CS(C)=O,1.392967458254955,XGBoost,CAT-Solv-47,42,DMSO
82492,CS(C)=O,1.4098823750873293,XGBoost,CAT-Solv-47,42,DMSO
82493,CS(C)=O,1.4289616507972387,XGBoost,CAT-Solv-47,42,DMSO
82494,CS(C)=O,1.446400136341622,XGBoost,CAT-Solv-47,42,DMSO
82495,CS(C)=O,1.4621385443065098,XGBoost,CAT-Solv-47,42,DMSO
82496,OCCO,-0.8738362390941409,XGBoost,CAT-Solv-47,42,Ethylene glycol
82497,OCCO,-0.8218236053540207,XGBoost,CAT-Solv-47,42,Ethylene glycol
82498,OCCO,-0.7807844015013587,XGBoost,CAT-Solv-47,42,Ethylene glycol
82499,OCCO,-0.7417233795970247,XGBoost,CAT-Solv-47,42,Ethylene glycol
82500,OCCO,-0.7096626147244168,XGBoost,CAT-Solv-47,42,Ethylene glycol
82565,CCCOC(C)=O,-0.9684250902490302,XGBoost,CAT-Solv-47,42,n-Pr acetate
82566,CCCOC(C)=O,-0.8882772592547089,XGBoost,CAT-Solv-47,42,n-Pr acetate
82567,CCCOC(C)=O,-0.8105290740813024,XGBoost,CAT-Solv-47,42,n-Pr acetate
82568,CCCOC(C)=O,-0.7255458163641799,XGBoost,CAT-Solv-47,42,n-Pr acetate
82569,CCCOC(C)=O,-0.6369871998065239,XGBoost,CAT-Solv-47,42,n-Pr acetate
82570,CCCOC(C)=O,-0.5468387101162264,XGBoost,CAT-Solv-47,42,n-Pr acetate
82571,CCCOC(C)=O,-0.476673278919252,XGBoost,CAT-Solv-47,42,n-Pr acetate
82572,CCCOC(C)=O,-0.3969577514993794,XGBoost,CAT-Solv-47,42,n-Pr acetate
82573,CCCOC(C)=O,-0.3278180092701357,XGBoost,CAT-Solv-47,42,n-Pr acetate
82663,CCCOC(C)=O,0.4333120319119867,XGBoost,CAT-Solv-47,42,n-Pr acetate
82664,CCCOC(C)=O,0.5798025122542219,XGBoost,CAT-Solv-47,42,n-Pr acetate
82665,CCCOC(C)=O,0.778520043046272,XGBoost,CAT-Solv-47,42,n-Pr acetate
82666,CCCOC(C)=O,0.9484491210985564,XGBoost,CAT-Solv-47,42,n-Pr acetate
82667,CCCOC(C)=O,1.0990295522935891,XGBoost,CAT-Solv-47,42,n-Pr acetate
82668,CCCOC(C)=O,1.3275813465188069,XGBoost,CAT-Solv-47,42,n-Pr acetate
82669,CCCOC(C)=O,1.5803164781434125,XGBoost,CAT-Solv-47,42,n-Pr acetate
82670,CCCOC(C)=O,1.921979714590376,XGBoost,CAT-Solv-47,42,n-Pr acetate
82725,C1CCCCC1,0.3970652996754384,XGBoost,CAT-Solv-47,42,Cyclohexane
82726,C1CCCCC1,0.5211150632874159,XGBoost,CAT-Solv-47,42,Cyclohexane
82727,C1CCCCC1,0.6157059567569187,XGBoost,CAT-Solv-47,42,Cyclohexane
82728,C1CCCCC1,0.7255612914031215,XGBoost,CAT-Solv-47,42,Cyclohexane
82729,C1CCCCC1,0.858671563485723,XGBoost,CAT-Solv-47,42,Cyclohexane
82730,C1CCCCC1,0.9846576429391758,XGBoost,CAT-Solv-47,42,Cyclohexane
82731,C1CCCCC1,1.1283511218481563,XGBoost,CAT-Solv-47,42,Cyclohexane
82820,C1CCCCC1,-1.4036650922461231,XGBoost,CAT-Solv-47,42,Cyclohexane
82821,C1CCCCC1,-1.2389011655761997,XGBoost,CAT-Solv-47,42,Cyclohexane
82822,C1CCCCC1,-1.0768965045727168,XGBoost,CAT-Solv-47,42,Cyclohexane
82823,C1CCCCC1,-0.8716580314384732,XGBoost,CAT-Solv-47,42,Cyclohexane
82824,C1CCCCC1,-0.6416131490865522,XGBoost,CAT-Solv-47,42,Cyclohexane
82825,C1CCCCC1,-0.4534649255009358,XGBoost,CAT-Solv-47,42,Cyclohexane
82826,C1CCCCC1,-0.2261017720061663,XGBoost,CAT-Solv-47,42,Cyclohexane
82827,C1CCCCC1,0.0376301265832683,XGBoost,CAT-Solv-47,42,Cyclohexane
82828,C1CCCCC1,0.2406247683546711,XGBoost,CAT-Solv-47,42,Cyclohexane
83319,CN1CCCC1=O,-0.8570460750908923,XGBoost,CAT-Solv-47,42,NMP
83320,CN1CCCC1=O,-0.8289313626413284,XGBoost,CAT-Solv-47,42,NMP
83321,CN1CCCC1=O,-0.7074326440697701,XGBoost,CAT-Solv-47,42,NMP
83322,CN1CCCC1=O,-0.6652183771225215,XGBoost,CAT-Solv-47,42,NMP
83323,CN1CCCC1=O,-0.6359377482809256,XGBoost,CAT-Solv-47,42,NMP
83812,CCCOC(C)=O,-2.265122765696869,XGBoost,CAT-Solv-47,42,n-Pr acetate
83813,CCCOC(C)=O,-2.140448181667895,XGBoost,CAT-Solv-47,42,n-Pr acetate
83814,CCCOC(C)=O,-2.049839627787428,XGBoost,CAT-Solv-47,42,n-Pr acetate
83815,CCCOC(C)=O,-1.94610866143658,XGBoost,CAT-Solv-47,42,n-Pr acetate
83816,CCCOC(C)=O,-1.8489700398345532,XGBoost,CAT-Solv-47,42,n-Pr acetate
83817,CCCOC(C)=O,-1.7658009623892594,XGBoost,CAT-Solv-47,42,n-Pr acetate
83818,CCCOC(C)=O,-1.67949312486304,XGBoost,CAT-Solv-47,42,n-Pr acetate
83819,CCCOC(C)=O,-1.6059427001881033,XGBoost,CAT-Solv-47,42,n-Pr acetate
83820,CCCOC(C)=O,-1.532098794901658,XGBoost,CAT-Solv-47,42,n-Pr acetate
83875,CN1CCCC1=O,0.1486030494743911,XGBoost,CAT-Solv-47,42,NMP
83876,CN1CCCC1=O,0.1284574238149553,XGBoost,CAT-Solv-47,42,NMP
83926,CCCOC(C)=O,-1.3202515299784894,XGBoost,CAT-Solv-47,42,n-Pr acetate
83927,CCCOC(C)=O,-1.2522644565147625,XGBoost,CAT-Solv-47,42,n-Pr acetate
83928,CCCOC(C)=O,-1.1610555478131264,XGBoost,CAT-Solv-47,42,n-Pr acetate
83929,CCCOC(C)=O,-1.0992135448775138,XGBoost,CAT-Solv-47,42,n-Pr acetate
83930,CCCOC(C)=O,-1.0328793576669606,XGBoost,CAT-Solv-47,42,n-Pr acetate
83931,CCCOC(C)=O,-0.966840345052124,XGBoost,CAT-Solv-47,42,n-Pr acetate
83932,CCCOC(C)=O,-0.9024102201804728,XGBoost,CAT-Solv-47,42,n-Pr acetate
83933,CCCOC(C)=O,-0.8386845077826444,XGBoost,CAT-Solv-47,42,n-Pr acetate
83934,CCCOC(C)=O,-0.780095166784286,XGBoost,CAT-Solv-47,42,n-Pr acetate
83935,CCCOC(C)=O,-0.7239334021426151,XGBoost,CAT-Solv-47,42,n-Pr acetate
84429,OCCO,-2.2776722518573527,XGBoost,CAT-Solv-47,42,Ethylene glycol
84430,OCCO,-2.2283215788117317,XGBoost,CAT-Solv-47,42,Ethylene glycol
84431,OCCO,-2.187705500815867,XGBoost,CAT-Solv-47,42,Ethylene glycol
84432,OCCO,-2.13824351710751,XGBoost,CAT-Solv-47,42,Ethylene glycol
84433,OCCO,-2.0844445361849546,XGBoost,CAT-Solv-47,42,Ethylene glycol
84434,OCCO,-2.035176294773819,XGBoost,CAT-Solv-47,42,Ethylene glycol
84435,OCCO,-1.9798155315812975,XGBoost,CAT-Solv-47,42,Ethylene glycol
84436,OCCO,-1.9450362179619365,XGBoost,CAT-Solv-47,42,Ethylene glycol
84437,OCCO,-1.8883355916774316,XGBoost,CAT-Solv-47,42,Ethylene glycol
84438,OCCO,-1.837879049646474,XGBoost,CAT-Solv-47,42,Ethylene glycol
84653,OCCO,-0.866970567083872,XGBoost,CAT-Solv-47,42,Ethylene glycol
84654,OCCO,-0.7826046090071324,XGBoost,CAT-Solv-47,42,Ethylene glycol
84655,OCCO,-0.7070173523276156,XGBoost,CAT-Solv-47,42,Ethylene glycol
84656,OCCO,-0.646693765900949,XGBoost,CAT-Solv-47,42,Ethylene glycol
84657,OCCO,-0.5882575691313391,XGBoost,CAT-Solv-47,42,Ethylene glycol
84721,CCCOC(C)=O,-0.6456092976102742,XGBoost,CAT-Solv-47,42,n-Pr acetate
84722,CCCOC(C)=O,-0.560306921530612,XGBoost,CAT-Solv-47,42,n-Pr acetate
84723,CCCOC(C)=O,-0.4897622911703077,XGBoost,CAT-Solv-47,42,n-Pr acetate
84724,CCCOC(C)=O,-0.425331058566876,XGBoost,CAT-Solv-47,42,n-Pr acetate
84725,CCCOC(C)=O,-0.3547965051395923,XGBoost,CAT-Solv-47,42,n-Pr acetate
84726,CCCOC(C)=O,-0.2885908457111943,XGBoost,CAT-Solv-47,42,n-Pr acetate
84727,CCCOC(C)=O,-0.218691364702744,XGBoost,CAT-Solv-47,42,n-Pr acetate
84728,CCCOC(C)=O,-0.1562861195996173,XGBoost,CAT-Solv-47,42,n-Pr acetate
84729,CCCOC(C)=O,-0.0912789836856686,XGBoost,CAT-Solv-47,42,n-Pr acetate
84730,CCCOC(C)=O,-0.0273447975296683,XGBoost,CAT-Solv-47,42,n-Pr acetate
84761,CN1CCCC1=O,0.1251369336864559,XGBoost,CAT-Solv-47,42,NMP
84762,CN1CCCC1=O,0.1253113024489645,XGBoost,CAT-Solv-47,42,NMP
84763,CN1CCCC1=O,0.181643037196144,XGBoost,CAT-Solv-47,42,NMP
84764,CN1CCCC1=O,0.1818397873610512,XGBoost,CAT-Solv-47,42,NMP
84765,CN1CCCC1=O,0.2328075520870788,XGBoost,CAT-Solv-47,42,NMP
84766,CN1CCCC1=O,0.232951474699765,XGBoost,CAT-Solv-47,42,NMP
84767,CN1CCCC1=O,0.2840550355019418,XGBoost,CAT-Solv-47,42,NMP
84768,CN1CCCC1=O,0.2841541020120646,XGBoost,CAT-Solv-47,42,NMP
84769,CN1CCCC1=O,0.332534400201667,XGBoost,CAT-Solv-47,42,NMP
84770,CN1CCCC1=O,0.3325649379056092,XGBoost,CAT-Solv-47,42,NMP
84771,CN1CCCC1=O,0.3831287127440502,XGBoost,CAT-Solv-47,42,NMP
84772,CN1CCCC1=O,0.3832135364016585,XGBoost,CAT-Solv-47,42,NMP
84773,CN1CCCC1=O,0.4344274724314216,XGBoost,CAT-Solv-47,42,NMP
84774,CN1CCCC1=O,0.4344537328149054,XGBoost,CAT-Solv-47,42,NMP
84775,CN1CCCC1=O,0.4735815337086504,XGBoost,CAT-Solv-47,42,NMP
84776,CN1CCCC1=O,0.4736811191314951,XGBoost,CAT-Solv-47,42,NMP
84777,CN1CCCC1=O,0.5202741469141521,XGBoost,CAT-Solv-47,42,NMP
84778,CN1CCCC1=O,0.5202976063945265,XGBoost,CAT-Solv-47,42,NMP
84779,CN1CCCC1=O,0.5631144692090189,XGBoost,CAT-Solv-47,42,NMP
84780,CN1CCCC1=O,0.5631367774886219,XGBoost,CAT-Solv-47,42,NMP
84887,CCCOC(C)=O,-0.9679773081310408,XGBoost,CAT-Solv-47,42,n-Pr acetate
84888,CCCOC(C)=O,-0.918875475515967,XGBoost,CAT-Solv-47,42,n-Pr acetate
84889,CCCOC(C)=O,-0.8494818302601366,XGBoost,CAT-Solv-47,42,n-Pr acetate
84890,CCCOC(C)=O,-0.7998872098903774,XGBoost,CAT-Solv-47,42,n-Pr acetate
84891,CCCOC(C)=O,-0.7319147192904115,XGBoost,CAT-Solv-47,42,n-Pr acetate
84892,CCCOC(C)=O,-0.6680237012384003,XGBoost,CAT-Solv-47,42,n-Pr acetate
84893,CCCOC(C)=O,-0.6141942982910338,XGBoost,CAT-Solv-47,42,n-Pr acetate
84894,CCCOC(C)=O,-0.5387112055162264,XGBoost,CAT-Solv-47,42,n-Pr acetate
84895,CCCOC(C)=O,-0.4685570070180841,XGBoost,CAT-Solv-47,42,n-Pr acetate
84896,CCCOC(C)=O,-0.419623683509949,XGBoost,CAT-Solv-47,42,n-Pr acetate
84937,CN1CCCC1=O,0.2092917609465365,XGBoost,CAT-Solv-47,42,NMP
84938,CN1CCCC1=O,0.2474907497706708,XGBoost,CAT-Solv-47,42,NMP
84939,CN1CCCC1=O,0.2832118403332972,XGBoost,CAT-Solv-47,42,NMP
84940,CN1CCCC1=O,0.3294028254961083,XGBoost,CAT-Solv-47,42,NMP
84941,CN1CCCC1=O,0.3691099683592936,XGBoost,CAT-Solv-47,42,NMP
84942,CN1CCCC1=O,0.4094930779499618,XGBoost,CAT-Solv-47,42,NMP
84943,CN1CCCC1=O,0.4394004672431298,XGBoost,CAT-Solv-47,42,NMP
84944,CN1CCCC1=O,0.4978581267192287,XGBoost,CAT-Solv-47,42,NMP
84945,CN1CCCC1=O,0.5450414379455096,XGBoost,CAT-Solv-47,42,NMP
84946,CN1CCCC1=O,0.5899657668689322,XGBoost,CAT-Solv-47,42,NMP
85014,CCCOC(C)=O,-0.2350586585558239,XGBoost,CAT-Solv-47,42,n-Pr acetate
85015,CCCOC(C)=O,-0.1642887212930181,XGBoost,CAT-Solv-47,42,n-Pr acetate
85016,CCCOC(C)=O,-0.0887820078635888,XGBoost,CAT-Solv-47,42,n-Pr acetate
85017,CCCOC(C)=O,-0.0241720901294268,XGBoost,CAT-Solv-47,42,n-Pr acetate
85018,CCCOC(C)=O,0.0378465997281909,XGBoost,CAT-Solv-47,42,n-Pr acetate
85019,CCCOC(C)=O,0.1093182265557048,XGBoost,CAT-Solv-47,42,n-Pr acetate
85020,CCCOC(C)=O,0.1724962670473593,XGBoost,CAT-Solv-47,42,n-Pr acetate
85021,CCCOC(C)=O,0.2387097751323473,XGBoost,CAT-Solv-47,42,n-Pr acetate
85022,CCCOC(C)=O,0.2987065911529681,XGBoost,CAT-Solv-47,42,n-Pr acetate
85023,CCCOC(C)=O,0.3607067343748211,XGBoost,CAT-Solv-47,42,n-Pr acetate
85054,CN1CCCC1=O,0.5632446505770028,XGBoost,CAT-Solv-47,42,NMP
85055,CN1CCCC1=O,0.5915139821455726,XGBoost,CAT-Solv-47,42,NMP
85056,CN1CCCC1=O,0.6286594091563554,XGBoost,CAT-Solv-47,42,NMP
85057,CN1CCCC1=O,0.6593631721649423,XGBoost,CAT-Solv-47,42,NMP
85058,CN1CCCC1=O,0.6978886149253304,XGBoost,CAT-Solv-47,42,NMP
85059,CN1CCCC1=O,0.7368109184479354,XGBoost,CAT-Solv-47,42,NMP
85060,CN1CCCC1=O,0.783588126798969,XGBoost,CAT-Solv-47,42,NMP
85061,CN1CCCC1=O,0.8203989882971972,XGBoost,CAT-Solv-47,42,NMP
85062,CN1CCCC1=O,0.8706726981370172,XGBoost,CAT-Solv-47,42,NMP
85063,CN1CCCC1=O,0.9161212839208384,XGBoost,CAT-Solv-47,42,NMP
85074,C1CCCCC1,-2.4053485067957836,XGBoost,CAT-Solv-47,42,Cyclohexane
85075,C1CCCCC1,-2.325663875808666,XGBoost,CAT-Solv-47,42,Cyclohexane
85076,C1CCCCC1,-2.2897713524004053,XGBoost,CAT-Solv-47,42,Cyclohexane
85077,C1CCCCC1,-2.152796002366485,XGBoost,CAT-Solv-47,42,Cyclohexane
85078,C1CCCCC1,-2.0802444831117786,XGBoost,CAT-Solv-47,42,Cyclohexane
85079,C1CCCCC1,-2.009475776473099,XGBoost,CAT-Solv-47,42,Cyclohexane
85080,C1CCCCC1,-1.9116363619486447,XGBoost,CAT-Solv-47,42,Cyclohexane
85081,C1CCCCC1,-1.800472075454211,XGBoost,CAT-Solv-47,42,Cyclohexane
85082,C1CCCCC1,-1.7021372289418757,XGBoost,CAT-Solv-47,42,Cyclohexane
85083,C1CCCCC1,-1.60903654367612,XGBoost,CAT-Solv-47,42,Cyclohexane
85151,C1CCCCC1,-2.3454972069781226,XGBoost,CAT-Solv-47,42,Cyclohexane
85152,C1CCCCC1,-2.1957958508334756,XGBoost,CAT-Solv-47,42,Cyclohexane
85153,C1CCCCC1,-2.0813508956406155,XGBoost,CAT-Solv-47,42,Cyclohexane
85154,C1CCCCC1,-1.9984917830300204,XGBoost,CAT-Solv-47,42,Cyclohexane
85155,C1CCCCC1,-1.896380588327438,XGBoost,CAT-Solv-47,42,Cyclohexane
85156,C1CCCCC1,-1.8350412508854137,XGBoost,CAT-Solv-47,42,Cyclohexane
85157,C1CCCCC1,-1.7363212287260466,XGBoost,CAT-Solv-47,42,Cyclohexane
85158,C1CCCCC1,-1.655593192872039,XGBoost,CAT-Solv-47,42,Cyclohexane
85159,C1CCCCC1,-1.550639163798722,XGBoost,CAT-Solv-47,42,Cyclohexane
85160,C1CCCCC1,-1.4499504640100025,XGBoost,CAT-Solv-47,42,Cyclohexane
85379,CS(C)=O,0.6708693979047461,XGBoost,CAT-Solv-47,42,DMSO
85380,CS(C)=O,0.6810664954482901,XGBoost,CAT-Solv-47,42,DMSO
85381,CS(C)=O,0.6953602857875559,XGBoost,CAT-Solv-47,42,DMSO
85382,CS(C)=O,0.7060474772704578,XGBoost,CAT-Solv-47,42,DMSO
85383,CS(C)=O,0.7211672685419752,XGBoost,CAT-Solv-47,42,DMSO
85384,CS(C)=O,0.7285669721200851,XGBoost,CAT-Solv-47,42,DMSO
85385,CS(C)=O,0.7431307521228738,XGBoost,CAT-Solv-47,42,DMSO
85386,CS(C)=O,0.7556329645635025,XGBoost,CAT-Solv-47,42,DMSO
85387,OCCO,-0.4700548099558039,XGBoost,CAT-Solv-47,42,Ethylene glycol
85388,OCCO,-0.3918419801700913,XGBoost,CAT-Solv-47,42,Ethylene glycol
85389,OCCO,-0.300832506304004,XGBoost,CAT-Solv-47,42,Ethylene glycol
85390,OCCO,-0.1985881666964825,XGBoost,CAT-Solv-47,42,Ethylene glycol
85391,OCCO,-0.0989783927213488,XGBoost,CAT-Solv-47,42,Ethylene glycol
85392,OCCO,-0.0227904654814269,XGBoost,CAT-Solv-47,42,Ethylene glycol
85393,OCCO,0.0417332369104846,XGBoost,CAT-Solv-47,42,Ethylene glycol
85394,OCCO,0.1172611932160673,XGBoost,CAT-Solv-47,42,Ethylene glycol
85395,OCCO,0.1996105740050704,XGBoost,CAT-Solv-47,42,Ethylene glycol
86073,CS(C)=O,-0.2056338665102887,XGBoost,CAT-Solv-47,42,DMSO
86074,CS(C)=O,-0.0354035273692384,XGBoost,CAT-Solv-47,42,DMSO
86075,CS(C)=O,0.045685138883433,XGBoost,CAT-Solv-47,42,DMSO
86076,CS(C)=O,0.1195331159466084,XGBoost,CAT-Solv-47,42,DMSO
86077,CS(C)=O,0.2484503793830585,XGBoost,CAT-Solv-47,42,DMSO
86078,CS(C)=O,0.3628794731250422,XGBoost,CAT-Solv-47,42,DMSO
86079,CS(C)=O,0.478329989060324,XGBoost,CAT-Solv-47,42,DMSO
86080,CS(C)=O,0.5798686901923844,XGBoost,CAT-Solv-47,42,DMSO
86081,CS(C)=O,0.7822975696067441,XGBoost,CAT-Solv-47,42,DMSO
86140,CCCOC(C)=O,-1.8219821434866208,XGBoost,CAT-Solv-47,42,n-Pr acetate
86141,CCCOC(C)=O,-1.7493137007719963,XGBoost,CAT-Solv-47,42,n-Pr acetate
86142,CCCOC(C)=O,-1.685564865220875,XGBoost,CAT-Solv-47,42,n-Pr acetate
86143,CCCOC(C)=O,-1.610966212076279,XGBoost,CAT-Solv-47,42,n-Pr acetate
86144,CCCOC(C)=O,-1.5452543215938324,XGBoost,CAT-Solv-47,42,n-Pr acetate
86145,CCCOC(C)=O,-1.48390234484904,XGBoost,CAT-Solv-47,42,n-Pr acetate
86146,CCCOC(C)=O,-1.4214289940474027,XGBoost,CAT-Solv-47,42,n-Pr acetate
86147,CCCOC(C)=O,-1.3598733192933683,XGBoost,CAT-Solv-47,42,n-Pr acetate
86148,CCCOC(C)=O,-1.2984954243291822,XGBoost,CAT-Solv-47,42,n-Pr acetate
86149,CCCOC(C)=O,-1.2427925122378771,XGBoost,CAT-Solv-47,42,n-Pr acetate
86374,C1CCCCC1,-2.6385921488088395,XGBoost,CAT-Solv-47,42,Cyclohexane
86375,C1CCCCC1,-2.5295412160128277,XGBoost,CAT-Solv-47,42,Cyclohexane
86376,C1CCCCC1,-2.4227067115869527,XGBoost,CAT-Solv-47,42,Cyclohexane
86377,C1CCCCC1,-2.3261364142869767,XGBoost,CAT-Solv-47,42,Cyclohexane
86378,C1CCCCC1,-2.234984909536823,XGBoost,CAT-Solv-47,42,Cyclohexane
86379,C1CCCCC1,-2.143235453884897,XGBoost,CAT-Solv-47,42,Cyclohexane
86380,C1CCCCC1,-2.059673909806661,XGBoost,CAT-Solv-47,42,Cyclohexane
86381,C1CCCCC1,-1.9819071528090648,XGBoost,CAT-Solv-47,42,Cyclohexane
86382,C1CCCCC1,-1.9076776229973953,XGBoost,CAT-Solv-47,42,Cyclohexane
86501,CS(C)=O,-0.8954239048789102,XGBoost,CAT-Solv-47,42,DMSO
86502,CS(C)=O,-0.8436293739954563,XGBoost,CAT-Solv-47,42,DMSO
86503,CS(C)=O,-0.7879615381208714,XGBoost,CAT-Solv-47,42,DMSO
86504,CS(C)=O,-0.7305401178508637,XGBoost,CAT-Solv-47,42,DMSO
86505,CS(C)=O,-0.6721999377340762,XGBoost,CAT-Solv-47,42,DMSO
86506,CS(C)=O,-0.6123121810642249,XGBoost,CAT-Solv-47,42,DMSO
86507,CS(C)=O,-0.5473005547144149,XGBoost,CAT-Solv-47,42,DMSO
86508,OCCO,-1.371794216784528,XGBoost,CAT-Solv-47,42,Ethylene glycol
86509,OCCO,-1.3039831033637177,XGBoost,CAT-Solv-47,42,Ethylene glycol
86510,OCCO,-1.229204255032799,XGBoost,CAT-Solv-47,42,Ethylene glycol
86511,OCCO,-1.1453100579518856,XGBoost,CAT-Solv-47,42,Ethylene glycol
86512,OCCO,-1.0683166230216086,XGBoost,CAT-Solv-47,42,Ethylene glycol
86513,OCCO,-0.989805127898026,XGBoost,CAT-Solv-47,42,Ethylene glycol
86514,OCCO,-0.918290812740104,XGBoost,CAT-Solv-47,42,Ethylene glycol
86515,OCCO,-0.8475230827150482,XGBoost,CAT-Solv-47,42,Ethylene glycol
86516,OCCO,-0.7838424432069403,XGBoost,CAT-Solv-47,42,Ethylene glycol
86517,OCCO,-0.7193363685734913,XGBoost,CAT-Solv-47,42,Ethylene glycol
86803,CN1CCCC1=O,-0.1335170637968216,XGBoost,CAT-Solv-47,42,NMP
86804,CN1CCCC1=O,-0.0605653742974377,XGBoost,CAT-Solv-47,42,NMP
86805,CN1CCCC1=O,0.0114803110754647,XGBoost,CAT-Solv-47,42,NMP
86806,CN1CCCC1=O,0.0825687178628691,XGBoost,CAT-Solv-47,42,NMP
86807,CN1CCCC1=O,0.153069012867171,XGBoost,CAT-Solv-47,42,NMP
86808,CN1CCCC1=O,0.2227414983683282,XGBoost,CAT-Solv-47,42,NMP
86809,CN1CCCC1=O,0.2925503532513491,XGBoost,CAT-Solv-47,42,NMP
86810,CN1CCCC1=O,0.3623692810914499,XGBoost,CAT-Solv-47,42,NMP
86811,CN1CCCC1=O,0.4327855398889856,XGBoost,CAT-Solv-47,42,NMP
86930,CN1CCCC1=O,0.2985186379402064,XGBoost,CAT-Solv-47,42,NMP
86931,CN1CCCC1=O,0.3356816193965972,XGBoost,CAT-Solv-47,42,NMP
86932,CN1CCCC1=O,0.3577351305108286,XGBoost,CAT-Solv-47,42,NMP
86933,CN1CCCC1=O,0.4173515257596654,XGBoost,CAT-Solv-47,42,NMP
86934,CN1CCCC1=O,0.424985697601428,XGBoost,CAT-Solv-47,42,NMP
86935,CN1CCCC1=O,0.4748267337015581,XGBoost,CAT-Solv-47,42,NMP
86936,CN1CCCC1=O,0.5298391175765601,XGBoost,CAT-Solv-47,42,NMP
86937,CN1CCCC1=O,0.5386415694720051,XGBoost,CAT-Solv-47,42,NMP
86938,CN1CCCC1=O,0.6007816560903888,XGBoost,CAT-Solv-47,42,NMP
86939,C1CCCCC1,-2.5771246952476043,XGBoost,CAT-Solv-47,42,Cyclohexane
86940,C1CCCCC1,-2.463491762494945,XGBoost,CAT-Solv-47,42,Cyclohexane
86941,C1CCCCC1,-2.3541214881620576,XGBoost,CAT-Solv-47,42,Cyclohexane
86942,C1CCCCC1,-2.2515814236295943,XGBoost,CAT-Solv-47,42,Cyclohexane
86943,C1CCCCC1,-2.154611761838044,XGBoost,CAT-Solv-47,42,Cyclohexane
86944,C1CCCCC1,-2.0641228559395017,XGBoost,CAT-Solv-47,42,Cyclohexane
86945,C1CCCCC1,-1.982155016702994,XGBoost,CAT-Solv-47,42,Cyclohexane
86946,C1CCCCC1,-1.9020634099859628,XGBoost,CAT-Solv-47,42,Cyclohexane
86947,C1CCCCC1,-1.8258200788608627,XGBoost,CAT-Solv-47,42,Cyclohexane
87066,CS(C)=O,-0.5955201666540934,XGBoost,CAT-Solv-47,42,DMSO
87067,CS(C)=O,-0.5390134025214243,XGBoost,CAT-Solv-47,42,DMSO
87068,CS(C)=O,-0.4732452253878516,XGBoost,CAT-Solv-47,42,DMSO
87069,CS(C)=O,-0.4002867126166687,XGBoost,CAT-Solv-47,42,DMSO
87070,CS(C)=O,-0.3235763627122869,XGBoost,CAT-Solv-47,42,DMSO
87071,CS(C)=O,-0.2464600242783716,XGBoost,CAT-Solv-47,42,DMSO
87072,CS(C)=O,-0.1727891933509606,XGBoost,CAT-Solv-47,42,DMSO
87073,OCCO,-0.973256943967369,XGBoost,CAT-Solv-47,42,Ethylene glycol
87074,OCCO,-0.9174469120856968,XGBoost,CAT-Solv-47,42,Ethylene glycol
87075,OCCO,-0.8539815361396805,XGBoost,CAT-Solv-47,42,Ethylene glycol
87076,OCCO,-0.7863974044108305,XGBoost,CAT-Solv-47,42,Ethylene glycol
87077,OCCO,-0.7139835946867514,XGBoost,CAT-Solv-47,42,Ethylene glycol
87078,OCCO,-0.6427782912242673,XGBoost,CAT-Solv-47,42,Ethylene glycol
87079,OCCO,-0.569223521121715,XGBoost,CAT-Solv-47,42,Ethylene glycol
87080,OCCO,-0.4960678359774598,XGBoost,CAT-Solv-47,42,Ethylene glycol
87081,OCCO,-0.4196696190985059,XGBoost,CAT-Solv-47,42,Ethylene glycol
87082,OCCO,-0.3414296001223829,XGBoost,CAT-Solv-47,42,Ethylene glycol
87461,C1CCCCC1,-1.8618021829892004,XGBoost,CAT-Solv-47,42,Cyclohexane
87462,C1CCCCC1,-1.7862440855409245,XGBoost,CAT-Solv-47,42,Cyclohexane
87463,C1CCCCC1,-1.7210589366585023,XGBoost,CAT-Solv-47,42,Cyclohexane
87464,C1CCCCC1,-1.6519064106640542,XGBoost,CAT-Solv-47,42,Cyclohexane
87465,C1CCCCC1,-1.5802783502811135,XGBoost,CAT-Solv-47,42,Cyclohexane
87466,C1CCCCC1,-1.5096318129338535,XGBoost,CAT-Solv-47,42,Cyclohexane
87467,C1CCCCC1,-1.4387387697679217,XGBoost,CAT-Solv-47,42,Cyclohexane
87468,C1CCCCC1,-1.3772944047004572,XGBoost,CAT-Solv-47,42,Cyclohexane
87469,C1CCCCC1,-1.3123937110815005,XGBoost,CAT-Solv-47,42,Cyclohexane
87606,C1CCCCC1,-1.4812427405011452,XGBoost,CAT-Solv-47,42,Cyclohexane
87607,C1CCCCC1,-1.4273035623138115,XGBoost,CAT-Solv-47,42,Cyclohexane
87608,C1CCCCC1,-1.3751062143395414,XGBoost,CAT-Solv-47,42,Cyclohexane
87609,C1CCCCC1,-1.3054395892134936,XGBoost,CAT-Solv-47,42,Cyclohexane
87610,C1CCCCC1,-1.2213870402208535,XGBoost,CAT-Solv-47,42,Cyclohexane
87611,C1CCCCC1,-1.1674500637436562,XGBoost,CAT-Solv-47,42,Cyclohexane
87612,C1CCCCC1,-1.1093364175582308,XGBoost,CAT-Solv-47,42,Cyclohexane
87906,C1CCCCC1,-2.030714599845186,XGBoost,CAT-Solv-47,42,Cyclohexane
87907,C1CCCCC1,-1.9918961820540304,XGBoost,CAT-Solv-47,42,Cyclohexane
87908,C1CCCCC1,-1.9567347332064864,XGBoost,CAT-Solv-47,42,Cyclohexane
87909,C1CCCCC1,-1.924616258470094,XGBoost,CAT-Solv-47,42,Cyclohexane
87910,C1CCCCC1,-1.8950648640405423,XGBoost,CAT-Solv-47,42,Cyclohexane
87911,C1CCCCC1,-1.8677842096077588,XGBoost,CAT-Solv-47,42,Cyclohexane
87912,C1CCCCC1,-1.842449788232268,XGBoost,CAT-Solv-47,42,Cyclohexane
87913,C1CCCCC1,-1.818821482560371,XGBoost,CAT-Solv-47,42,Cyclohexane
87914,C1CCCCC1,-1.796727080815859,XGBoost,CAT-Solv-47,42,Cyclohexane
87915,C1CCCCC1,-1.775981802740744,XGBoost,CAT-Solv-47,42,Cyclohexane
88667,C1CCCCC1,-2.82957737875076,XGBoost,CAT-Solv-47,42,Cyclohexane
88668,C1CCCCC1,-2.7576013208304015,XGBoost,CAT-Solv-47,42,Cyclohexane
88669,C1CCCCC1,-2.696595564652699,XGBoost,CAT-Solv-47,42,Cyclohexane
88670,C1CCCCC1,-2.6437689826177544,XGBoost,CAT-Solv-47,42,Cyclohexane
88671,C1CCCCC1,-2.597247748632044,XGBoost,CAT-Solv-47,42,Cyclohexane
88672,C1CCCCC1,-2.541981705719484,XGBoost,CAT-Solv-47,42,Cyclohexane
88673,C1CCCCC1,-2.481646890065454,XGBoost,CAT-Solv-47,42,Cyclohexane
88674,C1CCCCC1,-2.43981451444416,XGBoost,CAT-Solv-47,42,Cyclohexane
88675,C1CCCCC1,-2.3925981073798925,XGBoost,CAT-Solv-47,42,Cyclohexane
88676,C1CCCCC1,-2.3421293416350357,XGBoost,CAT-Solv-47,42,Cyclohexane
89273,CS(C)=O,-1.8521093013218328,XGBoost,CAT-Solv-47,42,DMSO
89274,CS(C)=O,-1.4981362813961028,XGBoost,CAT-Solv-47,42,DMSO
89275,CS(C)=O,-1.2165396155807684,XGBoost,CAT-Solv-47,42,DMSO
89276,CS(C)=O,-0.9549291766068037,XGBoost,CAT-Solv-47,42,DMSO
89277,CS(C)=O,-0.787062612420961,XGBoost,CAT-Solv-47,42,DMSO
89278,CS(C)=O,-0.666698849952139,XGBoost,CAT-Solv-47,42,DMSO
89279,CS(C)=O,-0.592822129714143,XGBoost,CAT-Solv-47,42,DMSO
89280,CS(C)=O,-0.5592903388622313,XGBoost,CAT-Solv-47,42,DMSO
89281,CS(C)=O,-0.5516196644432879,XGBoost,CAT-Solv-47,42,DMSO
90338,C1CCCCC1,-3.3446051884630976,XGBoost,CAT-Solv-47,42,Cyclohexane
90339,C1CCCCC1,-3.3151231840841593,XGBoost,CAT-Solv-47,42,Cyclohexane
90340,C1CCCCC1,-3.274064209826702,XGBoost,CAT-Solv-47,42,Cyclohexane
90341,C1CCCCC1,-3.2377139567088435,XGBoost,CAT-Solv-47,42,Cyclohexane
90342,C1CCCCC1,-3.1951740965389295,XGBoost,CAT-Solv-47,42,Cyclohexane
90343,C1CCCCC1,-3.1535425340749894,XGBoost,CAT-Solv-47,42,Cyclohexane
90344,C1CCCCC1,-3.096523210974093,XGBoost,CAT-Solv-47,42,Cyclohexane
90345,C1CCCCC1,-3.0377485984022323,XGBoost,CAT-Solv-47,42,Cyclohexane
90431,CN1CCCC1=O,0.4428884897792478,XGBoost,CAT-Solv-47,42,NMP
90432,CN1CCCC1=O,0.437702859569644,XGBoost,CAT-Solv-47,42,NMP
90433,CN1CCCC1=O,0.4329278889984805,XGBoost,CAT-Solv-47,42,NMP
90434,CN1CCCC1=O,0.4296306352019116,XGBoost,CAT-Solv-47,42,NMP
90435,CN1CCCC1=O,0.4258191201848849,XGBoost,CAT-Solv-47,42,NMP
90436,CN1CCCC1=O,0.4213399086060836,XGBoost,CAT-Solv-47,42,NMP
90437,CN1CCCC1=O,0.4176695526485525,XGBoost,CAT-Solv-47,42,NMP
90438,CN1CCCC1=O,0.4122884490758035,XGBoost,CAT-Solv-47,42,NMP
90439,CN1CCCC1=O,0.4087863588078824,XGBoost,CAT-Solv-47,42,NMP
90440,CN1CCCC1=O,0.4045198676270434,XGBoost,CAT-Solv-47,42,NMP
90441,CN1CCCC1=O,0.4008725153114295,XGBoost,CAT-Solv-47,42,NMP
90507,OCCO,-2.1787350728904538,XGBoost,CAT-Solv-47,42,Ethylene glycol
90508,OCCO,-2.158152926715134,XGBoost,CAT-Solv-47,42,Ethylene glycol
90509,OCCO,-2.1301377931191903,XGBoost,CAT-Solv-47,42,Ethylene glycol
90510,OCCO,-2.098100303665398,XGBoost,CAT-Solv-47,42,Ethylene glycol
90511,OCCO,-2.069369114295362,XGBoost,CAT-Solv-47,42,Ethylene glycol
90512,OCCO,-2.039220034690816,XGBoost,CAT-Solv-47,42,Ethylene glycol
90513,OCCO,-2.007262874820825,XGBoost,CAT-Solv-47,42,Ethylene glycol
90514,OCCO,-1.9726344751874765,XGBoost,CAT-Solv-47,42,Ethylene glycol
90515,OCCO,-1.9387593815792143,XGBoost,CAT-Solv-47,42,Ethylene glycol
90526,CN1CCCC1=O,0.3014173425165636,XGBoost,CAT-Solv-47,42,NMP
90527,CN1CCCC1=O,0.376474529980671,XGBoost,CAT-Solv-47,42,NMP
90528,CN1CCCC1=O,0.4531608505552087,XGBoost,CAT-Solv-47,42,NMP
90529,CN1CCCC1=O,0.5361738541245303,XGBoost,CAT-Solv-47,42,NMP
90530,CN1CCCC1=O,0.5792852730145961,XGBoost,CAT-Solv-47,42,NMP
90640,CN1CCCC1=O,-0.6306988313998643,XGBoost,CAT-Solv-47,42,NMP
90641,CN1CCCC1=O,-0.3615506510474082,XGBoost,CAT-Solv-47,42,NMP
90642,CN1CCCC1=O,-0.1705958247134508,XGBoost,CAT-Solv-47,42,NMP
90643,CN1CCCC1=O,-0.197268846783787,XGBoost,CAT-Solv-47,42,NMP
90644,CN1CCCC1=O,-0.1530030734251519,XGBoost,CAT-Solv-47,42,NMP
90645,CN1CCCC1=O,-0.1372008650002297,XGBoost,CAT-Solv-47,42,NMP
90646,CN1CCCC1=O,-0.1043342160950575,XGBoost,CAT-Solv-47,42,NMP
90647,CN1CCCC1=O,-0.0795279975734128,XGBoost,CAT-Solv-47,42,NMP
90648,CN1CCCC1=O,-0.0777223503710938,XGBoost,CAT-Solv-47,42,NMP
90649,CN1CCCC1=O,-0.0594116943731282,XGBoost,CAT-Solv-47,42,NMP
90650,CN1CCCC1=O,-0.0336610305611186,XGBoost,CAT-Solv-47,42,NMP
90651,CN1CCCC1=O,0.0206736399876569,XGBoost,CAT-Solv-47,42,NMP
90652,CN1CCCC1=O,-0.0102336739500172,XGBoost,CAT-Solv-47,42,NMP
90653,CN1CCCC1=O,0.0247281971589563,XGBoost,CAT-Solv-47,42,NMP
90654,CN1CCCC1=O,0.0444306944601565,XGBoost,CAT-Solv-47,42,NMP
90655,CN1CCCC1=O,0.1355623053760613,XGBoost,CAT-Solv-47,42,NMP
90656,CN1CCCC1=O,0.0637573850776715,XGBoost,CAT-Solv-47,42,NMP
90657,CN1CCCC1=O,0.0915923734027752,XGBoost,CAT-Solv-47,42,NMP
90658,CN1CCCC1=O,0.1278564193915377,XGBoost,CAT-Solv-47,42,NMP
90664,CS(C)=O,0.0474884869599373,XGBoost,CAT-Solv-47,42,DMSO
90665,CS(C)=O,0.0512912131835546,XGBoost,CAT-Solv-47,42,DMSO
90666,CS(C)=O,0.1186647653075658,XGBoost,CAT-Solv-47,42,DMSO
90667,CS(C)=O,0.0709462315809477,XGBoost,CAT-Solv-47,42,DMSO
90668,CS(C)=O,0.0787557630025049,XGBoost,CAT-Solv-47,42,DMSO
90669,CS(C)=O,0.095480907799409,XGBoost,CAT-Solv-47,42,DMSO
90670,CS(C)=O,0.1068561647294401,XGBoost,CAT-Solv-47,42,DMSO
90671,CS(C)=O,0.1526267389615109,XGBoost,CAT-Solv-47,42,DMSO
90672,CS(C)=O,0.1181631585017312,XGBoost,CAT-Solv-47,42,DMSO
90673,CS(C)=O,0.1208983721958387,XGBoost,CAT-Solv-47,42,DMSO
90674,CS(C)=O,0.1688453602630093,XGBoost,CAT-Solv-47,42,DMSO
90675,CS(C)=O,0.1728046628989515,XGBoost,CAT-Solv-47,42,DMSO
90676,CS(C)=O,0.1825777839667435,XGBoost,CAT-Solv-47,42,DMSO
90677,CS(C)=O,0.2093252250045456,XGBoost,CAT-Solv-47,42,DMSO
90678,CS(C)=O,0.2331546862658561,XGBoost,CAT-Solv-47,42,DMSO
90679,CS(C)=O,0.1852500349386972,XGBoost,CAT-Solv-47,42,DMSO
90680,CS(C)=O,0.2249137557109818,XGBoost,CAT-Solv-47,42,DMSO
90681,CS(C)=O,0.2611017750635891,XGBoost,CAT-Solv-47,42,DMSO
90682,CS(C)=O,0.2531842725893001,XGBoost,CAT-Solv-47,42,DMSO
90683,CS(C)=O,0.2835606960828314,XGBoost,CAT-Solv-47,42,DMSO
90684,CS(C)=O,0.2136432558057905,XGBoost,CAT-Solv-47,42,DMSO
90685,CS(C)=O,0.2811019807368175,XGBoost,CAT-Solv-47,42,DMSO
90686,CS(C)=O,0.2815019336891183,XGBoost,CAT-Solv-47,42,DMSO
90687,CS(C)=O,0.3029418198225279,XGBoost,CAT-Solv-47,42,DMSO
90688,CS(C)=O,0.3063876167616412,XGBoost,CAT-Solv-47,42,DMSO
90689,CS(C)=O,0.2315960278940781,XGBoost,CAT-Solv-47,42,DMSO
90690,CS(C)=O,0.3362645371884221,XGBoost,CAT-Solv-47,42,DMSO
90691,CS(C)=O,0.3589888113119334,XGBoost,CAT-Solv-47,42,DMSO
90692,CS(C)=O,0.2402638715169645,XGBoost,CAT-Solv-47,42,DMSO
90693,CS(C)=O,0.3942960022792254,XGBoost,CAT-Solv-47,42,DMSO
90694,CS(C)=O,0.2689519866365931,XGBoost,CAT-Solv-47,42,DMSO
90754,CS(C)=O,-4.881972543879746,XGBoost,CAT-Solv-47,42,DMSO
90755,CS(C)=O,-4.831256527050135,XGBoost,CAT-Solv-47,42,DMSO
90756,CS(C)=O,-4.781790381951545,XGBoost,CAT-Solv-47,42,DMSO
90757,CS(C)=O,-4.721802889765373,XGBoost,CAT-Solv-47,42,DMSO
90758,CS(C)=O,-4.692766554351,XGBoost,CAT-Solv-47,42,DMSO
90789,OCCO,-0.5087580079931242,XGBoost,CAT-Solv-47,42,Ethylene glycol
90790,OCCO,-0.4081279934276143,XGBoost,CAT-Solv-47,42,Ethylene glycol
90791,OCCO,-0.3234940698007457,XGBoost,CAT-Solv-47,42,Ethylene glycol
90792,OCCO,-0.2560669911917451,XGBoost,CAT-Solv-47,42,Ethylene glycol
90793,OCCO,-0.1765310739728595,XGBoost,CAT-Solv-47,42,Ethylene glycol
90794,OCCO,-0.0985635742285448,XGBoost,CAT-Solv-47,42,Ethylene glycol
90795,OCCO,-0.0237051489814303,XGBoost,CAT-Solv-47,42,Ethylene glycol
90796,OCCO,0.0610189029950036,XGBoost,CAT-Solv-47,42,Ethylene glycol
90797,OCCO,0.1259300579797007,XGBoost,CAT-Solv-47,42,Ethylene glycol
90798,OCCO,0.1979053171516373,XGBoost,CAT-Solv-47,42,Ethylene glycol
91016,CN1CCCC1=O,-0.286453495000382,XGBoost,CAT-Solv-47,42,NMP
91017,CN1CCCC1=O,-0.2770498538456185,XGBoost,CAT-Solv-47,42,NMP
91018,CN1CCCC1=O,-0.2684353065416874,XGBoost,CAT-Solv-47,42,NMP
91019,CN1CCCC1=O,-0.2578209012210047,XGBoost,CAT-Solv-47,42,NMP
91020,CN1CCCC1=O,-0.2490950150622336,XGBoost,CAT-Solv-47,42,NMP
91021,CN1CCCC1=O,-0.2388246469265642,XGBoost,CAT-Solv-47,42,NMP
91022,CN1CCCC1=O,-0.2271868263402733,XGBoost,CAT-Solv-47,42,NMP
91023,CN1CCCC1=O,-0.2163821524907579,XGBoost,CAT-Solv-47,42,NMP
91024,CN1CCCC1=O,-0.2026327342335833,XGBoost,CAT-Solv-47,42,NMP
91025,CN1CCCC1=O,-0.1902641600985709,XGBoost,CAT-Solv-47,42,NMP
91026,CN1CCCC1=O,-0.1764313797958251,XGBoost,CAT-Solv-47,42,NMP
91027,CN1CCCC1=O,-0.1604646197037065,XGBoost,CAT-Solv-47,42,NMP
91028,CN1CCCC1=O,-0.1458523747804082,XGBoost,CAT-Solv-47,42,NMP
91029,CN1CCCC1=O,-0.1290406515733374,XGBoost,CAT-Solv-47,42,NMP
91030,CN1CCCC1=O,-0.1100737722517875,XGBoost,CAT-Solv-47,42,NMP
91031,CN1CCCC1=O,-0.0874698965863514,XGBoost,CAT-Solv-47,42,NMP
91586,CN1CCCC1=O,0.6089668158040984,XGBoost,CAT-Solv-47,42,NMP
91587,CN1CCCC1=O,0.6359007268641281,XGBoost,CAT-Solv-47,42,NMP
91588,CN1CCCC1=O,0.6626663565370047,XGBoost,CAT-Solv-47,42,NMP
91589,CN1CCCC1=O,0.6932648728539598,XGBoost,CAT-Solv-47,42,NMP
91590,CN1CCCC1=O,0.7240410149415731,XGBoost,CAT-Solv-47,42,NMP
91591,CN1CCCC1=O,0.7591080997496946,XGBoost,CAT-Solv-47,42,NMP
91592,CN1CCCC1=O,0.7942332166863365,XGBoost,CAT-Solv-47,42,NMP
91593,CN1CCCC1=O,0.835265032586499,XGBoost,CAT-Solv-47,42,NMP
91594,CN1CCCC1=O,0.8779839395758414,XGBoost,CAT-Solv-47,42,NMP
91595,CN1CCCC1=O,0.926837893648853,XGBoost,CAT-Solv-47,42,NMP
91606,CS(C)=O,0.64361213286274,XGBoost,CAT-Solv-47,42,DMSO
91607,CS(C)=O,0.6963435173696799,XGBoost,CAT-Solv-47,42,DMSO
91608,CS(C)=O,0.7502206196696414,XGBoost,CAT-Solv-47,42,DMSO
91609,CS(C)=O,0.8052004974086407,XGBoost,CAT-Solv-47,42,DMSO
91610,CS(C)=O,0.8631038509328842,XGBoost,CAT-Solv-47,42,DMSO
91611,CS(C)=O,0.9224553470179336,XGBoost,CAT-Solv-47,42,DMSO
91612,CS(C)=O,0.9826118741560128,XGBoost,CAT-Solv-47,42,DMSO
91716,CN1CCCC1=O,0.5194178985247062,XGBoost,CAT-Solv-47,42,NMP
91717,CN1CCCC1=O,0.5502552266589568,XGBoost,CAT-Solv-47,42,NMP
91718,CN1CCCC1=O,0.5811168771040959,XGBoost,CAT-Solv-47,42,NMP
91719,CN1CCCC1=O,0.6124812898593108,XGBoost,CAT-Solv-47,42,NMP
91720,CN1CCCC1=O,0.6437015146797619,XGBoost,CAT-Solv-47,42,NMP
91721,CN1CCCC1=O,0.6756674735167049,XGBoost,CAT-Solv-47,42,NMP
91722,CN1CCCC1=O,0.7092749414241611,XGBoost,CAT-Solv-47,42,NMP
91723,CN1CCCC1=O,0.7422997212597987,XGBoost,CAT-Solv-47,42,NMP
91732,CS(C)=O,0.3673533987819846,XGBoost,CAT-Solv-47,42,DMSO
91733,CS(C)=O,0.4059413479465311,XGBoost,CAT-Solv-47,42,DMSO
91734,CS(C)=O,0.4439160222938315,XGBoost,CAT-Solv-47,42,DMSO
91735,CS(C)=O,0.4810381993083867,XGBoost,CAT-Solv-47,42,DMSO
91736,CS(C)=O,0.5199428197974019,XGBoost,CAT-Solv-47,42,DMSO
91737,CS(C)=O,0.5597533357852842,XGBoost,CAT-Solv-47,42,DMSO
91738,CS(C)=O,0.5975691684943357,XGBoost,CAT-Solv-47,42,DMSO
91739,CS(C)=O,0.6384449365959991,XGBoost,CAT-Solv-47,42,DMSO
91833,CN1CCCC1=O,0.7698701959156219,XGBoost,CAT-Solv-47,42,NMP
91834,CN1CCCC1=O,0.8027701005547266,XGBoost,CAT-Solv-47,42,NMP
91835,CN1CCCC1=O,0.8357418138481216,XGBoost,CAT-Solv-47,42,NMP
91836,CN1CCCC1=O,0.8718770604157585,XGBoost,CAT-Solv-47,42,NMP
91837,CN1CCCC1=O,0.9099788243366524,XGBoost,CAT-Solv-47,42,NMP
91838,CN1CCCC1=O,0.9511329459058764,XGBoost,CAT-Solv-47,42,NMP
91839,CN1CCCC1=O,0.995312503877519,XGBoost,CAT-Solv-47,42,NMP
91840,CN1CCCC1=O,1.0437817207330478,XGBoost,CAT-Solv-47,42,NMP
91849,CS(C)=O,0.5237814205824562,XGBoost,CAT-Solv-47,42,DMSO
91850,CS(C)=O,0.5823605556450003,XGBoost,CAT-Solv-47,42,DMSO
91851,CS(C)=O,0.6447944618425004,XGBoost,CAT-Solv-47,42,DMSO
91852,CS(C)=O,0.7072547647397232,XGBoost,CAT-Solv-47,42,DMSO
91853,CS(C)=O,0.7699496034875477,XGBoost,CAT-Solv-47,42,DMSO
91854,CS(C)=O,0.8334866818464362,XGBoost,CAT-Solv-47,42,DMSO
91855,CS(C)=O,0.9003791948498283,XGBoost,CAT-Solv-47,42,DMSO
91856,CS(C)=O,0.9711613718900944,XGBoost,CAT-Solv-47,42,DMSO
91921,CS(C)=O,-1.5785713066159273,XGBoost,CAT-Solv-47,42,DMSO
91922,CS(C)=O,-1.362488130616878,XGBoost,CAT-Solv-47,42,DMSO
91923,CS(C)=O,-1.1906695270557344,XGBoost,CAT-Solv-47,42,DMSO
91924,CS(C)=O,-1.005220016550544,XGBoost,CAT-Solv-47,42,DMSO
91925,CS(C)=O,-0.8500046246843631,XGBoost,CAT-Solv-47,42,DMSO
91926,CS(C)=O,-0.618237250747527,XGBoost,CAT-Solv-47,42,DMSO
91927,CS(C)=O,-0.5018625030190853,XGBoost,CAT-Solv-47,42,DMSO
92049,CCCOC(C)=O,-1.2222196597276,XGBoost,CAT-Solv-47,42,n-Pr acetate
92050,CCCOC(C)=O,-1.1551088523090252,XGBoost,CAT-Solv-47,42,n-Pr acetate
92051,CCCOC(C)=O,-1.092782700395898,XGBoost,CAT-Solv-47,42,n-Pr acetate
92052,CCCOC(C)=O,-1.032176795106706,XGBoost,CAT-Solv-47,42,n-Pr acetate
92053,CCCOC(C)=O,-0.9715772168663914,XGBoost,CAT-Solv-47,42,n-Pr acetate
92054,CCCOC(C)=O,-0.9094444786280405,XGBoost,CAT-Solv-47,42,n-Pr acetate
92055,CCCOC(C)=O,-0.8460198667682925,XGBoost,CAT-Solv-47,42,n-Pr acetate
92056,CCCOC(C)=O,-0.7810129729497256,XGBoost,CAT-Solv-47,42,n-Pr acetate
92057,CCCOC(C)=O,-0.7149674600783611,XGBoost,CAT-Solv-47,42,n-Pr acetate
92139,C1CCCCC1,-0.2461991855275682,XGBoost,CAT-Solv-47,42,Cyclohexane
92140,C1CCCCC1,-0.1978789939024106,XGBoost,CAT-Solv-47,42,Cyclohexane
92141,C1CCCCC1,-0.1496286680046571,XGBoost,CAT-Solv-47,42,Cyclohexane
92142,C1CCCCC1,-0.106309959042699,XGBoost,CAT-Solv-47,42,Cyclohexane
92143,C1CCCCC1,-0.0550064666425083,XGBoost,CAT-Solv-47,42,Cyclohexane
92144,C1CCCCC1,0.0617812830440376,XGBoost,CAT-Solv-47,42,Cyclohexane
92145,C1CCCCC1,0.2250585338373702,XGBoost,CAT-Solv-47,42,Cyclohexane
92146,C1CCCCC1,0.4882497678952351,XGBoost,CAT-Solv-47,42,Cyclohexane
92147,C1CCCCC1,0.6807585520133155,XGBoost,CAT-Solv-47,42,Cyclohexane
92148,C1CCCCC1,0.9818679372192016,XGBoost,CAT-Solv-47,42,Cyclohexane
92149,C1CCCCC1,1.4396843033876852,XGBoost,CAT-Solv-47,42,Cyclohexane
92591,C1CCCCC1,-0.8837943998586175,XGBoost,CAT-Solv-47,42,Cyclohexane
92592,C1CCCCC1,-0.828065429248127,XGBoost,CAT-Solv-47,42,Cyclohexane
92593,C1CCCCC1,-0.7559305409559295,XGBoost,CAT-Solv-47,42,Cyclohexane
92594,C1CCCCC1,-0.72176633386623,XGBoost,CAT-Solv-47,42,Cyclohexane
92595,C1CCCCC1,-0.6946708114891903,XGBoost,CAT-Solv-47,42,Cyclohexane
92596,C1CCCCC1,-0.5956770482663111,XGBoost,CAT-Solv-47,42,Cyclohexane
92597,C1CCCCC1,-0.518283431341743,XGBoost,CAT-Solv-47,42,Cyclohexane
92598,C1CCCCC1,-0.4418218768351677,XGBoost,CAT-Solv-47,42,Cyclohexane
92599,C1CCCCC1,-0.3937531826210543,XGBoost,CAT-Solv-47,42,Cyclohexane
92600,C1CCCCC1,-0.3409939439748847,XGBoost,CAT-Solv-47,42,Cyclohexane
92601,C1CCCCC1,-0.2748815581845775,XGBoost,CAT-Solv-47,42,Cyclohexane
93034,C1CCCCC1,-1.1515761035143324,XGBoost,CAT-Solv-47,42,Cyclohexane
93035,C1CCCCC1,-1.005314929400259,XGBoost,CAT-Solv-47,42,Cyclohexane
93036,C1CCCCC1,-0.898514047641699,XGBoost,CAT-Solv-47,42,Cyclohexane
93037,C1CCCCC1,-0.7770298705577569,XGBoost,CAT-Solv-47,42,Cyclohexane
93038,C1CCCCC1,-0.6082657786315689,XGBoost,CAT-Solv-47,42,Cyclohexane
93039,C1CCCCC1,-0.6267443937213234,XGBoost,CAT-Solv-47,42,Cyclohexane
93040,C1CCCCC1,-0.440435992855597,XGBoost,CAT-Solv-47,42,Cyclohexane
93041,C1CCCCC1,-0.2922746903623825,XGBoost,CAT-Solv-47,42,Cyclohexane
93150,OCCO,-1.080032457072121,XGBoost,CAT-Solv-47,42,Ethylene glycol
93154,C1CCCCC1,-2.6833444215494704,XGBoost,CAT-Solv-47,42,Cyclohexane
93155,C1CCCCC1,-2.648257811247737,XGBoost,CAT-Solv-47,42,Cyclohexane
93156,C1CCCCC1,-2.583869460794529,XGBoost,CAT-Solv-47,42,Cyclohexane
93157,C1CCCCC1,-2.4425230122558856,XGBoost,CAT-Solv-47,42,Cyclohexane
93158,C1CCCCC1,-2.257980014859108,XGBoost,CAT-Solv-47,42,Cyclohexane
93159,C1CCCCC1,-2.0941948144231417,XGBoost,CAT-Solv-47,42,Cyclohexane
93160,C1CCCCC1,-1.9443023795683416,XGBoost,CAT-Solv-47,42,Cyclohexane
93161,C1CCCCC1,-1.7908542397395464,XGBoost,CAT-Solv-47,42,Cyclohexane
93162,C1CCCCC1,-1.6678067742586908,XGBoost,CAT-Solv-47,42,Cyclohexane
93181,CCCOC(C)=O,0.6451539976464838,XGBoost,CAT-Solv-47,42,n-Pr acetate
93182,CCCOC(C)=O,0.6833736968573642,XGBoost,CAT-Solv-47,42,n-Pr acetate
93183,CCCOC(C)=O,0.7312288625119232,XGBoost,CAT-Solv-47,42,n-Pr acetate
93184,CCCOC(C)=O,0.7842899004072791,XGBoost,CAT-Solv-47,42,n-Pr acetate
93185,CCCOC(C)=O,0.8497090639810292,XGBoost,CAT-Solv-47,42,n-Pr acetate
93186,CCCOC(C)=O,0.929584771880459,XGBoost,CAT-Solv-47,42,n-Pr acetate
93187,CCCOC(C)=O,1.0113155687441222,XGBoost,CAT-Solv-47,42,n-Pr acetate
93188,CCCOC(C)=O,1.0987984102316035,XGBoost,CAT-Solv-47,42,n-Pr acetate
93189,CCCOC(C)=O,1.2352664553623331,XGBoost,CAT-Solv-47,42,n-Pr acetate
93867,C1CCCCC1,-1.6141502260480811,XGBoost,CAT-Solv-47,42,Cyclohexane
93868,C1CCCCC1,-1.4865878598742035,XGBoost,CAT-Solv-47,42,Cyclohexane
93869,C1CCCCC1,-1.36575233218716,XGBoost,CAT-Solv-47,42,Cyclohexane
93870,C1CCCCC1,-1.2519099372784417,XGBoost,CAT-Solv-47,42,Cyclohexane
93871,C1CCCCC1,-1.1342013658417085,XGBoost,CAT-Solv-47,42,Cyclohexane
93872,C1CCCCC1,-1.0244902572750074,XGBoost,CAT-Solv-47,42,Cyclohexane
93873,C1CCCCC1,-0.9010127352394176,XGBoost,CAT-Solv-47,42,Cyclohexane
93909,CS(C)=O,0.6138971929543384,XGBoost,CAT-Solv-47,42,DMSO
93910,CS(C)=O,0.6798617140586642,XGBoost,CAT-Solv-47,42,DMSO
93911,CS(C)=O,0.7501654720203804,XGBoost,CAT-Solv-47,42,DMSO
93912,CS(C)=O,0.8225767975686173,XGBoost,CAT-Solv-47,42,DMSO
93913,CS(C)=O,0.9005464589919402,XGBoost,CAT-Solv-47,42,DMSO
93914,CS(C)=O,0.9771750972185298,XGBoost,CAT-Solv-47,42,DMSO
93915,CS(C)=O,1.0623048501477723,XGBoost,CAT-Solv-47,42,DMSO
94156,CCCOC(C)=O,-1.6975791891919885,XGBoost,CAT-Solv-47,42,n-Pr acetate
94157,CCCOC(C)=O,-1.652935484059911,XGBoost,CAT-Solv-47,42,n-Pr acetate
94158,CCCOC(C)=O,-1.607878662202221,XGBoost,CAT-Solv-47,42,n-Pr acetate
94159,CCCOC(C)=O,-1.562331358952396,XGBoost,CAT-Solv-47,42,n-Pr acetate
94160,CCCOC(C)=O,-1.52154322596006,XGBoost,CAT-Solv-47,42,n-Pr acetate
94161,CCCOC(C)=O,-1.4744773003868152,XGBoost,CAT-Solv-47,42,n-Pr acetate
94162,CCCOC(C)=O,-1.435196300945214,XGBoost,CAT-Solv-47,42,n-Pr acetate
94163,CCCOC(C)=O,-1.3966501171740195,XGBoost,CAT-Solv-47,42,n-Pr acetate
94164,CCCOC(C)=O,-1.3504332240332988,XGBoost,CAT-Solv-47,42,n-Pr acetate
94299,CS(C)=O,-2.392984354184748,XGBoost,CAT-Solv-47,42,DMSO
94300,CS(C)=O,-2.315299214794801,XGBoost,CAT-Solv-47,42,DMSO
94301,CS(C)=O,-2.238222501894005,XGBoost,CAT-Solv-47,42,DMSO
94302,CS(C)=O,-2.1619057566929634,XGBoost,CAT-Solv-47,42,DMSO
94303,CS(C)=O,-2.0861889020100466,XGBoost,CAT-Solv-47,42,DMSO
94304,CS(C)=O,-2.0111118492665923,XGBoost,CAT-Solv-47,42,DMSO
94305,CS(C)=O,-1.936733386010894,XGBoost,CAT-Solv-47,42,DMSO
94306,CS(C)=O,-1.8630893078824595,XGBoost,CAT-Solv-47,42,DMSO
94307,CS(C)=O,-1.7888512907398193,XGBoost,CAT-Solv-47,42,DMSO
94308,CS(C)=O,-1.710667434570008,XGBoost,CAT-Solv-47,42,DMSO
94309,CS(C)=O,-1.6310637374428294,XGBoost,CAT-Solv-47,42,DMSO
94310,CS(C)=O,-1.545677723646777,XGBoost,CAT-Solv-47,42,DMSO
94311,OCCO,-3.6980610772064426,XGBoost,CAT-Solv-47,42,Ethylene glycol
94312,OCCO,-3.587611315358558,XGBoost,CAT-Solv-47,42,Ethylene glycol
94313,OCCO,-3.4807907670505824,XGBoost,CAT-Solv-47,42,Ethylene glycol
94314,OCCO,-3.4024553272987648,XGBoost,CAT-Solv-47,42,Ethylene glycol
94315,OCCO,-3.280600353127127,XGBoost,CAT-Solv-47,42,Ethylene glycol
94316,OCCO,-3.208284786680275,XGBoost,CAT-Solv-47,42,Ethylene glycol
94317,OCCO,-3.1039834725441087,XGBoost,CAT-Solv-47,42,Ethylene glycol
94318,OCCO,-3.006307620461337,XGBoost,CAT-Solv-47,42,Ethylene glycol
94319,OCCO,-2.9339703033406934,XGBoost,CAT-Solv-47,42,Ethylene glycol
94780,C1CCCCC1,-5.603624186157173,XGBoost,CAT-Solv-47,42,Cyclohexane
94781,C1CCCCC1,-5.371975226389453,XGBoost,CAT-Solv-47,42,Cyclohexane
94782,C1CCCCC1,-5.222231197022476,XGBoost,CAT-Solv-47,42,Cyclohexane
94783,C1CCCCC1,-5.085030417309153,XGBoost,CAT-Solv-47,42,Cyclohexane
94784,C1CCCCC1,-4.951733318996166,XGBoost,CAT-Solv-47,42,Cyclohexane
94835,C1CCCCC1,-5.930901555062504,XGBoost,CAT-Solv-47,42,Cyclohexane
94836,C1CCCCC1,-5.563965967172873,XGBoost,CAT-Solv-47,42,Cyclohexane
94837,C1CCCCC1,-5.294060288245554,XGBoost,CAT-Solv-47,42,Cyclohexane
94838,C1CCCCC1,-5.034673111928962,XGBoost,CAT-Solv-47,42,Cyclohexane
94839,C1CCCCC1,-4.913310237956232,XGBoost,CAT-Solv-47,42,Cyclohexane
94896,CCCOC(C)=O,-2.743114259076891,XGBoost,CAT-Solv-47,42,n-Pr acetate
94910,CCCOC(C)=O,-1.7837717768568488,XGBoost,CAT-Solv-47,42,n-Pr acetate
94954,CCCOC(C)=O,-1.6221896893103311,XGBoost,CAT-Solv-47,42,n-Pr acetate
94972,C1CCCCC1,-4.2333186386221415,XGBoost,CAT-Solv-47,42,Cyclohexane
94973,C1CCCCC1,-3.975736916858348,XGBoost,CAT-Solv-47,42,Cyclohexane
94974,C1CCCCC1,-3.801584078479048,XGBoost,CAT-Solv-47,42,Cyclohexane
94975,C1CCCCC1,-3.643655043046561,XGBoost,CAT-Solv-47,42,Cyclohexane
94976,C1CCCCC1,-3.4728680116565953,XGBoost,CAT-Solv-47,42,Cyclohexane
95375,CS(C)=O,-0.1184773063770388,XGBoost,CAT-Solv-47,42,DMSO
95376,CS(C)=O,-0.0787469649907972,XGBoost,CAT-Solv-47,42,DMSO
95377,CS(C)=O,-0.0407974036118356,XGBoost,CAT-Solv-47,42,DMSO
95378,CS(C)=O,-0.006540279029524,XGBoost,CAT-Solv-47,42,DMSO
95379,CS(C)=O,0.0252578320825438,XGBoost,CAT-Solv-47,42,DMSO
95380,OCCO,-1.6331675436817252,XGBoost,CAT-Solv-47,42,Ethylene glycol
95381,OCCO,-1.5497186021835627,XGBoost,CAT-Solv-47,42,Ethylene glycol
95382,OCCO,-1.4708738837629696,XGBoost,CAT-Solv-47,42,Ethylene glycol
95383,OCCO,-1.3910177536154618,XGBoost,CAT-Solv-47,42,Ethylene glycol
95384,OCCO,-1.3239486252477524,XGBoost,CAT-Solv-47,42,Ethylene glycol
95476,CS(C)=O,0.9267560550516886,XGBoost,CAT-Solv-47,42,DMSO
95477,CS(C)=O,0.9395123754425236,XGBoost,CAT-Solv-47,42,DMSO
95478,CS(C)=O,0.957603478544104,XGBoost,CAT-Solv-47,42,DMSO
95479,CS(C)=O,0.977292113813426,XGBoost,CAT-Solv-47,42,DMSO
95480,CS(C)=O,0.994986995482409,XGBoost,CAT-Solv-47,42,DMSO
95481,OCCO,-1.0277323883277396,XGBoost,CAT-Solv-47,42,Ethylene glycol
95482,OCCO,-0.988412130802544,XGBoost,CAT-Solv-47,42,Ethylene glycol
95483,OCCO,-0.9387616605732764,XGBoost,CAT-Solv-47,42,Ethylene glycol
95484,OCCO,-0.8841471017722992,XGBoost,CAT-Solv-47,42,Ethylene glycol
95485,OCCO,-0.8347924195424895,XGBoost,CAT-Solv-47,42,Ethylene glycol
95537,C1CCCCC1,-2.888634272969211,XGBoost,CAT-Solv-47,42,Cyclohexane
95538,C1CCCCC1,-2.7546052180311857,XGBoost,CAT-Solv-47,42,Cyclohexane
95539,C1CCCCC1,-2.6427150704780473,XGBoost,CAT-Solv-47,42,Cyclohexane
95540,C1CCCCC1,-2.5448955741403574,XGBoost,CAT-Solv-47,42,Cyclohexane
95541,C1CCCCC1,-2.4467132342302924,XGBoost,CAT-Solv-47,42,Cyclohexane
95542,C1CCCCC1,-2.363030013323357,XGBoost,CAT-Solv-47,42,Cyclohexane
95543,C1CCCCC1,-2.286081810406409,XGBoost,CAT-Solv-47,42,Cyclohexane
95544,C1CCCCC1,-2.2055829059055614,XGBoost,CAT-Solv-47,42,Cyclohexane
95861,CN1CCCC1=O,-1.3293237071011823,XGBoost,CAT-Solv-47,42,NMP
95862,CN1CCCC1=O,-1.2426048387559043,XGBoost,CAT-Solv-47,42,NMP
95863,CN1CCCC1=O,-1.2549278092227072,XGBoost,CAT-Solv-47,42,NMP
95864,CN1CCCC1=O,-1.1833052805586857,XGBoost,CAT-Solv-47,42,NMP
95865,CN1CCCC1=O,-1.193357630740448,XGBoost,CAT-Solv-47,42,NMP
95866,CN1CCCC1=O,-1.1204004014138549,XGBoost,CAT-Solv-47,42,NMP
95867,CN1CCCC1=O,-1.1288153330528556,XGBoost,CAT-Solv-47,42,NMP
95868,CN1CCCC1=O,-1.0608559448670931,XGBoost,CAT-Solv-47,42,NMP
95869,CN1CCCC1=O,-1.0700589970165193,XGBoost,CAT-Solv-47,42,NMP
95870,CN1CCCC1=O,-1.0072548114104636,XGBoost,CAT-Solv-47,42,NMP
95871,CN1CCCC1=O,-1.0122789606843814,XGBoost,CAT-Solv-47,42,NMP
95872,CN1CCCC1=O,-0.9459647460644666,XGBoost,CAT-Solv-47,42,NMP
95873,CN1CCCC1=O,-0.9599539818479842,XGBoost,CAT-Solv-47,42,NMP
95874,CN1CCCC1=O,-0.8868416381394285,XGBoost,CAT-Solv-47,42,NMP
95875,CN1CCCC1=O,-0.9055839759974382,XGBoost,CAT-Solv-47,42,NMP
95876,CN1CCCC1=O,-0.8291911548795363,XGBoost,CAT-Solv-47,42,NMP
95877,CN1CCCC1=O,-0.852334386057933,XGBoost,CAT-Solv-47,42,NMP
95878,CN1CCCC1=O,-0.8057488553793501,XGBoost,CAT-Solv-47,42,NMP
95888,CS(C)=O,-0.695238648665747,XGBoost,CAT-Solv-47,42,DMSO
95889,CS(C)=O,-0.5781851544057346,XGBoost,CAT-Solv-47,42,DMSO
95890,CS(C)=O,-0.4802931274194726,XGBoost,CAT-Solv-47,42,DMSO
95891,CS(C)=O,-0.3921749874860694,XGBoost,CAT-Solv-47,42,DMSO
95892,CS(C)=O,-0.3152598488165665,XGBoost,CAT-Solv-47,42,DMSO
96057,CN1CCCC1=O,0.3351377664808698,XGBoost,CAT-Solv-47,42,NMP
96058,CN1CCCC1=O,0.3598163107901614,XGBoost,CAT-Solv-47,42,NMP
96059,CN1CCCC1=O,0.3769021751711975,XGBoost,CAT-Solv-47,42,NMP
96060,CN1CCCC1=O,0.3972732290326551,XGBoost,CAT-Solv-47,42,NMP
96061,CN1CCCC1=O,0.4171722242888431,XGBoost,CAT-Solv-47,42,NMP
96062,CN1CCCC1=O,0.4349276577358943,XGBoost,CAT-Solv-47,42,NMP
96063,CN1CCCC1=O,0.4515629452473118,XGBoost,CAT-Solv-47,42,NMP
96064,CN1CCCC1=O,0.4688366729667028,XGBoost,CAT-Solv-47,42,NMP
96065,CN1CCCC1=O,0.4877696087814221,XGBoost,CAT-Solv-47,42,NMP
96066,CN1CCCC1=O,0.5079245782655651,XGBoost,CAT-Solv-47,42,NMP
96097,CS(C)=O,0.6445691867349427,XGBoost,CAT-Solv-47,42,DMSO
96098,CS(C)=O,0.6670997977806491,XGBoost,CAT-Solv-47,42,DMSO
96099,CS(C)=O,0.6880469896427531,XGBoost,CAT-Solv-47,42,DMSO
96100,CS(C)=O,0.7066268711161768,XGBoost,CAT-Solv-47,42,DMSO
96101,CS(C)=O,0.7305830535843807,XGBoost,CAT-Solv-47,42,DMSO
96102,CS(C)=O,0.7536832970068679,XGBoost,CAT-Solv-47,42,DMSO
96103,CS(C)=O,0.774943318853708,XGBoost,CAT-Solv-47,42,DMSO
96104,CS(C)=O,0.7999219649049684,XGBoost,CAT-Solv-47,42,DMSO
96105,CS(C)=O,0.8260639995623085,XGBoost,CAT-Solv-47,42,DMSO
96177,OCCO,-1.257444849085294,XGBoost,CAT-Solv-47,42,Ethylene glycol
96178,OCCO,-1.174928675682406,XGBoost,CAT-Solv-47,42,Ethylene glycol
96179,OCCO,-1.0947090086044933,XGBoost,CAT-Solv-47,42,Ethylene glycol
96180,OCCO,-1.01493133008322,XGBoost,CAT-Solv-47,42,Ethylene glycol
96181,OCCO,-0.9345140792931694,XGBoost,CAT-Solv-47,42,Ethylene glycol
96182,OCCO,-0.8649354020104547,XGBoost,CAT-Solv-47,42,Ethylene glycol
96183,OCCO,-0.7899549049034305,XGBoost,CAT-Solv-47,42,Ethylene glycol
96184,OCCO,-0.7218629990558872,XGBoost,CAT-Solv-47,42,Ethylene glycol
96185,OCCO,-0.6547279182237196,XGBoost,CAT-Solv-47,42,Ethylene glycol
96295,C1CCCCC1,-1.81781744871219,XGBoost,CAT-Solv-47,42,Cyclohexane
96296,C1CCCCC1,-1.6566579377125816,XGBoost,CAT-Solv-47,42,Cyclohexane
96297,C1CCCCC1,-1.5254486669407403,XGBoost,CAT-Solv-47,42,Cyclohexane
96298,C1CCCCC1,-1.4032892426632186,XGBoost,CAT-Solv-47,42,Cyclohexane
96299,C1CCCCC1,-1.2530829963950398,XGBoost,CAT-Solv-47,42,Cyclohexane
96300,C1CCCCC1,-1.122181836407379,XGBoost,CAT-Solv-47,42,Cyclohexane
96301,C1CCCCC1,-0.9947105768476088,XGBoost,CAT-Solv-47,42,Cyclohexane
96302,C1CCCCC1,-0.8816650257000616,XGBoost,CAT-Solv-47,42,Cyclohexane
96452,OCCO,-1.075560440486531,XGBoost,CAT-Solv-47,42,Ethylene glycol
96453,OCCO,-0.9564338427986064,XGBoost,CAT-Solv-47,42,Ethylene glycol
96454,OCCO,-0.8381654432869658,XGBoost,CAT-Solv-47,42,Ethylene glycol
96455,OCCO,-0.7188248766379148,XGBoost,CAT-Solv-47,42,Ethylene glycol
96456,OCCO,-0.5956925059597744,XGBoost,CAT-Solv-47,42,Ethylene glycol
96457,OCCO,-0.4670754571274799,XGBoost,CAT-Solv-47,42,Ethylene glycol
96458,OCCO,-0.3298603185943459,XGBoost,CAT-Solv-47,42,Ethylene glycol
96459,OCCO,-0.1842248276540417,XGBoost,CAT-Solv-47,42,Ethylene glycol
96460,OCCO,-0.05653838466873,XGBoost,CAT-Solv-47,42,Ethylene glycol
96461,OCCO,0.062496325563367,XGBoost,CAT-Solv-47,42,Ethylene glycol
96552,OCCO,-2.594785418731803,XGBoost,CAT-Solv-47,42,Ethylene glycol
96553,OCCO,-2.435121259402621,XGBoost,CAT-Solv-47,42,Ethylene glycol
96554,OCCO,-2.291007554253078,XGBoost,CAT-Solv-47,42,Ethylene glycol
96555,OCCO,-2.159624840287812,XGBoost,CAT-Solv-47,42,Ethylene glycol
96556,OCCO,-2.045324413696614,XGBoost,CAT-Solv-47,42,Ethylene glycol
96557,OCCO,-1.935942650009014,XGBoost,CAT-Solv-47,42,Ethylene glycol
96558,OCCO,-1.8232854862083303,XGBoost,CAT-Solv-47,42,Ethylene glycol
96559,OCCO,-1.707954519531169,XGBoost,CAT-Solv-47,42,Ethylene glycol
96560,OCCO,-1.6086572354965447,XGBoost,CAT-Solv-47,42,Ethylene glycol
96561,OCCO,-1.5128159000399315,XGBoost,CAT-Solv-47,42,Ethylene glycol
96572,C1CCCCC1,-5.352703134926664,XGBoost,CAT-Solv-47,42,Cyclohexane
96573,C1CCCCC1,-5.226192034594885,XGBoost,CAT-Solv-47,42,Cyclohexane
96574,C1CCCCC1,-5.148621727739006,XGBoost,CAT-Solv-47,42,Cyclohexane
96575,C1CCCCC1,-5.028643700023436,XGBoost,CAT-Solv-47,42,Cyclohexane
96576,C1CCCCC1,-4.94528751351641,XGBoost,CAT-Solv-47,42,Cyclohexane
96577,C1CCCCC1,-4.834929025007821,XGBoost,CAT-Solv-47,42,Cyclohexane
96578,C1CCCCC1,-4.75068014025749,XGBoost,CAT-Solv-47,42,Cyclohexane
96579,C1CCCCC1,-4.653141503142095,XGBoost,CAT-Solv-47,42,Cyclohexane
96580,C1CCCCC1,-4.565030661599678,XGBoost,CAT-Solv-47,42,Cyclohexane
96581,C1CCCCC1,-4.476419999773355,XGBoost,CAT-Solv-47,42,Cyclohexane
96582,C1CCCCC1,-4.41507242564414,XGBoost,CAT-Solv-47,42,Cyclohexane
96714,CN1CCCC1=O,-0.7921255858853083,XGBoost,CAT-Solv-47,42,NMP
96715,CN1CCCC1=O,-0.7397235931596118,XGBoost,CAT-Solv-47,42,NMP
96716,CN1CCCC1=O,-0.6704592289158156,XGBoost,CAT-Solv-47,42,NMP
96717,CN1CCCC1=O,-0.6294806622893997,XGBoost,CAT-Solv-47,42,NMP
96718,CN1CCCC1=O,-0.5738367964007126,XGBoost,CAT-Solv-47,42,NMP
96719,CN1CCCC1=O,-0.5249608979711675,XGBoost,CAT-Solv-47,42,NMP
96720,CN1CCCC1=O,-0.4679698883175686,XGBoost,CAT-Solv-47,42,NMP
96721,CN1CCCC1=O,-0.4296219748322626,XGBoost,CAT-Solv-47,42,NMP
96722,CN1CCCC1=O,-0.3825896245305084,XGBoost,CAT-Solv-47,42,NMP
96723,CN1CCCC1=O,-0.339870303927591,XGBoost,CAT-Solv-47,42,NMP
96724,CN1CCCC1=O,-0.2924008544451961,XGBoost,CAT-Solv-47,42,NMP
96725,CN1CCCC1=O,-0.2488026468941687,XGBoost,CAT-Solv-47,42,NMP
97082,CCCOC(C)=O,-0.5159891052032218,XGBoost,CAT-Solv-47,42,n-Pr acetate
97083,CCCOC(C)=O,-0.4243469611912103,XGBoost,CAT-Solv-47,42,n-Pr acetate
97084,CCCOC(C)=O,-0.2921109512473596,XGBoost,CAT-Solv-47,42,n-Pr acetate
97085,CCCOC(C)=O,-0.1773331324728131,XGBoost,CAT-Solv-47,42,n-Pr acetate
97086,CCCOC(C)=O,-0.0360077915156064,XGBoost,CAT-Solv-47,42,n-Pr acetate
97087,CCCOC(C)=O,0.1121477234988031,XGBoost,CAT-Solv-47,42,n-Pr acetate
97088,CCCOC(C)=O,0.3306570141192226,XGBoost,CAT-Solv-47,42,n-Pr acetate
97089,CCCOC(C)=O,0.4857528820292061,XGBoost,CAT-Solv-47,42,n-Pr acetate
97090,CCCOC(C)=O,0.6722712175984716,XGBoost,CAT-Solv-47,42,n-Pr acetate
97371,CCCOC(C)=O,-1.1358670989477535,XGBoost,CAT-Solv-47,42,n-Pr acetate
97372,CCCOC(C)=O,-1.034890895765824,XGBoost,CAT-Solv-47,42,n-Pr acetate
97373,CCCOC(C)=O,-0.9459982773355572,XGBoost,CAT-Solv-47,42,n-Pr acetate
97374,CCCOC(C)=O,-0.846052107162954,XGBoost,CAT-Solv-47,42,n-Pr acetate
97375,CCCOC(C)=O,-0.7603340613563492,XGBoost,CAT-Solv-47,42,n-Pr acetate
97376,CCCOC(C)=O,-0.6617004845717976,XGBoost,CAT-Solv-47,42,n-Pr acetate
97377,CCCOC(C)=O,-0.5511017690806932,XGBoost,CAT-Solv-47,42,n-Pr acetate
97378,CCCOC(C)=O,-0.4402042519248724,XGBoost,CAT-Solv-47,42,n-Pr acetate
97379,CCCOC(C)=O,-0.3115529490273886,XGBoost,CAT-Solv-47,42,n-Pr acetate
97728,CCCOC(C)=O,-2.5096253844752523,XGBoost,CAT-Solv-47,42,n-Pr acetate
97729,CCCOC(C)=O,-2.386621114119296,XGBoost,CAT-Solv-47,42,n-Pr acetate
97730,CCCOC(C)=O,-2.2725467460901334,XGBoost,CAT-Solv-47,42,n-Pr acetate
97731,CCCOC(C)=O,-2.15847122497376,XGBoost,CAT-Solv-47,42,n-Pr acetate
97732,CCCOC(C)=O,-2.050792793023482,XGBoost,CAT-Solv-47,42,n-Pr acetate
97733,CCCOC(C)=O,-1.948276383331188,XGBoost,CAT-Solv-47,42,n-Pr acetate
97734,CCCOC(C)=O,-1.8336189528434657,XGBoost,CAT-Solv-47,42,n-Pr acetate
97735,CCCOC(C)=O,-1.7276599078701782,XGBoost,CAT-Solv-47,42,n-Pr acetate
97736,CCCOC(C)=O,-1.6092871049499808,XGBoost,CAT-Solv-47,42,n-Pr acetate
97915,CCCOC(C)=O,-3.535449111611648,XGBoost,CAT-Solv-47,42,n-Pr acetate
98072,OCCO,-0.0494292720858927,XGBoost,CAT-Solv-47,42,Ethylene glycol
98073,OCCO,-0.0362704851116003,XGBoost,CAT-Solv-47,42,Ethylene glycol
98074,OCCO,-0.0184624877806631,XGBoost,CAT-Solv-47,42,Ethylene glycol
98075,OCCO,-0.0024180574371764,XGBoost,CAT-Solv-47,42,Ethylene glycol
98076,OCCO,0.0152941173607852,XGBoost,CAT-Solv-47,42,Ethylene glycol
98077,OCCO,0.0321881459773958,XGBoost,CAT-Solv-47,42,Ethylene glycol
98078,OCCO,0.0542641115651688,XGBoost,CAT-Solv-47,42,Ethylene glycol
98079,OCCO,0.0752773546911999,XGBoost,CAT-Solv-47,42,Ethylene glycol
98080,OCCO,0.0988410678552614,XGBoost,CAT-Solv-47,42,Ethylene glycol
98158,OCCO,-3.6777504786795623,XGBoost,CAT-Solv-47,42,Ethylene glycol
98159,OCCO,-3.5732924094710503,XGBoost,CAT-Solv-47,42,Ethylene glycol
98160,OCCO,-3.4638662390677513,XGBoost,CAT-Solv-47,42,Ethylene glycol
98161,OCCO,-3.360650418362958,XGBoost,CAT-Solv-47,42,Ethylene glycol
98162,OCCO,-3.214859712236539,XGBoost,CAT-Solv-47,42,Ethylene glycol
98163,OCCO,-3.124704273282076,XGBoost,CAT-Solv-47,42,Ethylene glycol
98164,OCCO,-2.9787932899952683,XGBoost,CAT-Solv-47,42,Ethylene glycol
98165,OCCO,-2.906048495215541,XGBoost,CAT-Solv-47,42,Ethylene glycol
98166,OCCO,-2.8191832745590437,XGBoost,CAT-Solv-47,42,Ethylene glycol
98225,C1CCCCC1,-2.4402366042451344,XGBoost,CAT-Solv-47,42,Cyclohexane
98226,C1CCCCC1,-2.230267722082889,XGBoost,CAT-Solv-47,42,Cyclohexane
98227,C1CCCCC1,-2.0695188289363227,XGBoost,CAT-Solv-47,42,Cyclohexane
98228,C1CCCCC1,-1.934740754974838,XGBoost,CAT-Solv-47,42,Cyclohexane
98229,C1CCCCC1,-1.827855495591864,XGBoost,CAT-Solv-47,42,Cyclohexane
98230,C1CCCCC1,-1.706882001377301,XGBoost,CAT-Solv-47,42,Cyclohexane
98231,C1CCCCC1,-1.6209508001037096,XGBoost,CAT-Solv-47,42,Cyclohexane
98232,C1CCCCC1,-1.527387278917974,XGBoost,CAT-Solv-47,42,Cyclohexane
98233,C1CCCCC1,-1.4451770683225489,XGBoost,CAT-Solv-47,42,Cyclohexane
98744,CN1CCCC1=O,-1.1075101692247675,XGBoost,CAT-Solv-47,42,NMP
98745,CN1CCCC1=O,-1.0073580479632245,XGBoost,CAT-Solv-47,42,NMP
98746,CN1CCCC1=O,-0.9036411357983268,XGBoost,CAT-Solv-47,42,NMP
98747,CN1CCCC1=O,-0.8086924188130208,XGBoost,CAT-Solv-47,42,NMP
98748,CN1CCCC1=O,-0.7226826646456548,XGBoost,CAT-Solv-47,42,NMP
98749,CN1CCCC1=O,-0.6398931219226749,XGBoost,CAT-Solv-47,42,NMP
98750,CN1CCCC1=O,-0.5531939650691244,XGBoost,CAT-Solv-47,42,NMP
98751,CN1CCCC1=O,-0.4631550662852953,XGBoost,CAT-Solv-47,42,NMP
98752,CN1CCCC1=O,-0.3753521792682732,XGBoost,CAT-Solv-47,42,NMP
98753,CN1CCCC1=O,-0.2971023741254126,XGBoost,CAT-Solv-47,42,NMP
98801,CN1CCCC1=O,-1.21903675165776,XGBoost,CAT-Solv-47,42,NMP
98802,CN1CCCC1=O,-1.146812697533354,XGBoost,CAT-Solv-47,42,NMP
98803,CN1CCCC1=O,-1.0667386143654456,XGBoost,CAT-Solv-47,42,NMP
98804,CN1CCCC1=O,-0.9998851102488538,XGBoost,CAT-Solv-47,42,NMP
98805,CN1CCCC1=O,-0.932702096051956,XGBoost,CAT-Solv-47,42,NMP
98806,CN1CCCC1=O,-0.8479508776975777,XGBoost,CAT-Solv-47,42,NMP
98807,CN1CCCC1=O,-0.7762228442413052,XGBoost,CAT-Solv-47,42,NMP
98808,CN1CCCC1=O,-0.7130797985190999,XGBoost,CAT-Solv-47,42,NMP
98809,CN1CCCC1=O,-0.6445297733459522,XGBoost,CAT-Solv-47,42,NMP
98810,CS(C)=O,-1.378523028009367,XGBoost,CAT-Solv-47,42,DMSO
98811,CS(C)=O,-1.2743215114764983,XGBoost,CAT-Solv-47,42,DMSO
98812,CS(C)=O,-1.1716955863719107,XGBoost,CAT-Solv-47,42,DMSO
98813,CS(C)=O,-1.0527805666104673,XGBoost,CAT-Solv-47,42,DMSO
98814,CS(C)=O,-0.9562356782533076,XGBoost,CAT-Solv-47,42,DMSO
98815,CS(C)=O,-0.8583752947988965,XGBoost,CAT-Solv-47,42,DMSO
98816,CS(C)=O,-0.7665588371527501,XGBoost,CAT-Solv-47,42,DMSO
98817,CS(C)=O,-0.6699065387003305,XGBoost,CAT-Solv-47,42,DMSO
98818,CS(C)=O,-0.5858992926680077,XGBoost,CAT-Solv-47,42,DMSO
98896,CCCOC(C)=O,-1.2852890628630778,XGBoost,CAT-Solv-47,42,n-Pr acetate
99050,CCCOC(C)=O,-0.8709238825262567,XGBoost,CAT-Solv-47,42,n-Pr acetate
99051,CCCOC(C)=O,-0.7966437430824033,XGBoost,CAT-Solv-47,42,n-Pr acetate
99052,CCCOC(C)=O,-0.7205265623043952,XGBoost,CAT-Solv-47,42,n-Pr acetate
99053,CCCOC(C)=O,-0.6504036303319848,XGBoost,CAT-Solv-47,42,n-Pr acetate
99054,CCCOC(C)=O,-0.5771995966643021,XGBoost,CAT-Solv-47,42,n-Pr acetate
99055,CCCOC(C)=O,-0.5000887927963755,XGBoost,CAT-Solv-47,42,n-Pr acetate
99056,CCCOC(C)=O,-0.4316541562896951,XGBoost,CAT-Solv-47,42,n-Pr acetate
99057,CCCOC(C)=O,-0.3553302396914796,XGBoost,CAT-Solv-47,42,n-Pr acetate
99058,CCCOC(C)=O,-0.2798221514458078,XGBoost,CAT-Solv-47,42,n-Pr acetate
99059,CCCOC(C)=O,-0.2036896677146689,XGBoost,CAT-Solv-47,42,n-Pr acetate
99112,C1CCCCC1,-2.2946593628572662,XGBoost,CAT-Solv-47,42,Cyclohexane
99113,C1CCCCC1,-2.060862081979148,XGBoost,CAT-Solv-47,42,Cyclohexane
99114,C1CCCCC1,-1.8405124153841492,XGBoost,CAT-Solv-47,42,Cyclohexane
99115,C1CCCCC1,-1.6186164223925084,XGBoost,CAT-Solv-47,42,Cyclohexane
99116,C1CCCCC1,-1.439641427668349,XGBoost,CAT-Solv-47,42,Cyclohexane
99117,C1CCCCC1,-1.2758013654943932,XGBoost,CAT-Solv-47,42,Cyclohexane
99118,C1CCCCC1,-1.136813902279526,XGBoost,CAT-Solv-47,42,Cyclohexane
99225,CN1CCCC1=O,-2.7964883719239255,XGBoost,CAT-Solv-47,42,NMP
99226,CN1CCCC1=O,-2.7787969662539465,XGBoost,CAT-Solv-47,42,NMP
99227,CN1CCCC1=O,-2.761787816597669,XGBoost,CAT-Solv-47,42,NMP
99228,CN1CCCC1=O,-2.7384285855262744,XGBoost,CAT-Solv-47,42,NMP
99229,CN1CCCC1=O,-2.7000863464431677,XGBoost,CAT-Solv-47,42,NMP
99230,CN1CCCC1=O,-2.659332866828607,XGBoost,CAT-Solv-47,42,NMP
99231,CN1CCCC1=O,-2.6146970143977044,XGBoost,CAT-Solv-47,42,NMP
99239,OCCO,-1.0168944295784776,XGBoost,CAT-Solv-47,42,Ethylene glycol
99240,OCCO,-0.9195831969588976,XGBoost,CAT-Solv-47,42,Ethylene glycol
99241,OCCO,-0.8280772133026459,XGBoost,CAT-Solv-47,42,Ethylene glycol
99242,OCCO,-0.7406397931256922,XGBoost,CAT-Solv-47,42,Ethylene glycol
99243,OCCO,-0.6476884976762772,XGBoost,CAT-Solv-47,42,Ethylene glycol
99244,OCCO,-0.5698137236820933,XGBoost,CAT-Solv-47,42,Ethylene glycol
99245,OCCO,-0.489127603693628,XGBoost,CAT-Solv-47,42,Ethylene glycol
99246,OCCO,-0.4082500945433616,XGBoost,CAT-Solv-47,42,Ethylene glycol
99247,OCCO,-0.3333808306310323,XGBoost,CAT-Solv-47,42,Ethylene glycol
99248,OCCO,-0.2631686537977096,XGBoost,CAT-Solv-47,42,Ethylene glycol
99369,OCCO,-1.4796529836245391,XGBoost,CAT-Solv-47,42,Ethylene glycol
99370,OCCO,-1.3972456567835867,XGBoost,CAT-Solv-47,42,Ethylene glycol
99371,OCCO,-1.289554464245523,XGBoost,CAT-Solv-47,42,Ethylene glycol
99372,OCCO,-1.2006077592477944,XGBoost,CAT-Solv-47,42,Ethylene glycol
99373,OCCO,-1.0999658278269655,XGBoost,CAT-Solv-47,42,Ethylene glycol
99833,CS(C)=O,-0.302969444704487,XGBoost,CAT-Solv-47,42,DMSO
99834,CS(C)=O,-0.2532995161337477,XGBoost,CAT-Solv-47,42,DMSO
99835,CS(C)=O,-0.2040240919185698,XGBoost,CAT-Solv-47,42,DMSO
99836,CS(C)=O,-0.1508452766014655,XGBoost,CAT-Solv-47,42,DMSO
99837,CS(C)=O,-0.1024731000192482,XGBoost,CAT-Solv-47,42,DMSO
99838,CS(C)=O,-0.0515896569216056,XGBoost,CAT-Solv-47,42,DMSO
99839,CS(C)=O,0.0006878848393211,XGBoost,CAT-Solv-47,42,DMSO
99840,CS(C)=O,0.0489256139486645,XGBoost,CAT-Solv-47,42,DMSO
99841,CS(C)=O,0.0980322223678852,XGBoost,CAT-Solv-47,42,DMSO
99842,CS(C)=O,0.1517402411497289,XGBoost,CAT-Solv-47,42,DMSO
99843,CS(C)=O,0.2029530480533896,XGBoost,CAT-Solv-47,42,DMSO
99844,CS(C)=O,0.2545425480962288,XGBoost,CAT-Solv-47,42,DMSO
99845,CS(C)=O,0.3075265534302367,XGBoost,CAT-Solv-47,42,DMSO
99846,CS(C)=O,0.3591518773450386,XGBoost,CAT-Solv-47,42,DMSO
99847,CS(C)=O,0.4111576498766568,XGBoost,CAT-Solv-47,42,DMSO
99908,CCCOC(C)=O,-1.213192671595316,XGBoost,CAT-Solv-47,42,n-Pr acetate
99909,CCCOC(C)=O,-1.154226474595346,XGBoost,CAT-Solv-47,42,n-Pr acetate
99910,CCCOC(C)=O,-1.0833083623753093,XGBoost,CAT-Solv-47,42,n-Pr acetate
99911,CCCOC(C)=O,-0.9896788281326911,XGBoost,CAT-Solv-47,42,n-Pr acetate
99912,CCCOC(C)=O,-0.91263392428808,XGBoost,CAT-Solv-47,42,n-Pr acetate
99913,CCCOC(C)=O,-0.8560968569140499,XGBoost,CAT-Solv-47,42,n-Pr acetate
99914,CCCOC(C)=O,-0.790813180421135,XGBoost,CAT-Solv-47,42,n-Pr acetate
99915,CCCOC(C)=O,-0.7239062769502504,XGBoost,CAT-Solv-47,42,n-Pr acetate
99916,CCCOC(C)=O,-0.6688490562750797,XGBoost,CAT-Solv-47,42,n-Pr acetate
100175,C1CCCCC1,-4.386374274872509,XGBoost,CAT-Solv-47,42,Cyclohexane
100176,C1CCCCC1,-4.28741930432371,XGBoost,CAT-Solv-47,42,Cyclohexane
100177,C1CCCCC1,-4.182956932840915,XGBoost,CAT-Solv-47,42,Cyclohexane
100178,C1CCCCC1,-4.079993431108841,XGBoost,CAT-Solv-47,42,Cyclohexane
100179,C1CCCCC1,-3.971928893064056,XGBoost,CAT-Solv-47,42,Cyclohexane
100180,C1CCCCC1,-3.865867094526663,XGBoost,CAT-Solv-47,42,Cyclohexane
100181,C1CCCCC1,-3.767589586177661,XGBoost,CAT-Solv-47,42,Cyclohexane
100182,C1CCCCC1,-3.6884496386451553,XGBoost,CAT-Solv-47,42,Cyclohexane
100183,C1CCCCC1,-3.5985253576137133,XGBoost,CAT-Solv-47,42,Cyclohexane
100373,OCCO,-0.6008490184391105,XGBoost,CAT-Solv-47,42,Ethylene glycol
100374,OCCO,-0.571759144016661,XGBoost,CAT-Solv-47,42,Ethylene glycol
100375,OCCO,-0.5304772869375668,XGBoost,CAT-Solv-47,42,Ethylene glycol
100376,OCCO,-0.4966708935648291,XGBoost,CAT-Solv-47,42,Ethylene glycol
100377,OCCO,-0.4556723989812805,XGBoost,CAT-Solv-47,42,Ethylene glycol
100378,OCCO,-0.4268540070705371,XGBoost,CAT-Solv-47,42,Ethylene glycol
100379,OCCO,-0.3989064599815996,XGBoost,CAT-Solv-47,42,Ethylene glycol
100380,OCCO,-0.3663625559760105,XGBoost,CAT-Solv-47,42,Ethylene glycol
100381,OCCO,-0.3379127265934799,XGBoost,CAT-Solv-47,42,Ethylene glycol
100557,CN1CCCC1=O,-0.1582091265282361,XGBoost,CAT-Solv-47,42,NMP
100558,CN1CCCC1=O,-0.1040204332233546,XGBoost,CAT-Solv-47,42,NMP
100559,CN1CCCC1=O,-0.0699677927141771,XGBoost,CAT-Solv-47,42,NMP
100560,CN1CCCC1=O,-0.0496564031725363,XGBoost,CAT-Solv-47,42,NMP
100565,CS(C)=O,-1.2098651358395032,XGBoost,CAT-Solv-47,42,DMSO
100566,CS(C)=O,-1.206876322626989,XGBoost,CAT-Solv-47,42,DMSO
100567,CS(C)=O,-1.1832457597681063,XGBoost,CAT-Solv-47,42,DMSO
100568,CS(C)=O,-1.1577764097859835,XGBoost,CAT-Solv-47,42,DMSO
100622,C1CCCCC1,-0.9907289234421784,XGBoost,CAT-Solv-47,42,Cyclohexane
100974,CCCOC(C)=O,-1.7223466773349685,XGBoost,CAT-Solv-47,42,n-Pr acetate
100975,CCCOC(C)=O,-1.6404034885069183,XGBoost,CAT-Solv-47,42,n-Pr acetate
100976,CCCOC(C)=O,-1.525292469503993,XGBoost,CAT-Solv-47,42,n-Pr acetate
100977,CCCOC(C)=O,-1.425170294871192,XGBoost,CAT-Solv-47,42,n-Pr acetate
100978,CCCOC(C)=O,-1.3309923092748015,XGBoost,CAT-Solv-47,42,n-Pr acetate
100979,CCCOC(C)=O,-1.2315387139315634,XGBoost,CAT-Solv-47,42,n-Pr acetate
100980,CCCOC(C)=O,-1.1284038476660552,XGBoost,CAT-Solv-47,42,n-Pr acetate
100981,CCCOC(C)=O,-1.042869626539837,XGBoost,CAT-Solv-47,42,n-Pr acetate
100982,CCCOC(C)=O,-0.9555111227578952,XGBoost,CAT-Solv-47,42,n-Pr acetate
101061,C1CCCCC1,-4.477243762484025,XGBoost,CAT-Solv-47,42,Cyclohexane
101062,C1CCCCC1,-4.435068486604311,XGBoost,CAT-Solv-47,42,Cyclohexane
101063,C1CCCCC1,-4.393457406790068,XGBoost,CAT-Solv-47,42,Cyclohexane
101064,C1CCCCC1,-4.374899181126256,XGBoost,CAT-Solv-47,42,Cyclohexane
101065,C1CCCCC1,-4.331151996108288,XGBoost,CAT-Solv-47,42,Cyclohexane
101066,C1CCCCC1,-4.303984711912928,XGBoost,CAT-Solv-47,42,Cyclohexane
101067,C1CCCCC1,-4.260633290849181,XGBoost,CAT-Solv-47,42,Cyclohexane
101068,C1CCCCC1,-4.230633775313001,XGBoost,CAT-Solv-47,42,Cyclohexane
101069,C1CCCCC1,-4.199264646372872,XGBoost,CAT-Solv-47,42,Cyclohexane
101070,C1CCCCC1,-4.1655647237201405,XGBoost,CAT-Solv-47,42,Cyclohexane
101071,C1CCCCC1,-4.130115123701775,XGBoost,CAT-Solv-47,42,Cyclohexane
101072,C1CCCCC1,-4.090172267226449,XGBoost,CAT-Solv-47,42,Cyclohexane
101073,C1CCCCC1,-4.06216471506151,XGBoost,CAT-Solv-47,42,Cyclohexane
101074,C1CCCCC1,-4.027180911992831,XGBoost,CAT-Solv-47,42,Cyclohexane
101075,C1CCCCC1,-4.000743883306008,XGBoost,CAT-Solv-47,42,Cyclohexane
101226,CS(C)=O,0.7333924355082394,XGBoost,CAT-Solv-47,42,DMSO
101227,CS(C)=O,0.7603797458196321,XGBoost,CAT-Solv-47,42,DMSO
101228,CS(C)=O,0.7862156679304129,XGBoost,CAT-Solv-47,42,DMSO
101229,CS(C)=O,0.8116143173415217,XGBoost,CAT-Solv-47,42,DMSO
101230,CS(C)=O,0.8366414802240744,XGBoost,CAT-Solv-47,42,DMSO
101231,CS(C)=O,0.8615117128617352,XGBoost,CAT-Solv-47,42,DMSO
101232,CS(C)=O,0.885156493139415,XGBoost,CAT-Solv-47,42,DMSO
101233,CS(C)=O,0.9091483406461924,XGBoost,CAT-Solv-47,42,DMSO
101234,CS(C)=O,0.935324421997425,XGBoost,CAT-Solv-47,42,DMSO
101235,CS(C)=O,0.9600509883820212,XGBoost,CAT-Solv-47,42,DMSO
101236,CS(C)=O,0.984094544425907,XGBoost,CAT-Solv-47,42,DMSO
101252,C1CCCCC1,-5.7275432136217965,XGBoost,CAT-Solv-47,42,Cyclohexane
101253,C1CCCCC1,-5.431696862121222,XGBoost,CAT-Solv-47,42,Cyclohexane
101254,C1CCCCC1,-5.260908323014516,XGBoost,CAT-Solv-47,42,Cyclohexane
101255,C1CCCCC1,-5.003092191552494,XGBoost,CAT-Solv-47,42,Cyclohexane
101256,C1CCCCC1,-4.7712887768367915,XGBoost,CAT-Solv-47,42,Cyclohexane
101297,CS(C)=O,-1.7751852093967553,XGBoost,CAT-Solv-47,42,DMSO
101298,CS(C)=O,-1.6755750199481017,XGBoost,CAT-Solv-47,42,DMSO
101299,CS(C)=O,-1.4965146175272976,XGBoost,CAT-Solv-47,42,DMSO
101300,CS(C)=O,-1.356724582545776,XGBoost,CAT-Solv-47,42,DMSO
101311,C1CCCCC1,-0.4820715055179209,XGBoost,CAT-Solv-47,42,Cyclohexane
101312,C1CCCCC1,-0.3881871890426427,XGBoost,CAT-Solv-47,42,Cyclohexane
101313,C1CCCCC1,-0.2919262189245495,XGBoost,CAT-Solv-47,42,Cyclohexane
101314,C1CCCCC1,-0.1658169030658136,XGBoost,CAT-Solv-47,42,Cyclohexane
101315,C1CCCCC1,-0.0909813858767775,XGBoost,CAT-Solv-47,42,Cyclohexane
101316,C1CCCCC1,0.0107159404859606,XGBoost,CAT-Solv-47,42,Cyclohexane
101317,C1CCCCC1,0.1356705756077464,XGBoost,CAT-Solv-47,42,Cyclohexane
101427,CCCOC(C)=O,-0.1394142380714761,XGBoost,CAT-Solv-47,42,n-Pr acetate
101428,CCCOC(C)=O,-0.0773715976305807,XGBoost,CAT-Solv-47,42,n-Pr acetate
101429,CCCOC(C)=O,-0.0081129890873432,XGBoost,CAT-Solv-47,42,n-Pr acetate
101430,CCCOC(C)=O,0.0659756266112788,XGBoost,CAT-Solv-47,42,n-Pr acetate
101431,CCCOC(C)=O,0.1404166269137699,XGBoost,CAT-Solv-47,42,n-Pr acetate
101432,CCCOC(C)=O,0.211289969055572,XGBoost,CAT-Solv-47,42,n-Pr acetate
101433,CCCOC(C)=O,0.3102232912085148,XGBoost,CAT-Solv-47,42,n-Pr acetate
101434,CCCOC(C)=O,0.4040880040069718,XGBoost,CAT-Solv-47,42,n-Pr acetate
101435,CCCOC(C)=O,0.5089447403033674,XGBoost,CAT-Solv-47,42,n-Pr acetate
101929,CCCOC(C)=O,-1.2429455232403857,XGBoost,CAT-Solv-47,42,n-Pr acetate
101930,CCCOC(C)=O,-1.1738280643950605,XGBoost,CAT-Solv-47,42,n-Pr acetate
101931,CCCOC(C)=O,-1.1024156748736045,XGBoost,CAT-Solv-47,42,n-Pr acetate
101932,CCCOC(C)=O,-1.0392529919960345,XGBoost,CAT-Solv-47,42,n-Pr acetate
101933,CCCOC(C)=O,-0.9554038493548912,XGBoost,CAT-Solv-47,42,n-Pr acetate
101934,CCCOC(C)=O,-0.9131752293847976,XGBoost,CAT-Solv-47,42,n-Pr acetate
101935,CCCOC(C)=O,-0.8478926836115074,XGBoost,CAT-Solv-47,42,n-Pr acetate
101936,CCCOC(C)=O,-0.7895922907182145,XGBoost,CAT-Solv-47,42,n-Pr acetate
101937,CCCOC(C)=O,-0.7267592725710933,XGBoost,CAT-Solv-47,42,n-Pr acetate
102155,CS(C)=O,-0.5441121602608942,XGBoost,CAT-Solv-47,42,DMSO
102156,CS(C)=O,-0.4645099491304516,XGBoost,CAT-Solv-47,42,DMSO
102157,CS(C)=O,-0.3884340377439308,XGBoost,CAT-Solv-47,42,DMSO
102158,CS(C)=O,-0.315501153722697,XGBoost,CAT-Solv-47,42,DMSO
102159,CS(C)=O,-0.2497439173141876,XGBoost,CAT-Solv-47,42,DMSO
102160,CS(C)=O,-0.1882390836897655,XGBoost,CAT-Solv-47,42,DMSO
102161,CS(C)=O,-0.1277858974247632,XGBoost,CAT-Solv-47,42,DMSO
102162,CS(C)=O,-0.0668772873923164,XGBoost,CAT-Solv-47,42,DMSO
102163,OCCO,-2.197853494226269,XGBoost,CAT-Solv-47,42,Ethylene glycol
102164,OCCO,-2.1144980942155756,XGBoost,CAT-Solv-47,42,Ethylene glycol
102165,OCCO,-2.052061910148608,XGBoost,CAT-Solv-47,42,Ethylene glycol
102166,OCCO,-1.9944898223172984,XGBoost,CAT-Solv-47,42,Ethylene glycol
102167,OCCO,-1.9411230333304907,XGBoost,CAT-Solv-47,42,Ethylene glycol
102168,OCCO,-1.8918566464476243,XGBoost,CAT-Solv-47,42,Ethylene glycol
102169,OCCO,-1.8416740793291364,XGBoost,CAT-Solv-47,42,Ethylene glycol
102170,OCCO,-1.79631607151579,XGBoost,CAT-Solv-47,42,Ethylene glycol
102171,OCCO,-1.7498610185419805,XGBoost,CAT-Solv-47,42,Ethylene glycol
102172,OCCO,-1.7082889739476492,XGBoost,CAT-Solv-47,42,Ethylene glycol
102286,CCCOC(C)=O,-0.2506229674444504,XGBoost,CAT-Solv-47,42,n-Pr acetate
102287,CCCOC(C)=O,-0.1984606706862343,XGBoost,CAT-Solv-47,42,n-Pr acetate
102288,CCCOC(C)=O,-0.1409262420192168,XGBoost,CAT-Solv-47,42,n-Pr acetate
102289,CCCOC(C)=O,-0.0860331843214521,XGBoost,CAT-Solv-47,42,n-Pr acetate
102290,CCCOC(C)=O,-0.0329817938721783,XGBoost,CAT-Solv-47,42,n-Pr acetate
102291,CCCOC(C)=O,0.0182454678567649,XGBoost,CAT-Solv-47,42,n-Pr acetate
102292,CCCOC(C)=O,0.1207505485473272,XGBoost,CAT-Solv-47,42,n-Pr acetate
102293,CCCOC(C)=O,0.1841944600065104,XGBoost,CAT-Solv-47,42,n-Pr acetate
102294,CCCOC(C)=O,0.254980538580606,XGBoost,CAT-Solv-47,42,n-Pr acetate
102705,CS(C)=O,-0.0722332690394132,XGBoost,CAT-Solv-47,42,DMSO
102706,CS(C)=O,0.0022492092796986,XGBoost,CAT-Solv-47,42,DMSO
102707,CS(C)=O,0.0795034250554467,XGBoost,CAT-Solv-47,42,DMSO
102708,CS(C)=O,0.1518780143407624,XGBoost,CAT-Solv-47,42,DMSO
102709,CS(C)=O,0.2232319225098499,XGBoost,CAT-Solv-47,42,DMSO
102710,CS(C)=O,0.3036596376032098,XGBoost,CAT-Solv-47,42,DMSO
102711,CS(C)=O,0.3861476019869297,XGBoost,CAT-Solv-47,42,DMSO
102712,CS(C)=O,0.4696787020131495,XGBoost,CAT-Solv-47,42,DMSO
102713,CS(C)=O,0.5350857242086409,XGBoost,CAT-Solv-47,42,DMSO
102714,CS(C)=O,0.6178879923161597,XGBoost,CAT-Solv-47,42,DMSO
102715,CS(C)=O,0.6868791380059134,XGBoost,CAT-Solv-47,42,DMSO
102734,C1CCCCC1,-1.8445454808167048,XGBoost,CAT-Solv-47,42,Cyclohexane
102735,C1CCCCC1,-1.8453865432829824,XGBoost,CAT-Solv-47,42,Cyclohexane
102817,CN1CCCC1=O,-0.793753467366145,XGBoost,CAT-Solv-47,42,NMP
102818,CN1CCCC1=O,-0.7067280514433131,XGBoost,CAT-Solv-47,42,NMP
102819,CN1CCCC1=O,-0.6400331644663003,XGBoost,CAT-Solv-47,42,NMP
102820,CN1CCCC1=O,-0.5701988285519418,XGBoost,CAT-Solv-47,42,NMP
102821,CN1CCCC1=O,-0.4638226882977904,XGBoost,CAT-Solv-47,42,NMP
102822,CN1CCCC1=O,-0.3389501289910154,XGBoost,CAT-Solv-47,42,NMP
102823,CN1CCCC1=O,-0.3617661748044698,XGBoost,CAT-Solv-47,42,NMP
102824,CN1CCCC1=O,-0.3159302667270762,XGBoost,CAT-Solv-47,42,NMP
102825,CN1CCCC1=O,-0.2350894141027204,XGBoost,CAT-Solv-47,42,NMP
102826,CN1CCCC1=O,-0.2410302654659445,XGBoost,CAT-Solv-47,42,NMP
102827,CN1CCCC1=O,-0.2001937196805862,XGBoost,CAT-Solv-47,42,NMP
102828,CN1CCCC1=O,-0.1557536927678293,XGBoost,CAT-Solv-47,42,NMP
102829,CN1CCCC1=O,-0.1005249392965156,XGBoost,CAT-Solv-47,42,NMP
102830,CN1CCCC1=O,-0.062306879134912,XGBoost,CAT-Solv-47,42,NMP
102831,CN1CCCC1=O,-0.0505825886676795,XGBoost,CAT-Solv-47,42,NMP
102832,CN1CCCC1=O,-0.0187792568338297,XGBoost,CAT-Solv-47,42,NMP
102974,CN1CCCC1=O,0.5881780575090595,XGBoost,CAT-Solv-47,42,NMP
102975,CN1CCCC1=O,0.6312269155272754,XGBoost,CAT-Solv-47,42,NMP
102976,CN1CCCC1=O,0.6667467469391991,XGBoost,CAT-Solv-47,42,NMP
102977,CN1CCCC1=O,0.7216266824456392,XGBoost,CAT-Solv-47,42,NMP
102978,CN1CCCC1=O,0.80060328412246,XGBoost,CAT-Solv-47,42,NMP
102979,CN1CCCC1=O,0.8561814369580373,XGBoost,CAT-Solv-47,42,NMP
102980,CN1CCCC1=O,0.9044544541646656,XGBoost,CAT-Solv-47,42,NMP
102981,CN1CCCC1=O,0.986653643623556,XGBoost,CAT-Solv-47,42,NMP
102982,CN1CCCC1=O,1.0685539582680263,XGBoost,CAT-Solv-47,42,NMP
102983,CN1CCCC1=O,1.1407068528054125,XGBoost,CAT-Solv-47,42,NMP
