seed,feature_layer,rank,feature
42,2D-Min,1,Solute_MolWt
42,2D-Min,2,Solute_HeavyAtomCount
42,2D-Min,3,Solute_NumRotatableBonds
42,2D-Min,4,Solute_RingCount
42,2D-Min,5,Solute_NumAromaticRings
42,2D-Min,6,Solute_BertzCT
42,2D-Min,7,Solute_BalabanJ
42,2D-Min,8,Solute_MolLogP
42,2D-Min,9,Solute_TPSA
42,2D-Min,10,Solute_NumHDonors
42,2D-Min,11,Solute_NumHAcceptors
42,2D-Min,12,Solute_LabuteASA
42,2D-Min,13,Solvent_MolWt
42,2D-Min,14,Solvent_HeavyAtomCount
42,2D-Min,15,Solvent_NumRotatableBonds
42,2D-Min,16,Solvent_RingCount
42,2D-Min,17,Solvent_NumAromaticRings
42,2D-Min,18,Solvent_BertzCT
42,2D-Min,19,Solvent_BalabanJ
42,2D-Min,20,Solvent_MolLogP
42,2D-Min,21,Solvent_TPSA
42,2D-Min,22,Solvent_NumHDonors
42,2D-Min,23,Solvent_NumHAcceptors
42,2D-Min,24,Solvent_LabuteASA
42,2D-Min,25,Temperature_K
42,2D-Elec,1,Solute_MolWt
42,2D-Elec,2,Solute_HeavyAtomCount
42,2D-Elec,3,Solute_NumRotatableBonds
42,2D-Elec,4,Solute_RingCount
42,2D-Elec,5,Solute_NumAromaticRings
42,2D-Elec,6,Solute_BertzCT
42,2D-Elec,7,Solute_BalabanJ
42,2D-Elec,8,Solute_MolLogP
42,2D-Elec,9,Solute_TPSA
42,2D-Elec,10,Solute_NumHDonors
42,2D-Elec,11,Solute_NumHAcceptors
42,2D-Elec,12,Solute_LabuteASA
42,2D-Elec,13,Solute_MaxPartialCharge
42,2D-Elec,14,Solute_MinPartialCharge
42,2D-Elec,15,Solute_MaxAbsPartialCharge
42,2D-Elec,16,Solute_MinAbsPartialCharge
42,2D-Elec,17,Solvent_MolWt
42,2D-Elec,18,Solvent_HeavyAtomCount
42,2D-Elec,19,Solvent_NumRotatableBonds
42,2D-Elec,20,Solvent_RingCount
42,2D-Elec,21,Solvent_NumAromaticRings
42,2D-Elec,22,Solvent_BertzCT
42,2D-Elec,23,Solvent_BalabanJ
42,2D-Elec,24,Solvent_MolLogP
42,2D-Elec,25,Solvent_TPSA
42,2D-Elec,26,Solvent_NumHDonors
42,2D-Elec,27,Solvent_NumHAcceptors
42,2D-Elec,28,Solvent_LabuteASA
42,2D-Elec,29,Solvent_MaxPartialCharge
42,2D-Elec,30,Solvent_MinPartialCharge
42,2D-Elec,31,Solvent_MaxAbsPartialCharge
42,2D-Elec,32,Solvent_MinAbsPartialCharge
42,2D-Elec,33,Temperature_K
42,Sigma-Solv,1,Solute_MolWt
42,Sigma-Solv,2,Solute_HeavyAtomCount
42,Sigma-Solv,3,Solute_NumRotatableBonds
42,Sigma-Solv,4,Solute_RingCount
42,Sigma-Solv,5,Solute_NumAromaticRings
42,Sigma-Solv,6,Solute_BertzCT
42,Sigma-Solv,7,Solute_BalabanJ
42,Sigma-Solv,8,Solute_MolLogP
42,Sigma-Solv,9,Solute_TPSA
42,Sigma-Solv,10,Solute_NumHDonors
42,Sigma-Solv,11,Solute_NumHAcceptors
42,Sigma-Solv,12,Solute_LabuteASA
42,Sigma-Solv,13,Solute_MaxPartialCharge
42,Sigma-Solv,14,Solute_MinPartialCharge
42,Sigma-Solv,15,Solute_MaxAbsPartialCharge
42,Sigma-Solv,16,Solute_MinAbsPartialCharge
42,Sigma-Solv,17,Solvent_MolWt
42,Sigma-Solv,18,Solvent_HeavyAtomCount
42,Sigma-Solv,19,Solvent_NumRotatableBonds
42,Sigma-Solv,20,Solvent_RingCount
42,Sigma-Solv,21,Solvent_NumAromaticRings
42,Sigma-Solv,22,Solvent_BertzCT
42,Sigma-Solv,23,Solvent_BalabanJ
42,Sigma-Solv,24,Solvent_MolLogP
42,Sigma-Solv,25,Solvent_TPSA
42,Sigma-Solv,26,Solvent_NumHDonors
42,Sigma-Solv,27,Solvent_NumHAcceptors
42,Sigma-Solv,28,Solvent_LabuteASA
42,Sigma-Solv,29,Solvent_MaxPartialCharge
42,Sigma-Solv,30,Solvent_MinPartialCharge
42,Sigma-Solv,31,Solvent_MaxAbsPartialCharge
42,Sigma-Solv,32,Solvent_MinAbsPartialCharge
42,Sigma-Solv,33,Temperature_K
42,Sigma-Solv,34,Solute_sig2
42,Sigma-Solv,35,Solute_sig3
42,Sigma-Solv,36,Solute_M_hb_acc
42,Sigma-Solv,37,Solute_M_hb_don
42,Sigma-Solv,38,Solute_M_nonpolar
42,Sigma-Solv,39,Solute_pos_area_frac
42,Sigma-Solv,40,Solute_neg_area_frac
42,Sigma-Solv,41,Solvent_sig2
42,Sigma-Solv,42,Solvent_sig3
42,Sigma-Solv,43,Solvent_M_hb_acc
42,Sigma-Solv,44,Solvent_M_hb_don
42,Sigma-Solv,45,Solvent_M_nonpolar
42,Sigma-Solv,46,Solvent_pos_area_frac
42,Sigma-Solv,47,Solvent_neg_area_frac
42,CAT-Solv-47,1,Solute_BertzCT
42,CAT-Solv-47,2,Temperature_K
42,CAT-Solv-47,3,Solute_TPSA
42,CAT-Solv-47,4,Solute_HB_capacity
42,CAT-Solv-47,5,Solute_MolLogP
42,CAT-Solv-47,6,Solute_MolWt
42,CAT-Solv-47,7,Solute_BalabanJ
42,CAT-Solv-47,8,Solvent_pos_area_frac
42,CAT-Solv-47,9,Solvent_MaxPartialCharge
42,CAT-Solv-47,10,Solute_polar_surface_density
42,CAT-Solv-47,11,Solute_MaxPartialCharge
42,CAT-Solv-47,12,Solute_NumAromaticRings
42,CAT-Solv-47,13,Cross_sigma2_abs_gap
42,CAT-Solv-47,14,Solute_M_hb_don
42,CAT-Solv-47,15,Solute_NumRotatableBonds
42,CAT-Solv-47,16,Solute_RingCount
42,CAT-Solv-47,17,Solute_sig3
42,CAT-Solv-47,18,Solute_MinAbsPartialCharge
42,CAT-Solv-47,19,Solute_M_nonpolar
42,CAT-Solv-47,20,Solute_sig2
42,CAT-Solv-47,21,Solute_LabuteASA
42,CAT-Solv-47,22,Solute_MaxAbsPartialCharge
42,CAT-Solv-47,23,Cross_TPSA_density_abs_gap
42,CAT-Solv-47,24,Cross_logP_abs_gap
42,CAT-Solv-47,25,Solvent_BalabanJ
42,CAT-Solv-47,26,Solvent_neg_area_frac
42,CAT-Solv-47,27,Cross_HB_directional_balance
42,CAT-Solv-47,28,Solvent_MolLogP
42,CAT-Solv-47,29,Solute_M_hb_acc
42,CAT-Solv-47,30,Solute_MinPartialCharge
42,CAT-Solv-47,31,Cross_hb_don_moment_product
42,CAT-Solv-47,32,Solute_HeavyAtomCount
42,CAT-Solv-47,33,Solvent_sigma_asymmetry_abs
42,CAT-Solv-47,34,Solute_pos_area_frac
42,CAT-Solv-47,35,Cross_nonpolar_match
42,CAT-Solv-47,36,Solvent_hydrophobic_density
42,CAT-Solv-47,37,Cross_surface_imbalance_product
42,CAT-Solv-47,38,Solvent_sig3
42,CAT-Solv-47,39,Solute_NumHDonors
42,CAT-Solv-47,40,Class_ester_x_solute_HBD
42,CAT-Solv-47,41,Solute_neg_area_frac
42,CAT-Solv-47,42,Cross_acc_to_don_surface
42,CAT-Solv-47,43,Class_ester_x_solute_TPSA_density
42,CAT-Solv-47,44,Solvent_sig2
42,CAT-Solv-47,45,Cross_sigma3_abs_gap
42,CAT-Solv-47,46,Solvent_self_hbond_proxy
42,CAT-Solv-47,47,Solvent_LabuteASA
43,2D-Min,1,Solute_MolWt
43,2D-Min,2,Solute_HeavyAtomCount
43,2D-Min,3,Solute_NumRotatableBonds
43,2D-Min,4,Solute_RingCount
43,2D-Min,5,Solute_NumAromaticRings
43,2D-Min,6,Solute_BertzCT
43,2D-Min,7,Solute_BalabanJ
43,2D-Min,8,Solute_MolLogP
43,2D-Min,9,Solute_TPSA
43,2D-Min,10,Solute_NumHDonors
43,2D-Min,11,Solute_NumHAcceptors
43,2D-Min,12,Solute_LabuteASA
43,2D-Min,13,Solvent_MolWt
43,2D-Min,14,Solvent_HeavyAtomCount
43,2D-Min,15,Solvent_NumRotatableBonds
43,2D-Min,16,Solvent_RingCount
43,2D-Min,17,Solvent_NumAromaticRings
43,2D-Min,18,Solvent_BertzCT
43,2D-Min,19,Solvent_BalabanJ
43,2D-Min,20,Solvent_MolLogP
43,2D-Min,21,Solvent_TPSA
43,2D-Min,22,Solvent_NumHDonors
43,2D-Min,23,Solvent_NumHAcceptors
43,2D-Min,24,Solvent_LabuteASA
43,2D-Min,25,Temperature_K
43,2D-Elec,1,Solute_MolWt
43,2D-Elec,2,Solute_HeavyAtomCount
43,2D-Elec,3,Solute_NumRotatableBonds
43,2D-Elec,4,Solute_RingCount
43,2D-Elec,5,Solute_NumAromaticRings
43,2D-Elec,6,Solute_BertzCT
43,2D-Elec,7,Solute_BalabanJ
43,2D-Elec,8,Solute_MolLogP
43,2D-Elec,9,Solute_TPSA
43,2D-Elec,10,Solute_NumHDonors
43,2D-Elec,11,Solute_NumHAcceptors
43,2D-Elec,12,Solute_LabuteASA
43,2D-Elec,13,Solute_MaxPartialCharge
43,2D-Elec,14,Solute_MinPartialCharge
43,2D-Elec,15,Solute_MaxAbsPartialCharge
43,2D-Elec,16,Solute_MinAbsPartialCharge
43,2D-Elec,17,Solvent_MolWt
43,2D-Elec,18,Solvent_HeavyAtomCount
43,2D-Elec,19,Solvent_NumRotatableBonds
43,2D-Elec,20,Solvent_RingCount
43,2D-Elec,21,Solvent_NumAromaticRings
43,2D-Elec,22,Solvent_BertzCT
43,2D-Elec,23,Solvent_BalabanJ
43,2D-Elec,24,Solvent_MolLogP
43,2D-Elec,25,Solvent_TPSA
43,2D-Elec,26,Solvent_NumHDonors
43,2D-Elec,27,Solvent_NumHAcceptors
43,2D-Elec,28,Solvent_LabuteASA
43,2D-Elec,29,Solvent_MaxPartialCharge
43,2D-Elec,30,Solvent_MinPartialCharge
43,2D-Elec,31,Solvent_MaxAbsPartialCharge
43,2D-Elec,32,Solvent_MinAbsPartialCharge
43,2D-Elec,33,Temperature_K
43,Sigma-Solv,1,Solute_MolWt
43,Sigma-Solv,2,Solute_HeavyAtomCount
43,Sigma-Solv,3,Solute_NumRotatableBonds
43,Sigma-Solv,4,Solute_RingCount
43,Sigma-Solv,5,Solute_NumAromaticRings
43,Sigma-Solv,6,Solute_BertzCT
43,Sigma-Solv,7,Solute_BalabanJ
43,Sigma-Solv,8,Solute_MolLogP
43,Sigma-Solv,9,Solute_TPSA
43,Sigma-Solv,10,Solute_NumHDonors
43,Sigma-Solv,11,Solute_NumHAcceptors
43,Sigma-Solv,12,Solute_LabuteASA
43,Sigma-Solv,13,Solute_MaxPartialCharge
43,Sigma-Solv,14,Solute_MinPartialCharge
43,Sigma-Solv,15,Solute_MaxAbsPartialCharge
43,Sigma-Solv,16,Solute_MinAbsPartialCharge
43,Sigma-Solv,17,Solvent_MolWt
43,Sigma-Solv,18,Solvent_HeavyAtomCount
43,Sigma-Solv,19,Solvent_NumRotatableBonds
43,Sigma-Solv,20,Solvent_RingCount
43,Sigma-Solv,21,Solvent_NumAromaticRings
43,Sigma-Solv,22,Solvent_BertzCT
43,Sigma-Solv,23,Solvent_BalabanJ
43,Sigma-Solv,24,Solvent_MolLogP
43,Sigma-Solv,25,Solvent_TPSA
43,Sigma-Solv,26,Solvent_NumHDonors
43,Sigma-Solv,27,Solvent_NumHAcceptors
43,Sigma-Solv,28,Solvent_LabuteASA
43,Sigma-Solv,29,Solvent_MaxPartialCharge
43,Sigma-Solv,30,Solvent_MinPartialCharge
43,Sigma-Solv,31,Solvent_MaxAbsPartialCharge
43,Sigma-Solv,32,Solvent_MinAbsPartialCharge
43,Sigma-Solv,33,Temperature_K
43,Sigma-Solv,34,Solute_sig2
43,Sigma-Solv,35,Solute_sig3
43,Sigma-Solv,36,Solute_M_hb_acc
43,Sigma-Solv,37,Solute_M_hb_don
43,Sigma-Solv,38,Solute_M_nonpolar
43,Sigma-Solv,39,Solute_pos_area_frac
43,Sigma-Solv,40,Solute_neg_area_frac
43,Sigma-Solv,41,Solvent_sig2
43,Sigma-Solv,42,Solvent_sig3
43,Sigma-Solv,43,Solvent_M_hb_acc
43,Sigma-Solv,44,Solvent_M_hb_don
43,Sigma-Solv,45,Solvent_M_nonpolar
43,Sigma-Solv,46,Solvent_pos_area_frac
43,Sigma-Solv,47,Solvent_neg_area_frac
43,CAT-Solv-47,1,Solute_BertzCT
43,CAT-Solv-47,2,Temperature_K
43,CAT-Solv-47,3,Solute_TPSA
43,CAT-Solv-47,4,Solute_HB_capacity
43,CAT-Solv-47,5,Solute_MolLogP
43,CAT-Solv-47,6,Solute_MolWt
43,CAT-Solv-47,7,Solvent_MaxPartialCharge
43,CAT-Solv-47,8,Solute_BalabanJ
43,CAT-Solv-47,9,Solvent_pos_area_frac
43,CAT-Solv-47,10,Solute_MaxPartialCharge
43,CAT-Solv-47,11,Solute_NumAromaticRings
43,CAT-Solv-47,12,Solute_M_hb_don
43,CAT-Solv-47,13,Solute_sig3
43,CAT-Solv-47,14,Solute_polar_surface_density
43,CAT-Solv-47,15,Cross_sigma2_abs_gap
43,CAT-Solv-47,16,Solute_M_nonpolar
43,CAT-Solv-47,17,Solute_NumRotatableBonds
43,CAT-Solv-47,18,Solute_MinAbsPartialCharge
43,CAT-Solv-47,19,Solute_RingCount
43,CAT-Solv-47,20,Solute_sig2
43,CAT-Solv-47,21,Solute_MaxAbsPartialCharge
43,CAT-Solv-47,22,Solute_LabuteASA
43,CAT-Solv-47,23,Cross_logP_abs_gap
43,CAT-Solv-47,24,Solvent_neg_area_frac
43,CAT-Solv-47,25,Solute_HeavyAtomCount
43,CAT-Solv-47,26,Cross_TPSA_density_abs_gap
43,CAT-Solv-47,27,Solvent_sigma_asymmetry_abs
43,CAT-Solv-47,28,Cross_hb_don_moment_product
43,CAT-Solv-47,29,Solvent_BalabanJ
43,CAT-Solv-47,30,Cross_HB_directional_balance
43,CAT-Solv-47,31,Solvent_MolLogP
43,CAT-Solv-47,32,Solute_M_hb_acc
43,CAT-Solv-47,33,Solute_pos_area_frac
43,CAT-Solv-47,34,Solute_MinPartialCharge
43,CAT-Solv-47,35,Cross_nonpolar_match
43,CAT-Solv-47,36,Cross_surface_imbalance_product
43,CAT-Solv-47,37,Solute_NumHDonors
43,CAT-Solv-47,38,Solvent_sig3
43,CAT-Solv-47,39,Solvent_hydrophobic_density
43,CAT-Solv-47,40,Class_ester_x_solute_TPSA_density
43,CAT-Solv-47,41,Solute_neg_area_frac
43,CAT-Solv-47,42,Cross_sigma3_abs_gap
43,CAT-Solv-47,43,Solvent_sig2
43,CAT-Solv-47,44,Class_ester_x_solute_HBD
43,CAT-Solv-47,45,Cross_acc_to_don_surface
43,CAT-Solv-47,46,Solute_NumHAcceptors
43,CAT-Solv-47,47,Cross_HB_capacity_product
44,2D-Min,1,Solute_MolWt
44,2D-Min,2,Solute_HeavyAtomCount
44,2D-Min,3,Solute_NumRotatableBonds
44,2D-Min,4,Solute_RingCount
44,2D-Min,5,Solute_NumAromaticRings
44,2D-Min,6,Solute_BertzCT
44,2D-Min,7,Solute_BalabanJ
44,2D-Min,8,Solute_MolLogP
44,2D-Min,9,Solute_TPSA
44,2D-Min,10,Solute_NumHDonors
44,2D-Min,11,Solute_NumHAcceptors
44,2D-Min,12,Solute_LabuteASA
44,2D-Min,13,Solvent_MolWt
44,2D-Min,14,Solvent_HeavyAtomCount
44,2D-Min,15,Solvent_NumRotatableBonds
44,2D-Min,16,Solvent_RingCount
44,2D-Min,17,Solvent_NumAromaticRings
44,2D-Min,18,Solvent_BertzCT
44,2D-Min,19,Solvent_BalabanJ
44,2D-Min,20,Solvent_MolLogP
44,2D-Min,21,Solvent_TPSA
44,2D-Min,22,Solvent_NumHDonors
44,2D-Min,23,Solvent_NumHAcceptors
44,2D-Min,24,Solvent_LabuteASA
44,2D-Min,25,Temperature_K
44,2D-Elec,1,Solute_MolWt
44,2D-Elec,2,Solute_HeavyAtomCount
44,2D-Elec,3,Solute_NumRotatableBonds
44,2D-Elec,4,Solute_RingCount
44,2D-Elec,5,Solute_NumAromaticRings
44,2D-Elec,6,Solute_BertzCT
44,2D-Elec,7,Solute_BalabanJ
44,2D-Elec,8,Solute_MolLogP
44,2D-Elec,9,Solute_TPSA
44,2D-Elec,10,Solute_NumHDonors
44,2D-Elec,11,Solute_NumHAcceptors
44,2D-Elec,12,Solute_LabuteASA
44,2D-Elec,13,Solute_MaxPartialCharge
44,2D-Elec,14,Solute_MinPartialCharge
44,2D-Elec,15,Solute_MaxAbsPartialCharge
44,2D-Elec,16,Solute_MinAbsPartialCharge
44,2D-Elec,17,Solvent_MolWt
44,2D-Elec,18,Solvent_HeavyAtomCount
44,2D-Elec,19,Solvent_NumRotatableBonds
44,2D-Elec,20,Solvent_RingCount
44,2D-Elec,21,Solvent_NumAromaticRings
44,2D-Elec,22,Solvent_BertzCT
44,2D-Elec,23,Solvent_BalabanJ
44,2D-Elec,24,Solvent_MolLogP
44,2D-Elec,25,Solvent_TPSA
44,2D-Elec,26,Solvent_NumHDonors
44,2D-Elec,27,Solvent_NumHAcceptors
44,2D-Elec,28,Solvent_LabuteASA
44,2D-Elec,29,Solvent_MaxPartialCharge
44,2D-Elec,30,Solvent_MinPartialCharge
44,2D-Elec,31,Solvent_MaxAbsPartialCharge
44,2D-Elec,32,Solvent_MinAbsPartialCharge
44,2D-Elec,33,Temperature_K
44,Sigma-Solv,1,Solute_MolWt
44,Sigma-Solv,2,Solute_HeavyAtomCount
44,Sigma-Solv,3,Solute_NumRotatableBonds
44,Sigma-Solv,4,Solute_RingCount
44,Sigma-Solv,5,Solute_NumAromaticRings
44,Sigma-Solv,6,Solute_BertzCT
44,Sigma-Solv,7,Solute_BalabanJ
44,Sigma-Solv,8,Solute_MolLogP
44,Sigma-Solv,9,Solute_TPSA
44,Sigma-Solv,10,Solute_NumHDonors
44,Sigma-Solv,11,Solute_NumHAcceptors
44,Sigma-Solv,12,Solute_LabuteASA
44,Sigma-Solv,13,Solute_MaxPartialCharge
44,Sigma-Solv,14,Solute_MinPartialCharge
44,Sigma-Solv,15,Solute_MaxAbsPartialCharge
44,Sigma-Solv,16,Solute_MinAbsPartialCharge
44,Sigma-Solv,17,Solvent_MolWt
44,Sigma-Solv,18,Solvent_HeavyAtomCount
44,Sigma-Solv,19,Solvent_NumRotatableBonds
44,Sigma-Solv,20,Solvent_RingCount
44,Sigma-Solv,21,Solvent_NumAromaticRings
44,Sigma-Solv,22,Solvent_BertzCT
44,Sigma-Solv,23,Solvent_BalabanJ
44,Sigma-Solv,24,Solvent_MolLogP
44,Sigma-Solv,25,Solvent_TPSA
44,Sigma-Solv,26,Solvent_NumHDonors
44,Sigma-Solv,27,Solvent_NumHAcceptors
44,Sigma-Solv,28,Solvent_LabuteASA
44,Sigma-Solv,29,Solvent_MaxPartialCharge
44,Sigma-Solv,30,Solvent_MinPartialCharge
44,Sigma-Solv,31,Solvent_MaxAbsPartialCharge
44,Sigma-Solv,32,Solvent_MinAbsPartialCharge
44,Sigma-Solv,33,Temperature_K
44,Sigma-Solv,34,Solute_sig2
44,Sigma-Solv,35,Solute_sig3
44,Sigma-Solv,36,Solute_M_hb_acc
44,Sigma-Solv,37,Solute_M_hb_don
44,Sigma-Solv,38,Solute_M_nonpolar
44,Sigma-Solv,39,Solute_pos_area_frac
44,Sigma-Solv,40,Solute_neg_area_frac
44,Sigma-Solv,41,Solvent_sig2
44,Sigma-Solv,42,Solvent_sig3
44,Sigma-Solv,43,Solvent_M_hb_acc
44,Sigma-Solv,44,Solvent_M_hb_don
44,Sigma-Solv,45,Solvent_M_nonpolar
44,Sigma-Solv,46,Solvent_pos_area_frac
44,Sigma-Solv,47,Solvent_neg_area_frac
44,CAT-Solv-47,1,Solute_BertzCT
44,CAT-Solv-47,2,Temperature_K
44,CAT-Solv-47,3,Solute_TPSA
44,CAT-Solv-47,4,Solute_HB_capacity
44,CAT-Solv-47,5,Solute_MolLogP
44,CAT-Solv-47,6,Solute_MolWt
44,CAT-Solv-47,7,Solvent_MaxPartialCharge
44,CAT-Solv-47,8,Solvent_pos_area_frac
44,CAT-Solv-47,9,Solute_BalabanJ
44,CAT-Solv-47,10,Solute_MaxPartialCharge
44,CAT-Solv-47,11,Solute_M_hb_don
44,CAT-Solv-47,12,Solute_RingCount
44,CAT-Solv-47,13,Solute_polar_surface_density
44,CAT-Solv-47,14,Cross_sigma2_abs_gap
44,CAT-Solv-47,15,Solute_NumRotatableBonds
44,CAT-Solv-47,16,Solute_MinAbsPartialCharge
44,CAT-Solv-47,17,Solute_NumAromaticRings
44,CAT-Solv-47,18,Solute_M_nonpolar
44,CAT-Solv-47,19,Solute_sig2
44,CAT-Solv-47,20,Solute_MaxAbsPartialCharge
44,CAT-Solv-47,21,Cross_logP_abs_gap
44,CAT-Solv-47,22,Solute_sig3
44,CAT-Solv-47,23,Solute_LabuteASA
44,CAT-Solv-47,24,Solute_HeavyAtomCount
44,CAT-Solv-47,25,Cross_hb_don_moment_product
44,CAT-Solv-47,26,Cross_TPSA_density_abs_gap
44,CAT-Solv-47,27,Solvent_MolLogP
44,CAT-Solv-47,28,Solute_M_hb_acc
44,CAT-Solv-47,29,Solvent_BalabanJ
44,CAT-Solv-47,30,Solvent_sigma_asymmetry_abs
44,CAT-Solv-47,31,Cross_HB_directional_balance
44,CAT-Solv-47,32,Solute_MinPartialCharge
44,CAT-Solv-47,33,Cross_surface_imbalance_product
44,CAT-Solv-47,34,Cross_nonpolar_match
44,CAT-Solv-47,35,Solute_NumHDonors
44,CAT-Solv-47,36,Solvent_neg_area_frac
44,CAT-Solv-47,37,Solvent_sig3
44,CAT-Solv-47,38,Solvent_hydrophobic_density
44,CAT-Solv-47,39,Solute_pos_area_frac
44,CAT-Solv-47,40,Class_ester_x_solute_TPSA_density
44,CAT-Solv-47,41,Solute_neg_area_frac
44,CAT-Solv-47,42,Cross_sigma3_abs_gap
44,CAT-Solv-47,43,Solvent_sig2
44,CAT-Solv-47,44,Cross_acc_to_don_surface
44,CAT-Solv-47,45,Class_ester_x_solute_HBD
44,CAT-Solv-47,46,Cross_HB_capacity_product
44,CAT-Solv-47,47,Cross_pos_area_abs_gap
45,2D-Min,1,Solute_MolWt
45,2D-Min,2,Solute_HeavyAtomCount
45,2D-Min,3,Solute_NumRotatableBonds
45,2D-Min,4,Solute_RingCount
45,2D-Min,5,Solute_NumAromaticRings
45,2D-Min,6,Solute_BertzCT
45,2D-Min,7,Solute_BalabanJ
45,2D-Min,8,Solute_MolLogP
45,2D-Min,9,Solute_TPSA
45,2D-Min,10,Solute_NumHDonors
45,2D-Min,11,Solute_NumHAcceptors
45,2D-Min,12,Solute_LabuteASA
45,2D-Min,13,Solvent_MolWt
45,2D-Min,14,Solvent_HeavyAtomCount
45,2D-Min,15,Solvent_NumRotatableBonds
45,2D-Min,16,Solvent_RingCount
45,2D-Min,17,Solvent_NumAromaticRings
45,2D-Min,18,Solvent_BertzCT
45,2D-Min,19,Solvent_BalabanJ
45,2D-Min,20,Solvent_MolLogP
45,2D-Min,21,Solvent_TPSA
45,2D-Min,22,Solvent_NumHDonors
45,2D-Min,23,Solvent_NumHAcceptors
45,2D-Min,24,Solvent_LabuteASA
45,2D-Min,25,Temperature_K
45,2D-Elec,1,Solute_MolWt
45,2D-Elec,2,Solute_HeavyAtomCount
45,2D-Elec,3,Solute_NumRotatableBonds
45,2D-Elec,4,Solute_RingCount
45,2D-Elec,5,Solute_NumAromaticRings
45,2D-Elec,6,Solute_BertzCT
45,2D-Elec,7,Solute_BalabanJ
45,2D-Elec,8,Solute_MolLogP
45,2D-Elec,9,Solute_TPSA
45,2D-Elec,10,Solute_NumHDonors
45,2D-Elec,11,Solute_NumHAcceptors
45,2D-Elec,12,Solute_LabuteASA
45,2D-Elec,13,Solute_MaxPartialCharge
45,2D-Elec,14,Solute_MinPartialCharge
45,2D-Elec,15,Solute_MaxAbsPartialCharge
45,2D-Elec,16,Solute_MinAbsPartialCharge
45,2D-Elec,17,Solvent_MolWt
45,2D-Elec,18,Solvent_HeavyAtomCount
45,2D-Elec,19,Solvent_NumRotatableBonds
45,2D-Elec,20,Solvent_RingCount
45,2D-Elec,21,Solvent_NumAromaticRings
45,2D-Elec,22,Solvent_BertzCT
45,2D-Elec,23,Solvent_BalabanJ
45,2D-Elec,24,Solvent_MolLogP
45,2D-Elec,25,Solvent_TPSA
45,2D-Elec,26,Solvent_NumHDonors
45,2D-Elec,27,Solvent_NumHAcceptors
45,2D-Elec,28,Solvent_LabuteASA
45,2D-Elec,29,Solvent_MaxPartialCharge
45,2D-Elec,30,Solvent_MinPartialCharge
45,2D-Elec,31,Solvent_MaxAbsPartialCharge
45,2D-Elec,32,Solvent_MinAbsPartialCharge
45,2D-Elec,33,Temperature_K
45,Sigma-Solv,1,Solute_MolWt
45,Sigma-Solv,2,Solute_HeavyAtomCount
45,Sigma-Solv,3,Solute_NumRotatableBonds
45,Sigma-Solv,4,Solute_RingCount
45,Sigma-Solv,5,Solute_NumAromaticRings
45,Sigma-Solv,6,Solute_BertzCT
45,Sigma-Solv,7,Solute_BalabanJ
45,Sigma-Solv,8,Solute_MolLogP
45,Sigma-Solv,9,Solute_TPSA
45,Sigma-Solv,10,Solute_NumHDonors
45,Sigma-Solv,11,Solute_NumHAcceptors
45,Sigma-Solv,12,Solute_LabuteASA
45,Sigma-Solv,13,Solute_MaxPartialCharge
45,Sigma-Solv,14,Solute_MinPartialCharge
45,Sigma-Solv,15,Solute_MaxAbsPartialCharge
45,Sigma-Solv,16,Solute_MinAbsPartialCharge
45,Sigma-Solv,17,Solvent_MolWt
45,Sigma-Solv,18,Solvent_HeavyAtomCount
45,Sigma-Solv,19,Solvent_NumRotatableBonds
45,Sigma-Solv,20,Solvent_RingCount
45,Sigma-Solv,21,Solvent_NumAromaticRings
45,Sigma-Solv,22,Solvent_BertzCT
45,Sigma-Solv,23,Solvent_BalabanJ
45,Sigma-Solv,24,Solvent_MolLogP
45,Sigma-Solv,25,Solvent_TPSA
45,Sigma-Solv,26,Solvent_NumHDonors
45,Sigma-Solv,27,Solvent_NumHAcceptors
45,Sigma-Solv,28,Solvent_LabuteASA
45,Sigma-Solv,29,Solvent_MaxPartialCharge
45,Sigma-Solv,30,Solvent_MinPartialCharge
45,Sigma-Solv,31,Solvent_MaxAbsPartialCharge
45,Sigma-Solv,32,Solvent_MinAbsPartialCharge
45,Sigma-Solv,33,Temperature_K
45,Sigma-Solv,34,Solute_sig2
45,Sigma-Solv,35,Solute_sig3
45,Sigma-Solv,36,Solute_M_hb_acc
45,Sigma-Solv,37,Solute_M_hb_don
45,Sigma-Solv,38,Solute_M_nonpolar
45,Sigma-Solv,39,Solute_pos_area_frac
45,Sigma-Solv,40,Solute_neg_area_frac
45,Sigma-Solv,41,Solvent_sig2
45,Sigma-Solv,42,Solvent_sig3
45,Sigma-Solv,43,Solvent_M_hb_acc
45,Sigma-Solv,44,Solvent_M_hb_don
45,Sigma-Solv,45,Solvent_M_nonpolar
45,Sigma-Solv,46,Solvent_pos_area_frac
45,Sigma-Solv,47,Solvent_neg_area_frac
45,CAT-Solv-47,1,Solute_BertzCT
45,CAT-Solv-47,2,Temperature_K
45,CAT-Solv-47,3,Solute_TPSA
45,CAT-Solv-47,4,Solute_HB_capacity
45,CAT-Solv-47,5,Solute_MolLogP
45,CAT-Solv-47,6,Solvent_MaxPartialCharge
45,CAT-Solv-47,7,Solute_MolWt
45,CAT-Solv-47,8,Solute_BalabanJ
45,CAT-Solv-47,9,Solvent_pos_area_frac
45,CAT-Solv-47,10,Solute_polar_surface_density
45,CAT-Solv-47,11,Solute_MaxPartialCharge
45,CAT-Solv-47,12,Solute_NumRotatableBonds
45,CAT-Solv-47,13,Solute_NumAromaticRings
45,CAT-Solv-47,14,Solute_M_hb_don
45,CAT-Solv-47,15,Cross_sigma2_abs_gap
45,CAT-Solv-47,16,Solute_LabuteASA
45,CAT-Solv-47,17,Solute_sig3
45,CAT-Solv-47,18,Solute_MinAbsPartialCharge
45,CAT-Solv-47,19,Solute_RingCount
45,CAT-Solv-47,20,Solute_sig2
45,CAT-Solv-47,21,Cross_logP_abs_gap
45,CAT-Solv-47,22,Solute_M_nonpolar
45,CAT-Solv-47,23,Solute_HeavyAtomCount
45,CAT-Solv-47,24,Cross_TPSA_density_abs_gap
45,CAT-Solv-47,25,Solvent_BalabanJ
45,CAT-Solv-47,26,Cross_HB_directional_balance
45,CAT-Solv-47,27,Solute_MaxAbsPartialCharge
45,CAT-Solv-47,28,Solute_MinPartialCharge
45,CAT-Solv-47,29,Cross_hb_don_moment_product
45,CAT-Solv-47,30,Solvent_MolLogP
45,CAT-Solv-47,31,Solute_M_hb_acc
45,CAT-Solv-47,32,Solvent_neg_area_frac
45,CAT-Solv-47,33,Cross_surface_imbalance_product
45,CAT-Solv-47,34,Solvent_sigma_asymmetry_abs
45,CAT-Solv-47,35,Solute_pos_area_frac
45,CAT-Solv-47,36,Cross_nonpolar_match
45,CAT-Solv-47,37,Solvent_hydrophobic_density
45,CAT-Solv-47,38,Solute_NumHDonors
45,CAT-Solv-47,39,Solvent_sig3
45,CAT-Solv-47,40,Solute_neg_area_frac
45,CAT-Solv-47,41,Solvent_sig2
45,CAT-Solv-47,42,Class_ester_x_solute_HBD
45,CAT-Solv-47,43,Class_ester_x_solute_TPSA_density
45,CAT-Solv-47,44,Cross_sigma3_abs_gap
45,CAT-Solv-47,45,Solvent_self_hbond_proxy
45,CAT-Solv-47,46,Solute_NumHAcceptors
45,CAT-Solv-47,47,Cross_acc_to_don_surface
46,2D-Min,1,Solute_MolWt
46,2D-Min,2,Solute_HeavyAtomCount
46,2D-Min,3,Solute_NumRotatableBonds
46,2D-Min,4,Solute_RingCount
46,2D-Min,5,Solute_NumAromaticRings
46,2D-Min,6,Solute_BertzCT
46,2D-Min,7,Solute_BalabanJ
46,2D-Min,8,Solute_MolLogP
46,2D-Min,9,Solute_TPSA
46,2D-Min,10,Solute_NumHDonors
46,2D-Min,11,Solute_NumHAcceptors
46,2D-Min,12,Solute_LabuteASA
46,2D-Min,13,Solvent_MolWt
46,2D-Min,14,Solvent_HeavyAtomCount
46,2D-Min,15,Solvent_NumRotatableBonds
46,2D-Min,16,Solvent_RingCount
46,2D-Min,17,Solvent_NumAromaticRings
46,2D-Min,18,Solvent_BertzCT
46,2D-Min,19,Solvent_BalabanJ
46,2D-Min,20,Solvent_MolLogP
46,2D-Min,21,Solvent_TPSA
46,2D-Min,22,Solvent_NumHDonors
46,2D-Min,23,Solvent_NumHAcceptors
46,2D-Min,24,Solvent_LabuteASA
46,2D-Min,25,Temperature_K
46,2D-Elec,1,Solute_MolWt
46,2D-Elec,2,Solute_HeavyAtomCount
46,2D-Elec,3,Solute_NumRotatableBonds
46,2D-Elec,4,Solute_RingCount
46,2D-Elec,5,Solute_NumAromaticRings
46,2D-Elec,6,Solute_BertzCT
46,2D-Elec,7,Solute_BalabanJ
46,2D-Elec,8,Solute_MolLogP
46,2D-Elec,9,Solute_TPSA
46,2D-Elec,10,Solute_NumHDonors
46,2D-Elec,11,Solute_NumHAcceptors
46,2D-Elec,12,Solute_LabuteASA
46,2D-Elec,13,Solute_MaxPartialCharge
46,2D-Elec,14,Solute_MinPartialCharge
46,2D-Elec,15,Solute_MaxAbsPartialCharge
46,2D-Elec,16,Solute_MinAbsPartialCharge
46,2D-Elec,17,Solvent_MolWt
46,2D-Elec,18,Solvent_HeavyAtomCount
46,2D-Elec,19,Solvent_NumRotatableBonds
46,2D-Elec,20,Solvent_RingCount
46,2D-Elec,21,Solvent_NumAromaticRings
46,2D-Elec,22,Solvent_BertzCT
46,2D-Elec,23,Solvent_BalabanJ
46,2D-Elec,24,Solvent_MolLogP
46,2D-Elec,25,Solvent_TPSA
46,2D-Elec,26,Solvent_NumHDonors
46,2D-Elec,27,Solvent_NumHAcceptors
46,2D-Elec,28,Solvent_LabuteASA
46,2D-Elec,29,Solvent_MaxPartialCharge
46,2D-Elec,30,Solvent_MinPartialCharge
46,2D-Elec,31,Solvent_MaxAbsPartialCharge
46,2D-Elec,32,Solvent_MinAbsPartialCharge
46,2D-Elec,33,Temperature_K
46,Sigma-Solv,1,Solute_MolWt
46,Sigma-Solv,2,Solute_HeavyAtomCount
46,Sigma-Solv,3,Solute_NumRotatableBonds
46,Sigma-Solv,4,Solute_RingCount
46,Sigma-Solv,5,Solute_NumAromaticRings
46,Sigma-Solv,6,Solute_BertzCT
46,Sigma-Solv,7,Solute_BalabanJ
46,Sigma-Solv,8,Solute_MolLogP
46,Sigma-Solv,9,Solute_TPSA
46,Sigma-Solv,10,Solute_NumHDonors
46,Sigma-Solv,11,Solute_NumHAcceptors
46,Sigma-Solv,12,Solute_LabuteASA
46,Sigma-Solv,13,Solute_MaxPartialCharge
46,Sigma-Solv,14,Solute_MinPartialCharge
46,Sigma-Solv,15,Solute_MaxAbsPartialCharge
46,Sigma-Solv,16,Solute_MinAbsPartialCharge
46,Sigma-Solv,17,Solvent_MolWt
46,Sigma-Solv,18,Solvent_HeavyAtomCount
46,Sigma-Solv,19,Solvent_NumRotatableBonds
46,Sigma-Solv,20,Solvent_RingCount
46,Sigma-Solv,21,Solvent_NumAromaticRings
46,Sigma-Solv,22,Solvent_BertzCT
46,Sigma-Solv,23,Solvent_BalabanJ
46,Sigma-Solv,24,Solvent_MolLogP
46,Sigma-Solv,25,Solvent_TPSA
46,Sigma-Solv,26,Solvent_NumHDonors
46,Sigma-Solv,27,Solvent_NumHAcceptors
46,Sigma-Solv,28,Solvent_LabuteASA
46,Sigma-Solv,29,Solvent_MaxPartialCharge
46,Sigma-Solv,30,Solvent_MinPartialCharge
46,Sigma-Solv,31,Solvent_MaxAbsPartialCharge
46,Sigma-Solv,32,Solvent_MinAbsPartialCharge
46,Sigma-Solv,33,Temperature_K
46,Sigma-Solv,34,Solute_sig2
46,Sigma-Solv,35,Solute_sig3
46,Sigma-Solv,36,Solute_M_hb_acc
46,Sigma-Solv,37,Solute_M_hb_don
46,Sigma-Solv,38,Solute_M_nonpolar
46,Sigma-Solv,39,Solute_pos_area_frac
46,Sigma-Solv,40,Solute_neg_area_frac
46,Sigma-Solv,41,Solvent_sig2
46,Sigma-Solv,42,Solvent_sig3
46,Sigma-Solv,43,Solvent_M_hb_acc
46,Sigma-Solv,44,Solvent_M_hb_don
46,Sigma-Solv,45,Solvent_M_nonpolar
46,Sigma-Solv,46,Solvent_pos_area_frac
46,Sigma-Solv,47,Solvent_neg_area_frac
46,CAT-Solv-47,1,Solute_BertzCT
46,CAT-Solv-47,2,Temperature_K
46,CAT-Solv-47,3,Solute_TPSA
46,CAT-Solv-47,4,Solute_HB_capacity
46,CAT-Solv-47,5,Solute_MolLogP
46,CAT-Solv-47,6,Solvent_pos_area_frac
46,CAT-Solv-47,7,Solute_BalabanJ
46,CAT-Solv-47,8,Solvent_MaxPartialCharge
46,CAT-Solv-47,9,Solute_MolWt
46,CAT-Solv-47,10,Solute_MaxPartialCharge
46,CAT-Solv-47,11,Solute_polar_surface_density
46,CAT-Solv-47,12,Solute_M_hb_don
46,CAT-Solv-47,13,Solute_sig3
46,CAT-Solv-47,14,Solute_RingCount
46,CAT-Solv-47,15,Solute_NumAromaticRings
46,CAT-Solv-47,16,Solute_M_nonpolar
46,CAT-Solv-47,17,Solute_sig2
46,CAT-Solv-47,18,Solute_LabuteASA
46,CAT-Solv-47,19,Cross_logP_abs_gap
46,CAT-Solv-47,20,Solute_MinAbsPartialCharge
46,CAT-Solv-47,21,Solute_NumRotatableBonds
46,CAT-Solv-47,22,Cross_sigma2_abs_gap
46,CAT-Solv-47,23,Solute_MaxAbsPartialCharge
46,CAT-Solv-47,24,Cross_TPSA_density_abs_gap
46,CAT-Solv-47,25,Solute_HeavyAtomCount
46,CAT-Solv-47,26,Cross_HB_directional_balance
46,CAT-Solv-47,27,Solvent_BalabanJ
46,CAT-Solv-47,28,Solvent_neg_area_frac
46,CAT-Solv-47,29,Solvent_sigma_asymmetry_abs
46,CAT-Solv-47,30,Solvent_MolLogP
46,CAT-Solv-47,31,Solute_MinPartialCharge
46,CAT-Solv-47,32,Cross_hb_don_moment_product
46,CAT-Solv-47,33,Solute_M_hb_acc
46,CAT-Solv-47,34,Solute_NumHDonors
46,CAT-Solv-47,35,Solute_pos_area_frac
46,CAT-Solv-47,36,Cross_nonpolar_match
46,CAT-Solv-47,37,Solvent_hydrophobic_density
46,CAT-Solv-47,38,Cross_surface_imbalance_product
46,CAT-Solv-47,39,Solvent_sig3
46,CAT-Solv-47,40,Solute_neg_area_frac
46,CAT-Solv-47,41,Cross_acc_to_don_surface
46,CAT-Solv-47,42,Cross_sigma3_abs_gap
46,CAT-Solv-47,43,Solvent_sig2
46,CAT-Solv-47,44,Class_ester_x_solute_TPSA_density
46,CAT-Solv-47,45,Solute_signed_surface_imbalance
46,CAT-Solv-47,46,Class_ester_x_solute_HBD
46,CAT-Solv-47,47,Cross_HB_capacity_product
47,2D-Min,1,Solute_MolWt
47,2D-Min,2,Solute_HeavyAtomCount
47,2D-Min,3,Solute_NumRotatableBonds
47,2D-Min,4,Solute_RingCount
47,2D-Min,5,Solute_NumAromaticRings
47,2D-Min,6,Solute_BertzCT
47,2D-Min,7,Solute_BalabanJ
47,2D-Min,8,Solute_MolLogP
47,2D-Min,9,Solute_TPSA
47,2D-Min,10,Solute_NumHDonors
47,2D-Min,11,Solute_NumHAcceptors
47,2D-Min,12,Solute_LabuteASA
47,2D-Min,13,Solvent_MolWt
47,2D-Min,14,Solvent_HeavyAtomCount
47,2D-Min,15,Solvent_NumRotatableBonds
47,2D-Min,16,Solvent_RingCount
47,2D-Min,17,Solvent_NumAromaticRings
47,2D-Min,18,Solvent_BertzCT
47,2D-Min,19,Solvent_BalabanJ
47,2D-Min,20,Solvent_MolLogP
47,2D-Min,21,Solvent_TPSA
47,2D-Min,22,Solvent_NumHDonors
47,2D-Min,23,Solvent_NumHAcceptors
47,2D-Min,24,Solvent_LabuteASA
47,2D-Min,25,Temperature_K
47,2D-Elec,1,Solute_MolWt
47,2D-Elec,2,Solute_HeavyAtomCount
47,2D-Elec,3,Solute_NumRotatableBonds
47,2D-Elec,4,Solute_RingCount
47,2D-Elec,5,Solute_NumAromaticRings
47,2D-Elec,6,Solute_BertzCT
47,2D-Elec,7,Solute_BalabanJ
47,2D-Elec,8,Solute_MolLogP
47,2D-Elec,9,Solute_TPSA
47,2D-Elec,10,Solute_NumHDonors
47,2D-Elec,11,Solute_NumHAcceptors
47,2D-Elec,12,Solute_LabuteASA
47,2D-Elec,13,Solute_MaxPartialCharge
47,2D-Elec,14,Solute_MinPartialCharge
47,2D-Elec,15,Solute_MaxAbsPartialCharge
47,2D-Elec,16,Solute_MinAbsPartialCharge
47,2D-Elec,17,Solvent_MolWt
47,2D-Elec,18,Solvent_HeavyAtomCount
47,2D-Elec,19,Solvent_NumRotatableBonds
47,2D-Elec,20,Solvent_RingCount
47,2D-Elec,21,Solvent_NumAromaticRings
47,2D-Elec,22,Solvent_BertzCT
47,2D-Elec,23,Solvent_BalabanJ
47,2D-Elec,24,Solvent_MolLogP
47,2D-Elec,25,Solvent_TPSA
47,2D-Elec,26,Solvent_NumHDonors
47,2D-Elec,27,Solvent_NumHAcceptors
47,2D-Elec,28,Solvent_LabuteASA
47,2D-Elec,29,Solvent_MaxPartialCharge
47,2D-Elec,30,Solvent_MinPartialCharge
47,2D-Elec,31,Solvent_MaxAbsPartialCharge
47,2D-Elec,32,Solvent_MinAbsPartialCharge
47,2D-Elec,33,Temperature_K
47,Sigma-Solv,1,Solute_MolWt
47,Sigma-Solv,2,Solute_HeavyAtomCount
47,Sigma-Solv,3,Solute_NumRotatableBonds
47,Sigma-Solv,4,Solute_RingCount
47,Sigma-Solv,5,Solute_NumAromaticRings
47,Sigma-Solv,6,Solute_BertzCT
47,Sigma-Solv,7,Solute_BalabanJ
47,Sigma-Solv,8,Solute_MolLogP
47,Sigma-Solv,9,Solute_TPSA
47,Sigma-Solv,10,Solute_NumHDonors
47,Sigma-Solv,11,Solute_NumHAcceptors
47,Sigma-Solv,12,Solute_LabuteASA
47,Sigma-Solv,13,Solute_MaxPartialCharge
47,Sigma-Solv,14,Solute_MinPartialCharge
47,Sigma-Solv,15,Solute_MaxAbsPartialCharge
47,Sigma-Solv,16,Solute_MinAbsPartialCharge
47,Sigma-Solv,17,Solvent_MolWt
47,Sigma-Solv,18,Solvent_HeavyAtomCount
47,Sigma-Solv,19,Solvent_NumRotatableBonds
47,Sigma-Solv,20,Solvent_RingCount
47,Sigma-Solv,21,Solvent_NumAromaticRings
47,Sigma-Solv,22,Solvent_BertzCT
47,Sigma-Solv,23,Solvent_BalabanJ
47,Sigma-Solv,24,Solvent_MolLogP
47,Sigma-Solv,25,Solvent_TPSA
47,Sigma-Solv,26,Solvent_NumHDonors
47,Sigma-Solv,27,Solvent_NumHAcceptors
47,Sigma-Solv,28,Solvent_LabuteASA
47,Sigma-Solv,29,Solvent_MaxPartialCharge
47,Sigma-Solv,30,Solvent_MinPartialCharge
47,Sigma-Solv,31,Solvent_MaxAbsPartialCharge
47,Sigma-Solv,32,Solvent_MinAbsPartialCharge
47,Sigma-Solv,33,Temperature_K
47,Sigma-Solv,34,Solute_sig2
47,Sigma-Solv,35,Solute_sig3
47,Sigma-Solv,36,Solute_M_hb_acc
47,Sigma-Solv,37,Solute_M_hb_don
47,Sigma-Solv,38,Solute_M_nonpolar
47,Sigma-Solv,39,Solute_pos_area_frac
47,Sigma-Solv,40,Solute_neg_area_frac
47,Sigma-Solv,41,Solvent_sig2
47,Sigma-Solv,42,Solvent_sig3
47,Sigma-Solv,43,Solvent_M_hb_acc
47,Sigma-Solv,44,Solvent_M_hb_don
47,Sigma-Solv,45,Solvent_M_nonpolar
47,Sigma-Solv,46,Solvent_pos_area_frac
47,Sigma-Solv,47,Solvent_neg_area_frac
47,CAT-Solv-47,1,Solute_BertzCT
47,CAT-Solv-47,2,Temperature_K
47,CAT-Solv-47,3,Solute_TPSA
47,CAT-Solv-47,4,Solute_HB_capacity
47,CAT-Solv-47,5,Solute_MolLogP
47,CAT-Solv-47,6,Solute_MolWt
47,CAT-Solv-47,7,Solvent_MaxPartialCharge
47,CAT-Solv-47,8,Solvent_pos_area_frac
47,CAT-Solv-47,9,Solute_BalabanJ
47,CAT-Solv-47,10,Solute_MaxPartialCharge
47,CAT-Solv-47,11,Solute_polar_surface_density
47,CAT-Solv-47,12,Solute_M_hb_don
47,CAT-Solv-47,13,Solute_M_nonpolar
47,CAT-Solv-47,14,Solute_RingCount
47,CAT-Solv-47,15,Solute_NumRotatableBonds
47,CAT-Solv-47,16,Solute_MinAbsPartialCharge
47,CAT-Solv-47,17,Solute_NumAromaticRings
47,CAT-Solv-47,18,Solute_sig3
47,CAT-Solv-47,19,Cross_TPSA_density_abs_gap
47,CAT-Solv-47,20,Solute_sig2
47,CAT-Solv-47,21,Cross_sigma2_abs_gap
47,CAT-Solv-47,22,Solute_LabuteASA
47,CAT-Solv-47,23,Solvent_BalabanJ
47,CAT-Solv-47,24,Cross_logP_abs_gap
47,CAT-Solv-47,25,Cross_hb_don_moment_product
47,CAT-Solv-47,26,Solute_MaxAbsPartialCharge
47,CAT-Solv-47,27,Solute_M_hb_acc
47,CAT-Solv-47,28,Cross_HB_directional_balance
47,CAT-Solv-47,29,Solute_HeavyAtomCount
47,CAT-Solv-47,30,Solute_MinPartialCharge
47,CAT-Solv-47,31,Solvent_MolLogP
47,CAT-Solv-47,32,Solvent_sigma_asymmetry_abs
47,CAT-Solv-47,33,Solute_NumHDonors
47,CAT-Solv-47,34,Solute_pos_area_frac
47,CAT-Solv-47,35,Cross_surface_imbalance_product
47,CAT-Solv-47,36,Cross_nonpolar_match
47,CAT-Solv-47,37,Solvent_hydrophobic_density
47,CAT-Solv-47,38,Solvent_neg_area_frac
47,CAT-Solv-47,39,Solvent_sig3
47,CAT-Solv-47,40,Solute_neg_area_frac
47,CAT-Solv-47,41,Cross_sigma3_abs_gap
47,CAT-Solv-47,42,Class_ester_x_solute_HBD
47,CAT-Solv-47,43,Class_ester_x_solute_TPSA_density
47,CAT-Solv-47,44,Solvent_sig2
47,CAT-Solv-47,45,Cross_HB_capacity_product
47,CAT-Solv-47,46,Solute_NumHAcceptors
47,CAT-Solv-47,47,Solute_signed_surface_imbalance
48,2D-Min,1,Solute_MolWt
48,2D-Min,2,Solute_HeavyAtomCount
48,2D-Min,3,Solute_NumRotatableBonds
48,2D-Min,4,Solute_RingCount
48,2D-Min,5,Solute_NumAromaticRings
48,2D-Min,6,Solute_BertzCT
48,2D-Min,7,Solute_BalabanJ
48,2D-Min,8,Solute_MolLogP
48,2D-Min,9,Solute_TPSA
48,2D-Min,10,Solute_NumHDonors
48,2D-Min,11,Solute_NumHAcceptors
48,2D-Min,12,Solute_LabuteASA
48,2D-Min,13,Solvent_MolWt
48,2D-Min,14,Solvent_HeavyAtomCount
48,2D-Min,15,Solvent_NumRotatableBonds
48,2D-Min,16,Solvent_RingCount
48,2D-Min,17,Solvent_NumAromaticRings
48,2D-Min,18,Solvent_BertzCT
48,2D-Min,19,Solvent_BalabanJ
48,2D-Min,20,Solvent_MolLogP
48,2D-Min,21,Solvent_TPSA
48,2D-Min,22,Solvent_NumHDonors
48,2D-Min,23,Solvent_NumHAcceptors
48,2D-Min,24,Solvent_LabuteASA
48,2D-Min,25,Temperature_K
48,2D-Elec,1,Solute_MolWt
48,2D-Elec,2,Solute_HeavyAtomCount
48,2D-Elec,3,Solute_NumRotatableBonds
48,2D-Elec,4,Solute_RingCount
48,2D-Elec,5,Solute_NumAromaticRings
48,2D-Elec,6,Solute_BertzCT
48,2D-Elec,7,Solute_BalabanJ
48,2D-Elec,8,Solute_MolLogP
48,2D-Elec,9,Solute_TPSA
48,2D-Elec,10,Solute_NumHDonors
48,2D-Elec,11,Solute_NumHAcceptors
48,2D-Elec,12,Solute_LabuteASA
48,2D-Elec,13,Solute_MaxPartialCharge
48,2D-Elec,14,Solute_MinPartialCharge
48,2D-Elec,15,Solute_MaxAbsPartialCharge
48,2D-Elec,16,Solute_MinAbsPartialCharge
48,2D-Elec,17,Solvent_MolWt
48,2D-Elec,18,Solvent_HeavyAtomCount
48,2D-Elec,19,Solvent_NumRotatableBonds
48,2D-Elec,20,Solvent_RingCount
48,2D-Elec,21,Solvent_NumAromaticRings
48,2D-Elec,22,Solvent_BertzCT
48,2D-Elec,23,Solvent_BalabanJ
48,2D-Elec,24,Solvent_MolLogP
48,2D-Elec,25,Solvent_TPSA
48,2D-Elec,26,Solvent_NumHDonors
48,2D-Elec,27,Solvent_NumHAcceptors
48,2D-Elec,28,Solvent_LabuteASA
48,2D-Elec,29,Solvent_MaxPartialCharge
48,2D-Elec,30,Solvent_MinPartialCharge
48,2D-Elec,31,Solvent_MaxAbsPartialCharge
48,2D-Elec,32,Solvent_MinAbsPartialCharge
48,2D-Elec,33,Temperature_K
48,Sigma-Solv,1,Solute_MolWt
48,Sigma-Solv,2,Solute_HeavyAtomCount
48,Sigma-Solv,3,Solute_NumRotatableBonds
48,Sigma-Solv,4,Solute_RingCount
48,Sigma-Solv,5,Solute_NumAromaticRings
48,Sigma-Solv,6,Solute_BertzCT
48,Sigma-Solv,7,Solute_BalabanJ
48,Sigma-Solv,8,Solute_MolLogP
48,Sigma-Solv,9,Solute_TPSA
48,Sigma-Solv,10,Solute_NumHDonors
48,Sigma-Solv,11,Solute_NumHAcceptors
48,Sigma-Solv,12,Solute_LabuteASA
48,Sigma-Solv,13,Solute_MaxPartialCharge
48,Sigma-Solv,14,Solute_MinPartialCharge
48,Sigma-Solv,15,Solute_MaxAbsPartialCharge
48,Sigma-Solv,16,Solute_MinAbsPartialCharge
48,Sigma-Solv,17,Solvent_MolWt
48,Sigma-Solv,18,Solvent_HeavyAtomCount
48,Sigma-Solv,19,Solvent_NumRotatableBonds
48,Sigma-Solv,20,Solvent_RingCount
48,Sigma-Solv,21,Solvent_NumAromaticRings
48,Sigma-Solv,22,Solvent_BertzCT
48,Sigma-Solv,23,Solvent_BalabanJ
48,Sigma-Solv,24,Solvent_MolLogP
48,Sigma-Solv,25,Solvent_TPSA
48,Sigma-Solv,26,Solvent_NumHDonors
48,Sigma-Solv,27,Solvent_NumHAcceptors
48,Sigma-Solv,28,Solvent_LabuteASA
48,Sigma-Solv,29,Solvent_MaxPartialCharge
48,Sigma-Solv,30,Solvent_MinPartialCharge
48,Sigma-Solv,31,Solvent_MaxAbsPartialCharge
48,Sigma-Solv,32,Solvent_MinAbsPartialCharge
48,Sigma-Solv,33,Temperature_K
48,Sigma-Solv,34,Solute_sig2
48,Sigma-Solv,35,Solute_sig3
48,Sigma-Solv,36,Solute_M_hb_acc
48,Sigma-Solv,37,Solute_M_hb_don
48,Sigma-Solv,38,Solute_M_nonpolar
48,Sigma-Solv,39,Solute_pos_area_frac
48,Sigma-Solv,40,Solute_neg_area_frac
48,Sigma-Solv,41,Solvent_sig2
48,Sigma-Solv,42,Solvent_sig3
48,Sigma-Solv,43,Solvent_M_hb_acc
48,Sigma-Solv,44,Solvent_M_hb_don
48,Sigma-Solv,45,Solvent_M_nonpolar
48,Sigma-Solv,46,Solvent_pos_area_frac
48,Sigma-Solv,47,Solvent_neg_area_frac
48,CAT-Solv-47,1,Solute_BertzCT
48,CAT-Solv-47,2,Temperature_K
48,CAT-Solv-47,3,Solute_TPSA
48,CAT-Solv-47,4,Solute_HB_capacity
48,CAT-Solv-47,5,Solute_MolLogP
48,CAT-Solv-47,6,Solute_BalabanJ
48,CAT-Solv-47,7,Solvent_pos_area_frac
48,CAT-Solv-47,8,Solute_MolWt
48,CAT-Solv-47,9,Solvent_MaxPartialCharge
48,CAT-Solv-47,10,Solute_MaxPartialCharge
48,CAT-Solv-47,11,Solute_polar_surface_density
48,CAT-Solv-47,12,Solute_M_hb_don
48,CAT-Solv-47,13,Solute_NumRotatableBonds
48,CAT-Solv-47,14,Solute_LabuteASA
48,CAT-Solv-47,15,Solute_RingCount
48,CAT-Solv-47,16,Solute_NumAromaticRings
48,CAT-Solv-47,17,Solute_MinAbsPartialCharge
48,CAT-Solv-47,18,Cross_sigma2_abs_gap
48,CAT-Solv-47,19,Solute_sig3
48,CAT-Solv-47,20,Solute_M_nonpolar
48,CAT-Solv-47,21,Cross_TPSA_density_abs_gap
48,CAT-Solv-47,22,Solute_sig2
48,CAT-Solv-47,23,Cross_logP_abs_gap
48,CAT-Solv-47,24,Solute_MaxAbsPartialCharge
48,CAT-Solv-47,25,Solute_HeavyAtomCount
48,CAT-Solv-47,26,Solvent_BalabanJ
48,CAT-Solv-47,27,Cross_hb_don_moment_product
48,CAT-Solv-47,28,Cross_HB_directional_balance
48,CAT-Solv-47,29,Solute_M_hb_acc
48,CAT-Solv-47,30,Solvent_MolLogP
48,CAT-Solv-47,31,Solute_MinPartialCharge
48,CAT-Solv-47,32,Solute_pos_area_frac
48,CAT-Solv-47,33,Solvent_sig3
48,CAT-Solv-47,34,Cross_nonpolar_match
48,CAT-Solv-47,35,Cross_surface_imbalance_product
48,CAT-Solv-47,36,Solvent_neg_area_frac
48,CAT-Solv-47,37,Solvent_sigma_asymmetry_abs
48,CAT-Solv-47,38,Solvent_hydrophobic_density
48,CAT-Solv-47,39,Solute_NumHDonors
48,CAT-Solv-47,40,Solvent_sig2
48,CAT-Solv-47,41,Cross_HB_capacity_product
48,CAT-Solv-47,42,Cross_sigma3_abs_gap
48,CAT-Solv-47,43,Solute_neg_area_frac
48,CAT-Solv-47,44,Class_ester_x_solute_TPSA_density
48,CAT-Solv-47,45,Cross_acc_to_don_surface
48,CAT-Solv-47,46,Class_ester_x_solute_HBD
48,CAT-Solv-47,47,Solvent_self_hbond_proxy
49,2D-Min,1,Solute_MolWt
49,2D-Min,2,Solute_HeavyAtomCount
49,2D-Min,3,Solute_NumRotatableBonds
49,2D-Min,4,Solute_RingCount
49,2D-Min,5,Solute_NumAromaticRings
49,2D-Min,6,Solute_BertzCT
49,2D-Min,7,Solute_BalabanJ
49,2D-Min,8,Solute_MolLogP
49,2D-Min,9,Solute_TPSA
49,2D-Min,10,Solute_NumHDonors
49,2D-Min,11,Solute_NumHAcceptors
49,2D-Min,12,Solute_LabuteASA
49,2D-Min,13,Solvent_MolWt
49,2D-Min,14,Solvent_HeavyAtomCount
49,2D-Min,15,Solvent_NumRotatableBonds
49,2D-Min,16,Solvent_RingCount
49,2D-Min,17,Solvent_NumAromaticRings
49,2D-Min,18,Solvent_BertzCT
49,2D-Min,19,Solvent_BalabanJ
49,2D-Min,20,Solvent_MolLogP
49,2D-Min,21,Solvent_TPSA
49,2D-Min,22,Solvent_NumHDonors
49,2D-Min,23,Solvent_NumHAcceptors
49,2D-Min,24,Solvent_LabuteASA
49,2D-Min,25,Temperature_K
49,2D-Elec,1,Solute_MolWt
49,2D-Elec,2,Solute_HeavyAtomCount
49,2D-Elec,3,Solute_NumRotatableBonds
49,2D-Elec,4,Solute_RingCount
49,2D-Elec,5,Solute_NumAromaticRings
49,2D-Elec,6,Solute_BertzCT
49,2D-Elec,7,Solute_BalabanJ
49,2D-Elec,8,Solute_MolLogP
49,2D-Elec,9,Solute_TPSA
49,2D-Elec,10,Solute_NumHDonors
49,2D-Elec,11,Solute_NumHAcceptors
49,2D-Elec,12,Solute_LabuteASA
49,2D-Elec,13,Solute_MaxPartialCharge
49,2D-Elec,14,Solute_MinPartialCharge
49,2D-Elec,15,Solute_MaxAbsPartialCharge
49,2D-Elec,16,Solute_MinAbsPartialCharge
49,2D-Elec,17,Solvent_MolWt
49,2D-Elec,18,Solvent_HeavyAtomCount
49,2D-Elec,19,Solvent_NumRotatableBonds
49,2D-Elec,20,Solvent_RingCount
49,2D-Elec,21,Solvent_NumAromaticRings
49,2D-Elec,22,Solvent_BertzCT
49,2D-Elec,23,Solvent_BalabanJ
49,2D-Elec,24,Solvent_MolLogP
49,2D-Elec,25,Solvent_TPSA
49,2D-Elec,26,Solvent_NumHDonors
49,2D-Elec,27,Solvent_NumHAcceptors
49,2D-Elec,28,Solvent_LabuteASA
49,2D-Elec,29,Solvent_MaxPartialCharge
49,2D-Elec,30,Solvent_MinPartialCharge
49,2D-Elec,31,Solvent_MaxAbsPartialCharge
49,2D-Elec,32,Solvent_MinAbsPartialCharge
49,2D-Elec,33,Temperature_K
49,Sigma-Solv,1,Solute_MolWt
49,Sigma-Solv,2,Solute_HeavyAtomCount
49,Sigma-Solv,3,Solute_NumRotatableBonds
49,Sigma-Solv,4,Solute_RingCount
49,Sigma-Solv,5,Solute_NumAromaticRings
49,Sigma-Solv,6,Solute_BertzCT
49,Sigma-Solv,7,Solute_BalabanJ
49,Sigma-Solv,8,Solute_MolLogP
49,Sigma-Solv,9,Solute_TPSA
49,Sigma-Solv,10,Solute_NumHDonors
49,Sigma-Solv,11,Solute_NumHAcceptors
49,Sigma-Solv,12,Solute_LabuteASA
49,Sigma-Solv,13,Solute_MaxPartialCharge
49,Sigma-Solv,14,Solute_MinPartialCharge
49,Sigma-Solv,15,Solute_MaxAbsPartialCharge
49,Sigma-Solv,16,Solute_MinAbsPartialCharge
49,Sigma-Solv,17,Solvent_MolWt
49,Sigma-Solv,18,Solvent_HeavyAtomCount
49,Sigma-Solv,19,Solvent_NumRotatableBonds
49,Sigma-Solv,20,Solvent_RingCount
49,Sigma-Solv,21,Solvent_NumAromaticRings
49,Sigma-Solv,22,Solvent_BertzCT
49,Sigma-Solv,23,Solvent_BalabanJ
49,Sigma-Solv,24,Solvent_MolLogP
49,Sigma-Solv,25,Solvent_TPSA
49,Sigma-Solv,26,Solvent_NumHDonors
49,Sigma-Solv,27,Solvent_NumHAcceptors
49,Sigma-Solv,28,Solvent_LabuteASA
49,Sigma-Solv,29,Solvent_MaxPartialCharge
49,Sigma-Solv,30,Solvent_MinPartialCharge
49,Sigma-Solv,31,Solvent_MaxAbsPartialCharge
49,Sigma-Solv,32,Solvent_MinAbsPartialCharge
49,Sigma-Solv,33,Temperature_K
49,Sigma-Solv,34,Solute_sig2
49,Sigma-Solv,35,Solute_sig3
49,Sigma-Solv,36,Solute_M_hb_acc
49,Sigma-Solv,37,Solute_M_hb_don
49,Sigma-Solv,38,Solute_M_nonpolar
49,Sigma-Solv,39,Solute_pos_area_frac
49,Sigma-Solv,40,Solute_neg_area_frac
49,Sigma-Solv,41,Solvent_sig2
49,Sigma-Solv,42,Solvent_sig3
49,Sigma-Solv,43,Solvent_M_hb_acc
49,Sigma-Solv,44,Solvent_M_hb_don
49,Sigma-Solv,45,Solvent_M_nonpolar
49,Sigma-Solv,46,Solvent_pos_area_frac
49,Sigma-Solv,47,Solvent_neg_area_frac
49,CAT-Solv-47,1,Solute_BertzCT
49,CAT-Solv-47,2,Temperature_K
49,CAT-Solv-47,3,Solute_TPSA
49,CAT-Solv-47,4,Solute_MolLogP
49,CAT-Solv-47,5,Solute_HB_capacity
49,CAT-Solv-47,6,Solute_MolWt
49,CAT-Solv-47,7,Solvent_MaxPartialCharge
49,CAT-Solv-47,8,Solvent_pos_area_frac
49,CAT-Solv-47,9,Solute_BalabanJ
49,CAT-Solv-47,10,Solute_polar_surface_density
49,CAT-Solv-47,11,Solute_RingCount
49,CAT-Solv-47,12,Solute_MaxPartialCharge
49,CAT-Solv-47,13,Solute_M_hb_don
49,CAT-Solv-47,14,Solute_NumAromaticRings
49,CAT-Solv-47,15,Solute_NumRotatableBonds
49,CAT-Solv-47,16,Solute_M_nonpolar
49,CAT-Solv-47,17,Cross_sigma2_abs_gap
49,CAT-Solv-47,18,Cross_logP_abs_gap
49,CAT-Solv-47,19,Solute_sig3
49,CAT-Solv-47,20,Solute_MinAbsPartialCharge
49,CAT-Solv-47,21,Solute_LabuteASA
49,CAT-Solv-47,22,Solute_sig2
49,CAT-Solv-47,23,Solute_MaxAbsPartialCharge
49,CAT-Solv-47,24,Cross_hb_don_moment_product
49,CAT-Solv-47,25,Solvent_BalabanJ
49,CAT-Solv-47,26,Solute_HeavyAtomCount
49,CAT-Solv-47,27,Cross_HB_directional_balance
49,CAT-Solv-47,28,Cross_TPSA_density_abs_gap
49,CAT-Solv-47,29,Solvent_MolLogP
49,CAT-Solv-47,30,Solute_MinPartialCharge
49,CAT-Solv-47,31,Solute_M_hb_acc
49,CAT-Solv-47,32,Cross_HB_capacity_product
49,CAT-Solv-47,33,Solvent_sigma_asymmetry_abs
49,CAT-Solv-47,34,Solvent_sig3
49,CAT-Solv-47,35,Solvent_hydrophobic_density
49,CAT-Solv-47,36,Cross_surface_imbalance_product
49,CAT-Solv-47,37,Solute_pos_area_frac
49,CAT-Solv-47,38,Solute_NumHDonors
49,CAT-Solv-47,39,Cross_nonpolar_match
49,CAT-Solv-47,40,Solute_neg_area_frac
49,CAT-Solv-47,41,Class_ester_x_solute_TPSA_density
49,CAT-Solv-47,42,Cross_sigma3_abs_gap
49,CAT-Solv-47,43,Cross_acc_to_don_surface
49,CAT-Solv-47,44,Solute_signed_surface_imbalance
49,CAT-Solv-47,45,Class_ester_x_solute_HBD
49,CAT-Solv-47,46,Solvent_sig2
49,CAT-Solv-47,47,Solvent_neg_area_frac
50,2D-Min,1,Solute_MolWt
50,2D-Min,2,Solute_HeavyAtomCount
50,2D-Min,3,Solute_NumRotatableBonds
50,2D-Min,4,Solute_RingCount
50,2D-Min,5,Solute_NumAromaticRings
50,2D-Min,6,Solute_BertzCT
50,2D-Min,7,Solute_BalabanJ
50,2D-Min,8,Solute_MolLogP
50,2D-Min,9,Solute_TPSA
50,2D-Min,10,Solute_NumHDonors
50,2D-Min,11,Solute_NumHAcceptors
50,2D-Min,12,Solute_LabuteASA
50,2D-Min,13,Solvent_MolWt
50,2D-Min,14,Solvent_HeavyAtomCount
50,2D-Min,15,Solvent_NumRotatableBonds
50,2D-Min,16,Solvent_RingCount
50,2D-Min,17,Solvent_NumAromaticRings
50,2D-Min,18,Solvent_BertzCT
50,2D-Min,19,Solvent_BalabanJ
50,2D-Min,20,Solvent_MolLogP
50,2D-Min,21,Solvent_TPSA
50,2D-Min,22,Solvent_NumHDonors
50,2D-Min,23,Solvent_NumHAcceptors
50,2D-Min,24,Solvent_LabuteASA
50,2D-Min,25,Temperature_K
50,2D-Elec,1,Solute_MolWt
50,2D-Elec,2,Solute_HeavyAtomCount
50,2D-Elec,3,Solute_NumRotatableBonds
50,2D-Elec,4,Solute_RingCount
50,2D-Elec,5,Solute_NumAromaticRings
50,2D-Elec,6,Solute_BertzCT
50,2D-Elec,7,Solute_BalabanJ
50,2D-Elec,8,Solute_MolLogP
50,2D-Elec,9,Solute_TPSA
50,2D-Elec,10,Solute_NumHDonors
50,2D-Elec,11,Solute_NumHAcceptors
50,2D-Elec,12,Solute_LabuteASA
50,2D-Elec,13,Solute_MaxPartialCharge
50,2D-Elec,14,Solute_MinPartialCharge
50,2D-Elec,15,Solute_MaxAbsPartialCharge
50,2D-Elec,16,Solute_MinAbsPartialCharge
50,2D-Elec,17,Solvent_MolWt
50,2D-Elec,18,Solvent_HeavyAtomCount
50,2D-Elec,19,Solvent_NumRotatableBonds
50,2D-Elec,20,Solvent_RingCount
50,2D-Elec,21,Solvent_NumAromaticRings
50,2D-Elec,22,Solvent_BertzCT
50,2D-Elec,23,Solvent_BalabanJ
50,2D-Elec,24,Solvent_MolLogP
50,2D-Elec,25,Solvent_TPSA
50,2D-Elec,26,Solvent_NumHDonors
50,2D-Elec,27,Solvent_NumHAcceptors
50,2D-Elec,28,Solvent_LabuteASA
50,2D-Elec,29,Solvent_MaxPartialCharge
50,2D-Elec,30,Solvent_MinPartialCharge
50,2D-Elec,31,Solvent_MaxAbsPartialCharge
50,2D-Elec,32,Solvent_MinAbsPartialCharge
50,2D-Elec,33,Temperature_K
50,Sigma-Solv,1,Solute_MolWt
50,Sigma-Solv,2,Solute_HeavyAtomCount
50,Sigma-Solv,3,Solute_NumRotatableBonds
50,Sigma-Solv,4,Solute_RingCount
50,Sigma-Solv,5,Solute_NumAromaticRings
50,Sigma-Solv,6,Solute_BertzCT
50,Sigma-Solv,7,Solute_BalabanJ
50,Sigma-Solv,8,Solute_MolLogP
50,Sigma-Solv,9,Solute_TPSA
50,Sigma-Solv,10,Solute_NumHDonors
50,Sigma-Solv,11,Solute_NumHAcceptors
50,Sigma-Solv,12,Solute_LabuteASA
50,Sigma-Solv,13,Solute_MaxPartialCharge
50,Sigma-Solv,14,Solute_MinPartialCharge
50,Sigma-Solv,15,Solute_MaxAbsPartialCharge
50,Sigma-Solv,16,Solute_MinAbsPartialCharge
50,Sigma-Solv,17,Solvent_MolWt
50,Sigma-Solv,18,Solvent_HeavyAtomCount
50,Sigma-Solv,19,Solvent_NumRotatableBonds
50,Sigma-Solv,20,Solvent_RingCount
50,Sigma-Solv,21,Solvent_NumAromaticRings
50,Sigma-Solv,22,Solvent_BertzCT
50,Sigma-Solv,23,Solvent_BalabanJ
50,Sigma-Solv,24,Solvent_MolLogP
50,Sigma-Solv,25,Solvent_TPSA
50,Sigma-Solv,26,Solvent_NumHDonors
50,Sigma-Solv,27,Solvent_NumHAcceptors
50,Sigma-Solv,28,Solvent_LabuteASA
50,Sigma-Solv,29,Solvent_MaxPartialCharge
50,Sigma-Solv,30,Solvent_MinPartialCharge
50,Sigma-Solv,31,Solvent_MaxAbsPartialCharge
50,Sigma-Solv,32,Solvent_MinAbsPartialCharge
50,Sigma-Solv,33,Temperature_K
50,Sigma-Solv,34,Solute_sig2
50,Sigma-Solv,35,Solute_sig3
50,Sigma-Solv,36,Solute_M_hb_acc
50,Sigma-Solv,37,Solute_M_hb_don
50,Sigma-Solv,38,Solute_M_nonpolar
50,Sigma-Solv,39,Solute_pos_area_frac
50,Sigma-Solv,40,Solute_neg_area_frac
50,Sigma-Solv,41,Solvent_sig2
50,Sigma-Solv,42,Solvent_sig3
50,Sigma-Solv,43,Solvent_M_hb_acc
50,Sigma-Solv,44,Solvent_M_hb_don
50,Sigma-Solv,45,Solvent_M_nonpolar
50,Sigma-Solv,46,Solvent_pos_area_frac
50,Sigma-Solv,47,Solvent_neg_area_frac
50,CAT-Solv-47,1,Solute_BertzCT
50,CAT-Solv-47,2,Temperature_K
50,CAT-Solv-47,3,Solute_TPSA
50,CAT-Solv-47,4,Solute_MolLogP
50,CAT-Solv-47,5,Solute_HB_capacity
50,CAT-Solv-47,6,Solute_MolWt
50,CAT-Solv-47,7,Solvent_MaxPartialCharge
50,CAT-Solv-47,8,Solvent_pos_area_frac
50,CAT-Solv-47,9,Solute_BalabanJ
50,CAT-Solv-47,10,Solute_MaxPartialCharge
50,CAT-Solv-47,11,Solute_RingCount
50,CAT-Solv-47,12,Solute_polar_surface_density
50,CAT-Solv-47,13,Solute_M_hb_don
50,CAT-Solv-47,14,Solute_NumAromaticRings
50,CAT-Solv-47,15,Cross_sigma2_abs_gap
50,CAT-Solv-47,16,Solute_sig3
50,CAT-Solv-47,17,Solute_MinAbsPartialCharge
50,CAT-Solv-47,18,Solute_NumRotatableBonds
50,CAT-Solv-47,19,Cross_logP_abs_gap
50,CAT-Solv-47,20,Solute_M_nonpolar
50,CAT-Solv-47,21,Solute_sig2
50,CAT-Solv-47,22,Solute_MaxAbsPartialCharge
50,CAT-Solv-47,23,Solute_LabuteASA
50,CAT-Solv-47,24,Solvent_BalabanJ
50,CAT-Solv-47,25,Solute_M_hb_acc
50,CAT-Solv-47,26,Cross_hb_don_moment_product
50,CAT-Solv-47,27,Cross_HB_directional_balance
50,CAT-Solv-47,28,Solvent_neg_area_frac
50,CAT-Solv-47,29,Solute_MinPartialCharge
50,CAT-Solv-47,30,Solvent_MolLogP
50,CAT-Solv-47,31,Solute_HeavyAtomCount
50,CAT-Solv-47,32,Solvent_sigma_asymmetry_abs
50,CAT-Solv-47,33,Solute_pos_area_frac
50,CAT-Solv-47,34,Cross_TPSA_density_abs_gap
50,CAT-Solv-47,35,Cross_surface_imbalance_product
50,CAT-Solv-47,36,Solute_NumHDonors
50,CAT-Solv-47,37,Cross_nonpolar_match
50,CAT-Solv-47,38,Solvent_hydrophobic_density
50,CAT-Solv-47,39,Solvent_sig3
50,CAT-Solv-47,40,Solute_neg_area_frac
50,CAT-Solv-47,41,Class_ester_x_solute_TPSA_density
50,CAT-Solv-47,42,Cross_HB_capacity_product
50,CAT-Solv-47,43,Cross_sigma3_abs_gap
50,CAT-Solv-47,44,Cross_acc_to_don_surface
50,CAT-Solv-47,45,Solvent_sig2
50,CAT-Solv-47,46,Class_ester_x_solute_HBD
50,CAT-Solv-47,47,Solute_signed_surface_imbalance
51,2D-Min,1,Solute_MolWt
51,2D-Min,2,Solute_HeavyAtomCount
51,2D-Min,3,Solute_NumRotatableBonds
51,2D-Min,4,Solute_RingCount
51,2D-Min,5,Solute_NumAromaticRings
51,2D-Min,6,Solute_BertzCT
51,2D-Min,7,Solute_BalabanJ
51,2D-Min,8,Solute_MolLogP
51,2D-Min,9,Solute_TPSA
51,2D-Min,10,Solute_NumHDonors
51,2D-Min,11,Solute_NumHAcceptors
51,2D-Min,12,Solute_LabuteASA
51,2D-Min,13,Solvent_MolWt
51,2D-Min,14,Solvent_HeavyAtomCount
51,2D-Min,15,Solvent_NumRotatableBonds
51,2D-Min,16,Solvent_RingCount
51,2D-Min,17,Solvent_NumAromaticRings
51,2D-Min,18,Solvent_BertzCT
51,2D-Min,19,Solvent_BalabanJ
51,2D-Min,20,Solvent_MolLogP
51,2D-Min,21,Solvent_TPSA
51,2D-Min,22,Solvent_NumHDonors
51,2D-Min,23,Solvent_NumHAcceptors
51,2D-Min,24,Solvent_LabuteASA
51,2D-Min,25,Temperature_K
51,2D-Elec,1,Solute_MolWt
51,2D-Elec,2,Solute_HeavyAtomCount
51,2D-Elec,3,Solute_NumRotatableBonds
51,2D-Elec,4,Solute_RingCount
51,2D-Elec,5,Solute_NumAromaticRings
51,2D-Elec,6,Solute_BertzCT
51,2D-Elec,7,Solute_BalabanJ
51,2D-Elec,8,Solute_MolLogP
51,2D-Elec,9,Solute_TPSA
51,2D-Elec,10,Solute_NumHDonors
51,2D-Elec,11,Solute_NumHAcceptors
51,2D-Elec,12,Solute_LabuteASA
51,2D-Elec,13,Solute_MaxPartialCharge
51,2D-Elec,14,Solute_MinPartialCharge
51,2D-Elec,15,Solute_MaxAbsPartialCharge
51,2D-Elec,16,Solute_MinAbsPartialCharge
51,2D-Elec,17,Solvent_MolWt
51,2D-Elec,18,Solvent_HeavyAtomCount
51,2D-Elec,19,Solvent_NumRotatableBonds
51,2D-Elec,20,Solvent_RingCount
51,2D-Elec,21,Solvent_NumAromaticRings
51,2D-Elec,22,Solvent_BertzCT
51,2D-Elec,23,Solvent_BalabanJ
51,2D-Elec,24,Solvent_MolLogP
51,2D-Elec,25,Solvent_TPSA
51,2D-Elec,26,Solvent_NumHDonors
51,2D-Elec,27,Solvent_NumHAcceptors
51,2D-Elec,28,Solvent_LabuteASA
51,2D-Elec,29,Solvent_MaxPartialCharge
51,2D-Elec,30,Solvent_MinPartialCharge
51,2D-Elec,31,Solvent_MaxAbsPartialCharge
51,2D-Elec,32,Solvent_MinAbsPartialCharge
51,2D-Elec,33,Temperature_K
51,Sigma-Solv,1,Solute_MolWt
51,Sigma-Solv,2,Solute_HeavyAtomCount
51,Sigma-Solv,3,Solute_NumRotatableBonds
51,Sigma-Solv,4,Solute_RingCount
51,Sigma-Solv,5,Solute_NumAromaticRings
51,Sigma-Solv,6,Solute_BertzCT
51,Sigma-Solv,7,Solute_BalabanJ
51,Sigma-Solv,8,Solute_MolLogP
51,Sigma-Solv,9,Solute_TPSA
51,Sigma-Solv,10,Solute_NumHDonors
51,Sigma-Solv,11,Solute_NumHAcceptors
51,Sigma-Solv,12,Solute_LabuteASA
51,Sigma-Solv,13,Solute_MaxPartialCharge
51,Sigma-Solv,14,Solute_MinPartialCharge
51,Sigma-Solv,15,Solute_MaxAbsPartialCharge
51,Sigma-Solv,16,Solute_MinAbsPartialCharge
51,Sigma-Solv,17,Solvent_MolWt
51,Sigma-Solv,18,Solvent_HeavyAtomCount
51,Sigma-Solv,19,Solvent_NumRotatableBonds
51,Sigma-Solv,20,Solvent_RingCount
51,Sigma-Solv,21,Solvent_NumAromaticRings
51,Sigma-Solv,22,Solvent_BertzCT
51,Sigma-Solv,23,Solvent_BalabanJ
51,Sigma-Solv,24,Solvent_MolLogP
51,Sigma-Solv,25,Solvent_TPSA
51,Sigma-Solv,26,Solvent_NumHDonors
51,Sigma-Solv,27,Solvent_NumHAcceptors
51,Sigma-Solv,28,Solvent_LabuteASA
51,Sigma-Solv,29,Solvent_MaxPartialCharge
51,Sigma-Solv,30,Solvent_MinPartialCharge
51,Sigma-Solv,31,Solvent_MaxAbsPartialCharge
51,Sigma-Solv,32,Solvent_MinAbsPartialCharge
51,Sigma-Solv,33,Temperature_K
51,Sigma-Solv,34,Solute_sig2
51,Sigma-Solv,35,Solute_sig3
51,Sigma-Solv,36,Solute_M_hb_acc
51,Sigma-Solv,37,Solute_M_hb_don
51,Sigma-Solv,38,Solute_M_nonpolar
51,Sigma-Solv,39,Solute_pos_area_frac
51,Sigma-Solv,40,Solute_neg_area_frac
51,Sigma-Solv,41,Solvent_sig2
51,Sigma-Solv,42,Solvent_sig3
51,Sigma-Solv,43,Solvent_M_hb_acc
51,Sigma-Solv,44,Solvent_M_hb_don
51,Sigma-Solv,45,Solvent_M_nonpolar
51,Sigma-Solv,46,Solvent_pos_area_frac
51,Sigma-Solv,47,Solvent_neg_area_frac
51,CAT-Solv-47,1,Solute_BertzCT
51,CAT-Solv-47,2,Temperature_K
51,CAT-Solv-47,3,Solute_TPSA
51,CAT-Solv-47,4,Solute_HB_capacity
51,CAT-Solv-47,5,Solute_MolLogP
51,CAT-Solv-47,6,Solvent_pos_area_frac
51,CAT-Solv-47,7,Solute_BalabanJ
51,CAT-Solv-47,8,Solute_MolWt
51,CAT-Solv-47,9,Solvent_MaxPartialCharge
51,CAT-Solv-47,10,Solute_MaxPartialCharge
51,CAT-Solv-47,11,Solute_NumAromaticRings
51,CAT-Solv-47,12,Solute_M_hb_don
51,CAT-Solv-47,13,Solute_RingCount
51,CAT-Solv-47,14,Solute_polar_surface_density
51,CAT-Solv-47,15,Solute_NumRotatableBonds
51,CAT-Solv-47,16,Solute_M_nonpolar
51,CAT-Solv-47,17,Solute_sig3
51,CAT-Solv-47,18,Cross_sigma2_abs_gap
51,CAT-Solv-47,19,Solute_MinAbsPartialCharge
51,CAT-Solv-47,20,Solute_MaxAbsPartialCharge
51,CAT-Solv-47,21,Cross_TPSA_density_abs_gap
51,CAT-Solv-47,22,Solute_sig2
51,CAT-Solv-47,23,Solute_LabuteASA
51,CAT-Solv-47,24,Solvent_BalabanJ
51,CAT-Solv-47,25,Cross_logP_abs_gap
51,CAT-Solv-47,26,Solute_HeavyAtomCount
51,CAT-Solv-47,27,Solute_M_hb_acc
51,CAT-Solv-47,28,Cross_HB_directional_balance
51,CAT-Solv-47,29,Cross_hb_don_moment_product
51,CAT-Solv-47,30,Solvent_MolLogP
51,CAT-Solv-47,31,Solvent_sigma_asymmetry_abs
51,CAT-Solv-47,32,Solute_MinPartialCharge
51,CAT-Solv-47,33,Solute_pos_area_frac
51,CAT-Solv-47,34,Solvent_sig3
51,CAT-Solv-47,35,Cross_nonpolar_match
51,CAT-Solv-47,36,Solvent_hydrophobic_density
51,CAT-Solv-47,37,Cross_surface_imbalance_product
51,CAT-Solv-47,38,Solute_NumHDonors
51,CAT-Solv-47,39,Solute_neg_area_frac
51,CAT-Solv-47,40,Class_ester_x_solute_TPSA_density
51,CAT-Solv-47,41,Cross_acc_to_don_surface
51,CAT-Solv-47,42,Cross_sigma3_abs_gap
51,CAT-Solv-47,43,Cross_HB_capacity_product
51,CAT-Solv-47,44,Solvent_sig2
51,CAT-Solv-47,45,Solvent_neg_area_frac
51,CAT-Solv-47,46,Class_ester_x_solute_HBD
51,CAT-Solv-47,47,Cross_pos_area_abs_gap
52,2D-Min,1,Solute_MolWt
52,2D-Min,2,Solute_HeavyAtomCount
52,2D-Min,3,Solute_NumRotatableBonds
52,2D-Min,4,Solute_RingCount
52,2D-Min,5,Solute_NumAromaticRings
52,2D-Min,6,Solute_BertzCT
52,2D-Min,7,Solute_BalabanJ
52,2D-Min,8,Solute_MolLogP
52,2D-Min,9,Solute_TPSA
52,2D-Min,10,Solute_NumHDonors
52,2D-Min,11,Solute_NumHAcceptors
52,2D-Min,12,Solute_LabuteASA
52,2D-Min,13,Solvent_MolWt
52,2D-Min,14,Solvent_HeavyAtomCount
52,2D-Min,15,Solvent_NumRotatableBonds
52,2D-Min,16,Solvent_RingCount
52,2D-Min,17,Solvent_NumAromaticRings
52,2D-Min,18,Solvent_BertzCT
52,2D-Min,19,Solvent_BalabanJ
52,2D-Min,20,Solvent_MolLogP
52,2D-Min,21,Solvent_TPSA
52,2D-Min,22,Solvent_NumHDonors
52,2D-Min,23,Solvent_NumHAcceptors
52,2D-Min,24,Solvent_LabuteASA
52,2D-Min,25,Temperature_K
52,2D-Elec,1,Solute_MolWt
52,2D-Elec,2,Solute_HeavyAtomCount
52,2D-Elec,3,Solute_NumRotatableBonds
52,2D-Elec,4,Solute_RingCount
52,2D-Elec,5,Solute_NumAromaticRings
52,2D-Elec,6,Solute_BertzCT
52,2D-Elec,7,Solute_BalabanJ
52,2D-Elec,8,Solute_MolLogP
52,2D-Elec,9,Solute_TPSA
52,2D-Elec,10,Solute_NumHDonors
52,2D-Elec,11,Solute_NumHAcceptors
52,2D-Elec,12,Solute_LabuteASA
52,2D-Elec,13,Solute_MaxPartialCharge
52,2D-Elec,14,Solute_MinPartialCharge
52,2D-Elec,15,Solute_MaxAbsPartialCharge
52,2D-Elec,16,Solute_MinAbsPartialCharge
52,2D-Elec,17,Solvent_MolWt
52,2D-Elec,18,Solvent_HeavyAtomCount
52,2D-Elec,19,Solvent_NumRotatableBonds
52,2D-Elec,20,Solvent_RingCount
52,2D-Elec,21,Solvent_NumAromaticRings
52,2D-Elec,22,Solvent_BertzCT
52,2D-Elec,23,Solvent_BalabanJ
52,2D-Elec,24,Solvent_MolLogP
52,2D-Elec,25,Solvent_TPSA
52,2D-Elec,26,Solvent_NumHDonors
52,2D-Elec,27,Solvent_NumHAcceptors
52,2D-Elec,28,Solvent_LabuteASA
52,2D-Elec,29,Solvent_MaxPartialCharge
52,2D-Elec,30,Solvent_MinPartialCharge
52,2D-Elec,31,Solvent_MaxAbsPartialCharge
52,2D-Elec,32,Solvent_MinAbsPartialCharge
52,2D-Elec,33,Temperature_K
52,Sigma-Solv,1,Solute_MolWt
52,Sigma-Solv,2,Solute_HeavyAtomCount
52,Sigma-Solv,3,Solute_NumRotatableBonds
52,Sigma-Solv,4,Solute_RingCount
52,Sigma-Solv,5,Solute_NumAromaticRings
52,Sigma-Solv,6,Solute_BertzCT
52,Sigma-Solv,7,Solute_BalabanJ
52,Sigma-Solv,8,Solute_MolLogP
52,Sigma-Solv,9,Solute_TPSA
52,Sigma-Solv,10,Solute_NumHDonors
52,Sigma-Solv,11,Solute_NumHAcceptors
52,Sigma-Solv,12,Solute_LabuteASA
52,Sigma-Solv,13,Solute_MaxPartialCharge
52,Sigma-Solv,14,Solute_MinPartialCharge
52,Sigma-Solv,15,Solute_MaxAbsPartialCharge
52,Sigma-Solv,16,Solute_MinAbsPartialCharge
52,Sigma-Solv,17,Solvent_MolWt
52,Sigma-Solv,18,Solvent_HeavyAtomCount
52,Sigma-Solv,19,Solvent_NumRotatableBonds
52,Sigma-Solv,20,Solvent_RingCount
52,Sigma-Solv,21,Solvent_NumAromaticRings
52,Sigma-Solv,22,Solvent_BertzCT
52,Sigma-Solv,23,Solvent_BalabanJ
52,Sigma-Solv,24,Solvent_MolLogP
52,Sigma-Solv,25,Solvent_TPSA
52,Sigma-Solv,26,Solvent_NumHDonors
52,Sigma-Solv,27,Solvent_NumHAcceptors
52,Sigma-Solv,28,Solvent_LabuteASA
52,Sigma-Solv,29,Solvent_MaxPartialCharge
52,Sigma-Solv,30,Solvent_MinPartialCharge
52,Sigma-Solv,31,Solvent_MaxAbsPartialCharge
52,Sigma-Solv,32,Solvent_MinAbsPartialCharge
52,Sigma-Solv,33,Temperature_K
52,Sigma-Solv,34,Solute_sig2
52,Sigma-Solv,35,Solute_sig3
52,Sigma-Solv,36,Solute_M_hb_acc
52,Sigma-Solv,37,Solute_M_hb_don
52,Sigma-Solv,38,Solute_M_nonpolar
52,Sigma-Solv,39,Solute_pos_area_frac
52,Sigma-Solv,40,Solute_neg_area_frac
52,Sigma-Solv,41,Solvent_sig2
52,Sigma-Solv,42,Solvent_sig3
52,Sigma-Solv,43,Solvent_M_hb_acc
52,Sigma-Solv,44,Solvent_M_hb_don
52,Sigma-Solv,45,Solvent_M_nonpolar
52,Sigma-Solv,46,Solvent_pos_area_frac
52,Sigma-Solv,47,Solvent_neg_area_frac
52,CAT-Solv-47,1,Solute_BertzCT
52,CAT-Solv-47,2,Temperature_K
52,CAT-Solv-47,3,Solute_TPSA
52,CAT-Solv-47,4,Solute_MolLogP
52,CAT-Solv-47,5,Solute_HB_capacity
52,CAT-Solv-47,6,Solvent_MaxPartialCharge
52,CAT-Solv-47,7,Solute_MolWt
52,CAT-Solv-47,8,Solvent_pos_area_frac
52,CAT-Solv-47,9,Solute_BalabanJ
52,CAT-Solv-47,10,Solute_MaxPartialCharge
52,CAT-Solv-47,11,Solute_M_hb_don
52,CAT-Solv-47,12,Solute_polar_surface_density
52,CAT-Solv-47,13,Solute_RingCount
52,CAT-Solv-47,14,Cross_sigma2_abs_gap
52,CAT-Solv-47,15,Solute_NumRotatableBonds
52,CAT-Solv-47,16,Cross_logP_abs_gap
52,CAT-Solv-47,17,Solute_NumAromaticRings
52,CAT-Solv-47,18,Solute_MinAbsPartialCharge
52,CAT-Solv-47,19,Solute_sig3
52,CAT-Solv-47,20,Solute_MaxAbsPartialCharge
52,CAT-Solv-47,21,Solute_LabuteASA
52,CAT-Solv-47,22,Solute_M_nonpolar
52,CAT-Solv-47,23,Solute_sig2
52,CAT-Solv-47,24,Solvent_BalabanJ
52,CAT-Solv-47,25,Cross_hb_don_moment_product
52,CAT-Solv-47,26,Solvent_sigma_asymmetry_abs
52,CAT-Solv-47,27,Solute_M_hb_acc
52,CAT-Solv-47,28,Cross_TPSA_density_abs_gap
52,CAT-Solv-47,29,Solute_HeavyAtomCount
52,CAT-Solv-47,30,Cross_HB_directional_balance
52,CAT-Solv-47,31,Solute_MinPartialCharge
52,CAT-Solv-47,32,Solvent_neg_area_frac
52,CAT-Solv-47,33,Solute_pos_area_frac
52,CAT-Solv-47,34,Cross_surface_imbalance_product
52,CAT-Solv-47,35,Cross_nonpolar_match
52,CAT-Solv-47,36,Solute_NumHDonors
52,CAT-Solv-47,37,Solvent_MolLogP
52,CAT-Solv-47,38,Solute_neg_area_frac
52,CAT-Solv-47,39,Solvent_sig3
52,CAT-Solv-47,40,Solvent_hydrophobic_density
52,CAT-Solv-47,41,Class_ester_x_solute_TPSA_density
52,CAT-Solv-47,42,Solvent_sig2
52,CAT-Solv-47,43,Cross_sigma3_abs_gap
52,CAT-Solv-47,44,Solvent_self_hbond_proxy
52,CAT-Solv-47,45,Cross_acc_to_don_surface
52,CAT-Solv-47,46,Solute_signed_surface_imbalance
52,CAT-Solv-47,47,Cross_pos_area_abs_gap
53,2D-Min,1,Solute_MolWt
53,2D-Min,2,Solute_HeavyAtomCount
53,2D-Min,3,Solute_NumRotatableBonds
53,2D-Min,4,Solute_RingCount
53,2D-Min,5,Solute_NumAromaticRings
53,2D-Min,6,Solute_BertzCT
53,2D-Min,7,Solute_BalabanJ
53,2D-Min,8,Solute_MolLogP
53,2D-Min,9,Solute_TPSA
53,2D-Min,10,Solute_NumHDonors
53,2D-Min,11,Solute_NumHAcceptors
53,2D-Min,12,Solute_LabuteASA
53,2D-Min,13,Solvent_MolWt
53,2D-Min,14,Solvent_HeavyAtomCount
53,2D-Min,15,Solvent_NumRotatableBonds
53,2D-Min,16,Solvent_RingCount
53,2D-Min,17,Solvent_NumAromaticRings
53,2D-Min,18,Solvent_BertzCT
53,2D-Min,19,Solvent_BalabanJ
53,2D-Min,20,Solvent_MolLogP
53,2D-Min,21,Solvent_TPSA
53,2D-Min,22,Solvent_NumHDonors
53,2D-Min,23,Solvent_NumHAcceptors
53,2D-Min,24,Solvent_LabuteASA
53,2D-Min,25,Temperature_K
53,2D-Elec,1,Solute_MolWt
53,2D-Elec,2,Solute_HeavyAtomCount
53,2D-Elec,3,Solute_NumRotatableBonds
53,2D-Elec,4,Solute_RingCount
53,2D-Elec,5,Solute_NumAromaticRings
53,2D-Elec,6,Solute_BertzCT
53,2D-Elec,7,Solute_BalabanJ
53,2D-Elec,8,Solute_MolLogP
53,2D-Elec,9,Solute_TPSA
53,2D-Elec,10,Solute_NumHDonors
53,2D-Elec,11,Solute_NumHAcceptors
53,2D-Elec,12,Solute_LabuteASA
53,2D-Elec,13,Solute_MaxPartialCharge
53,2D-Elec,14,Solute_MinPartialCharge
53,2D-Elec,15,Solute_MaxAbsPartialCharge
53,2D-Elec,16,Solute_MinAbsPartialCharge
53,2D-Elec,17,Solvent_MolWt
53,2D-Elec,18,Solvent_HeavyAtomCount
53,2D-Elec,19,Solvent_NumRotatableBonds
53,2D-Elec,20,Solvent_RingCount
53,2D-Elec,21,Solvent_NumAromaticRings
53,2D-Elec,22,Solvent_BertzCT
53,2D-Elec,23,Solvent_BalabanJ
53,2D-Elec,24,Solvent_MolLogP
53,2D-Elec,25,Solvent_TPSA
53,2D-Elec,26,Solvent_NumHDonors
53,2D-Elec,27,Solvent_NumHAcceptors
53,2D-Elec,28,Solvent_LabuteASA
53,2D-Elec,29,Solvent_MaxPartialCharge
53,2D-Elec,30,Solvent_MinPartialCharge
53,2D-Elec,31,Solvent_MaxAbsPartialCharge
53,2D-Elec,32,Solvent_MinAbsPartialCharge
53,2D-Elec,33,Temperature_K
53,Sigma-Solv,1,Solute_MolWt
53,Sigma-Solv,2,Solute_HeavyAtomCount
53,Sigma-Solv,3,Solute_NumRotatableBonds
53,Sigma-Solv,4,Solute_RingCount
53,Sigma-Solv,5,Solute_NumAromaticRings
53,Sigma-Solv,6,Solute_BertzCT
53,Sigma-Solv,7,Solute_BalabanJ
53,Sigma-Solv,8,Solute_MolLogP
53,Sigma-Solv,9,Solute_TPSA
53,Sigma-Solv,10,Solute_NumHDonors
53,Sigma-Solv,11,Solute_NumHAcceptors
53,Sigma-Solv,12,Solute_LabuteASA
53,Sigma-Solv,13,Solute_MaxPartialCharge
53,Sigma-Solv,14,Solute_MinPartialCharge
53,Sigma-Solv,15,Solute_MaxAbsPartialCharge
53,Sigma-Solv,16,Solute_MinAbsPartialCharge
53,Sigma-Solv,17,Solvent_MolWt
53,Sigma-Solv,18,Solvent_HeavyAtomCount
53,Sigma-Solv,19,Solvent_NumRotatableBonds
53,Sigma-Solv,20,Solvent_RingCount
53,Sigma-Solv,21,Solvent_NumAromaticRings
53,Sigma-Solv,22,Solvent_BertzCT
53,Sigma-Solv,23,Solvent_BalabanJ
53,Sigma-Solv,24,Solvent_MolLogP
53,Sigma-Solv,25,Solvent_TPSA
53,Sigma-Solv,26,Solvent_NumHDonors
53,Sigma-Solv,27,Solvent_NumHAcceptors
53,Sigma-Solv,28,Solvent_LabuteASA
53,Sigma-Solv,29,Solvent_MaxPartialCharge
53,Sigma-Solv,30,Solvent_MinPartialCharge
53,Sigma-Solv,31,Solvent_MaxAbsPartialCharge
53,Sigma-Solv,32,Solvent_MinAbsPartialCharge
53,Sigma-Solv,33,Temperature_K
53,Sigma-Solv,34,Solute_sig2
53,Sigma-Solv,35,Solute_sig3
53,Sigma-Solv,36,Solute_M_hb_acc
53,Sigma-Solv,37,Solute_M_hb_don
53,Sigma-Solv,38,Solute_M_nonpolar
53,Sigma-Solv,39,Solute_pos_area_frac
53,Sigma-Solv,40,Solute_neg_area_frac
53,Sigma-Solv,41,Solvent_sig2
53,Sigma-Solv,42,Solvent_sig3
53,Sigma-Solv,43,Solvent_M_hb_acc
53,Sigma-Solv,44,Solvent_M_hb_don
53,Sigma-Solv,45,Solvent_M_nonpolar
53,Sigma-Solv,46,Solvent_pos_area_frac
53,Sigma-Solv,47,Solvent_neg_area_frac
53,CAT-Solv-47,1,Solute_BertzCT
53,CAT-Solv-47,2,Temperature_K
53,CAT-Solv-47,3,Solute_TPSA
53,CAT-Solv-47,4,Solute_MolLogP
53,CAT-Solv-47,5,Solute_HB_capacity
53,CAT-Solv-47,6,Solute_MolWt
53,CAT-Solv-47,7,Solvent_MaxPartialCharge
53,CAT-Solv-47,8,Solute_BalabanJ
53,CAT-Solv-47,9,Solvent_pos_area_frac
53,CAT-Solv-47,10,Solute_RingCount
53,CAT-Solv-47,11,Solute_M_hb_don
53,CAT-Solv-47,12,Solute_MaxPartialCharge
53,CAT-Solv-47,13,Solute_polar_surface_density
53,CAT-Solv-47,14,Solute_MinAbsPartialCharge
53,CAT-Solv-47,15,Cross_sigma2_abs_gap
53,CAT-Solv-47,16,Solute_sig3
53,CAT-Solv-47,17,Cross_logP_abs_gap
53,CAT-Solv-47,18,Solute_NumRotatableBonds
53,CAT-Solv-47,19,Solute_NumAromaticRings
53,CAT-Solv-47,20,Solute_sig2
53,CAT-Solv-47,21,Solute_M_nonpolar
53,CAT-Solv-47,22,Solute_LabuteASA
53,CAT-Solv-47,23,Cross_HB_directional_balance
53,CAT-Solv-47,24,Cross_TPSA_density_abs_gap
53,CAT-Solv-47,25,Solvent_BalabanJ
53,CAT-Solv-47,26,Cross_hb_don_moment_product
53,CAT-Solv-47,27,Solute_M_hb_acc
53,CAT-Solv-47,28,Solute_MaxAbsPartialCharge
53,CAT-Solv-47,29,Solvent_MolLogP
53,CAT-Solv-47,30,Solute_MinPartialCharge
53,CAT-Solv-47,31,Solute_HeavyAtomCount
53,CAT-Solv-47,32,Solvent_sigma_asymmetry_abs
53,CAT-Solv-47,33,Cross_surface_imbalance_product
53,CAT-Solv-47,34,Cross_nonpolar_match
53,CAT-Solv-47,35,Solute_pos_area_frac
53,CAT-Solv-47,36,Solvent_sig3
53,CAT-Solv-47,37,Solute_NumHDonors
53,CAT-Solv-47,38,Solvent_hydrophobic_density
53,CAT-Solv-47,39,Solvent_sig2
53,CAT-Solv-47,40,Class_ester_x_solute_TPSA_density
53,CAT-Solv-47,41,Solvent_neg_area_frac
53,CAT-Solv-47,42,Solute_neg_area_frac
53,CAT-Solv-47,43,Cross_sigma3_abs_gap
53,CAT-Solv-47,44,Class_ester_x_solute_HBD
53,CAT-Solv-47,45,Cross_HB_capacity_product
53,CAT-Solv-47,46,Cross_pos_area_abs_gap
53,CAT-Solv-47,47,Cross_acc_to_don_surface
54,2D-Min,1,Solute_MolWt
54,2D-Min,2,Solute_HeavyAtomCount
54,2D-Min,3,Solute_NumRotatableBonds
54,2D-Min,4,Solute_RingCount
54,2D-Min,5,Solute_NumAromaticRings
54,2D-Min,6,Solute_BertzCT
54,2D-Min,7,Solute_BalabanJ
54,2D-Min,8,Solute_MolLogP
54,2D-Min,9,Solute_TPSA
54,2D-Min,10,Solute_NumHDonors
54,2D-Min,11,Solute_NumHAcceptors
54,2D-Min,12,Solute_LabuteASA
54,2D-Min,13,Solvent_MolWt
54,2D-Min,14,Solvent_HeavyAtomCount
54,2D-Min,15,Solvent_NumRotatableBonds
54,2D-Min,16,Solvent_RingCount
54,2D-Min,17,Solvent_NumAromaticRings
54,2D-Min,18,Solvent_BertzCT
54,2D-Min,19,Solvent_BalabanJ
54,2D-Min,20,Solvent_MolLogP
54,2D-Min,21,Solvent_TPSA
54,2D-Min,22,Solvent_NumHDonors
54,2D-Min,23,Solvent_NumHAcceptors
54,2D-Min,24,Solvent_LabuteASA
54,2D-Min,25,Temperature_K
54,2D-Elec,1,Solute_MolWt
54,2D-Elec,2,Solute_HeavyAtomCount
54,2D-Elec,3,Solute_NumRotatableBonds
54,2D-Elec,4,Solute_RingCount
54,2D-Elec,5,Solute_NumAromaticRings
54,2D-Elec,6,Solute_BertzCT
54,2D-Elec,7,Solute_BalabanJ
54,2D-Elec,8,Solute_MolLogP
54,2D-Elec,9,Solute_TPSA
54,2D-Elec,10,Solute_NumHDonors
54,2D-Elec,11,Solute_NumHAcceptors
54,2D-Elec,12,Solute_LabuteASA
54,2D-Elec,13,Solute_MaxPartialCharge
54,2D-Elec,14,Solute_MinPartialCharge
54,2D-Elec,15,Solute_MaxAbsPartialCharge
54,2D-Elec,16,Solute_MinAbsPartialCharge
54,2D-Elec,17,Solvent_MolWt
54,2D-Elec,18,Solvent_HeavyAtomCount
54,2D-Elec,19,Solvent_NumRotatableBonds
54,2D-Elec,20,Solvent_RingCount
54,2D-Elec,21,Solvent_NumAromaticRings
54,2D-Elec,22,Solvent_BertzCT
54,2D-Elec,23,Solvent_BalabanJ
54,2D-Elec,24,Solvent_MolLogP
54,2D-Elec,25,Solvent_TPSA
54,2D-Elec,26,Solvent_NumHDonors
54,2D-Elec,27,Solvent_NumHAcceptors
54,2D-Elec,28,Solvent_LabuteASA
54,2D-Elec,29,Solvent_MaxPartialCharge
54,2D-Elec,30,Solvent_MinPartialCharge
54,2D-Elec,31,Solvent_MaxAbsPartialCharge
54,2D-Elec,32,Solvent_MinAbsPartialCharge
54,2D-Elec,33,Temperature_K
54,Sigma-Solv,1,Solute_MolWt
54,Sigma-Solv,2,Solute_HeavyAtomCount
54,Sigma-Solv,3,Solute_NumRotatableBonds
54,Sigma-Solv,4,Solute_RingCount
54,Sigma-Solv,5,Solute_NumAromaticRings
54,Sigma-Solv,6,Solute_BertzCT
54,Sigma-Solv,7,Solute_BalabanJ
54,Sigma-Solv,8,Solute_MolLogP
54,Sigma-Solv,9,Solute_TPSA
54,Sigma-Solv,10,Solute_NumHDonors
54,Sigma-Solv,11,Solute_NumHAcceptors
54,Sigma-Solv,12,Solute_LabuteASA
54,Sigma-Solv,13,Solute_MaxPartialCharge
54,Sigma-Solv,14,Solute_MinPartialCharge
54,Sigma-Solv,15,Solute_MaxAbsPartialCharge
54,Sigma-Solv,16,Solute_MinAbsPartialCharge
54,Sigma-Solv,17,Solvent_MolWt
54,Sigma-Solv,18,Solvent_HeavyAtomCount
54,Sigma-Solv,19,Solvent_NumRotatableBonds
54,Sigma-Solv,20,Solvent_RingCount
54,Sigma-Solv,21,Solvent_NumAromaticRings
54,Sigma-Solv,22,Solvent_BertzCT
54,Sigma-Solv,23,Solvent_BalabanJ
54,Sigma-Solv,24,Solvent_MolLogP
54,Sigma-Solv,25,Solvent_TPSA
54,Sigma-Solv,26,Solvent_NumHDonors
54,Sigma-Solv,27,Solvent_NumHAcceptors
54,Sigma-Solv,28,Solvent_LabuteASA
54,Sigma-Solv,29,Solvent_MaxPartialCharge
54,Sigma-Solv,30,Solvent_MinPartialCharge
54,Sigma-Solv,31,Solvent_MaxAbsPartialCharge
54,Sigma-Solv,32,Solvent_MinAbsPartialCharge
54,Sigma-Solv,33,Temperature_K
54,Sigma-Solv,34,Solute_sig2
54,Sigma-Solv,35,Solute_sig3
54,Sigma-Solv,36,Solute_M_hb_acc
54,Sigma-Solv,37,Solute_M_hb_don
54,Sigma-Solv,38,Solute_M_nonpolar
54,Sigma-Solv,39,Solute_pos_area_frac
54,Sigma-Solv,40,Solute_neg_area_frac
54,Sigma-Solv,41,Solvent_sig2
54,Sigma-Solv,42,Solvent_sig3
54,Sigma-Solv,43,Solvent_M_hb_acc
54,Sigma-Solv,44,Solvent_M_hb_don
54,Sigma-Solv,45,Solvent_M_nonpolar
54,Sigma-Solv,46,Solvent_pos_area_frac
54,Sigma-Solv,47,Solvent_neg_area_frac
54,CAT-Solv-47,1,Solute_BertzCT
54,CAT-Solv-47,2,Temperature_K
54,CAT-Solv-47,3,Solute_TPSA
54,CAT-Solv-47,4,Solute_HB_capacity
54,CAT-Solv-47,5,Solute_MolLogP
54,CAT-Solv-47,6,Solvent_pos_area_frac
54,CAT-Solv-47,7,Solvent_MaxPartialCharge
54,CAT-Solv-47,8,Solute_MolWt
54,CAT-Solv-47,9,Solute_BalabanJ
54,CAT-Solv-47,10,Solute_MaxPartialCharge
54,CAT-Solv-47,11,Solute_RingCount
54,CAT-Solv-47,12,Solute_polar_surface_density
54,CAT-Solv-47,13,Solute_M_hb_don
54,CAT-Solv-47,14,Cross_sigma2_abs_gap
54,CAT-Solv-47,15,Solute_sig3
54,CAT-Solv-47,16,Solute_NumRotatableBonds
54,CAT-Solv-47,17,Solute_NumAromaticRings
54,CAT-Solv-47,18,Solute_M_nonpolar
54,CAT-Solv-47,19,Solute_MinAbsPartialCharge
54,CAT-Solv-47,20,Cross_logP_abs_gap
54,CAT-Solv-47,21,Solute_LabuteASA
54,CAT-Solv-47,22,Solute_sig2
54,CAT-Solv-47,23,Solute_MaxAbsPartialCharge
54,CAT-Solv-47,24,Cross_TPSA_density_abs_gap
54,CAT-Solv-47,25,Solvent_BalabanJ
54,CAT-Solv-47,26,Solvent_MolLogP
54,CAT-Solv-47,27,Cross_HB_directional_balance
54,CAT-Solv-47,28,Solute_M_hb_acc
54,CAT-Solv-47,29,Cross_hb_don_moment_product
54,CAT-Solv-47,30,Solute_HeavyAtomCount
54,CAT-Solv-47,31,Solute_MinPartialCharge
54,CAT-Solv-47,32,Solute_pos_area_frac
54,CAT-Solv-47,33,Solvent_sigma_asymmetry_abs
54,CAT-Solv-47,34,Cross_nonpolar_match
54,CAT-Solv-47,35,Solvent_sig3
54,CAT-Solv-47,36,Cross_surface_imbalance_product
54,CAT-Solv-47,37,Solute_NumHDonors
54,CAT-Solv-47,38,Solvent_hydrophobic_density
54,CAT-Solv-47,39,Cross_sigma3_abs_gap
54,CAT-Solv-47,40,Cross_acc_to_don_surface
54,CAT-Solv-47,41,Class_ester_x_solute_HBD
54,CAT-Solv-47,42,Solute_neg_area_frac
54,CAT-Solv-47,43,Solvent_neg_area_frac
54,CAT-Solv-47,44,Class_ester_x_solute_TPSA_density
54,CAT-Solv-47,45,Cross_HB_capacity_product
54,CAT-Solv-47,46,Solute_NumHAcceptors
54,CAT-Solv-47,47,Solute_signed_surface_imbalance
55,2D-Min,1,Solute_MolWt
55,2D-Min,2,Solute_HeavyAtomCount
55,2D-Min,3,Solute_NumRotatableBonds
55,2D-Min,4,Solute_RingCount
55,2D-Min,5,Solute_NumAromaticRings
55,2D-Min,6,Solute_BertzCT
55,2D-Min,7,Solute_BalabanJ
55,2D-Min,8,Solute_MolLogP
55,2D-Min,9,Solute_TPSA
55,2D-Min,10,Solute_NumHDonors
55,2D-Min,11,Solute_NumHAcceptors
55,2D-Min,12,Solute_LabuteASA
55,2D-Min,13,Solvent_MolWt
55,2D-Min,14,Solvent_HeavyAtomCount
55,2D-Min,15,Solvent_NumRotatableBonds
55,2D-Min,16,Solvent_RingCount
55,2D-Min,17,Solvent_NumAromaticRings
55,2D-Min,18,Solvent_BertzCT
55,2D-Min,19,Solvent_BalabanJ
55,2D-Min,20,Solvent_MolLogP
55,2D-Min,21,Solvent_TPSA
55,2D-Min,22,Solvent_NumHDonors
55,2D-Min,23,Solvent_NumHAcceptors
55,2D-Min,24,Solvent_LabuteASA
55,2D-Min,25,Temperature_K
55,2D-Elec,1,Solute_MolWt
55,2D-Elec,2,Solute_HeavyAtomCount
55,2D-Elec,3,Solute_NumRotatableBonds
55,2D-Elec,4,Solute_RingCount
55,2D-Elec,5,Solute_NumAromaticRings
55,2D-Elec,6,Solute_BertzCT
55,2D-Elec,7,Solute_BalabanJ
55,2D-Elec,8,Solute_MolLogP
55,2D-Elec,9,Solute_TPSA
55,2D-Elec,10,Solute_NumHDonors
55,2D-Elec,11,Solute_NumHAcceptors
55,2D-Elec,12,Solute_LabuteASA
55,2D-Elec,13,Solute_MaxPartialCharge
55,2D-Elec,14,Solute_MinPartialCharge
55,2D-Elec,15,Solute_MaxAbsPartialCharge
55,2D-Elec,16,Solute_MinAbsPartialCharge
55,2D-Elec,17,Solvent_MolWt
55,2D-Elec,18,Solvent_HeavyAtomCount
55,2D-Elec,19,Solvent_NumRotatableBonds
55,2D-Elec,20,Solvent_RingCount
55,2D-Elec,21,Solvent_NumAromaticRings
55,2D-Elec,22,Solvent_BertzCT
55,2D-Elec,23,Solvent_BalabanJ
55,2D-Elec,24,Solvent_MolLogP
55,2D-Elec,25,Solvent_TPSA
55,2D-Elec,26,Solvent_NumHDonors
55,2D-Elec,27,Solvent_NumHAcceptors
55,2D-Elec,28,Solvent_LabuteASA
55,2D-Elec,29,Solvent_MaxPartialCharge
55,2D-Elec,30,Solvent_MinPartialCharge
55,2D-Elec,31,Solvent_MaxAbsPartialCharge
55,2D-Elec,32,Solvent_MinAbsPartialCharge
55,2D-Elec,33,Temperature_K
55,Sigma-Solv,1,Solute_MolWt
55,Sigma-Solv,2,Solute_HeavyAtomCount
55,Sigma-Solv,3,Solute_NumRotatableBonds
55,Sigma-Solv,4,Solute_RingCount
55,Sigma-Solv,5,Solute_NumAromaticRings
55,Sigma-Solv,6,Solute_BertzCT
55,Sigma-Solv,7,Solute_BalabanJ
55,Sigma-Solv,8,Solute_MolLogP
55,Sigma-Solv,9,Solute_TPSA
55,Sigma-Solv,10,Solute_NumHDonors
55,Sigma-Solv,11,Solute_NumHAcceptors
55,Sigma-Solv,12,Solute_LabuteASA
55,Sigma-Solv,13,Solute_MaxPartialCharge
55,Sigma-Solv,14,Solute_MinPartialCharge
55,Sigma-Solv,15,Solute_MaxAbsPartialCharge
55,Sigma-Solv,16,Solute_MinAbsPartialCharge
55,Sigma-Solv,17,Solvent_MolWt
55,Sigma-Solv,18,Solvent_HeavyAtomCount
55,Sigma-Solv,19,Solvent_NumRotatableBonds
55,Sigma-Solv,20,Solvent_RingCount
55,Sigma-Solv,21,Solvent_NumAromaticRings
55,Sigma-Solv,22,Solvent_BertzCT
55,Sigma-Solv,23,Solvent_BalabanJ
55,Sigma-Solv,24,Solvent_MolLogP
55,Sigma-Solv,25,Solvent_TPSA
55,Sigma-Solv,26,Solvent_NumHDonors
55,Sigma-Solv,27,Solvent_NumHAcceptors
55,Sigma-Solv,28,Solvent_LabuteASA
55,Sigma-Solv,29,Solvent_MaxPartialCharge
55,Sigma-Solv,30,Solvent_MinPartialCharge
55,Sigma-Solv,31,Solvent_MaxAbsPartialCharge
55,Sigma-Solv,32,Solvent_MinAbsPartialCharge
55,Sigma-Solv,33,Temperature_K
55,Sigma-Solv,34,Solute_sig2
55,Sigma-Solv,35,Solute_sig3
55,Sigma-Solv,36,Solute_M_hb_acc
55,Sigma-Solv,37,Solute_M_hb_don
55,Sigma-Solv,38,Solute_M_nonpolar
55,Sigma-Solv,39,Solute_pos_area_frac
55,Sigma-Solv,40,Solute_neg_area_frac
55,Sigma-Solv,41,Solvent_sig2
55,Sigma-Solv,42,Solvent_sig3
55,Sigma-Solv,43,Solvent_M_hb_acc
55,Sigma-Solv,44,Solvent_M_hb_don
55,Sigma-Solv,45,Solvent_M_nonpolar
55,Sigma-Solv,46,Solvent_pos_area_frac
55,Sigma-Solv,47,Solvent_neg_area_frac
55,CAT-Solv-47,1,Solute_BertzCT
55,CAT-Solv-47,2,Temperature_K
55,CAT-Solv-47,3,Solute_TPSA
55,CAT-Solv-47,4,Solute_MolLogP
55,CAT-Solv-47,5,Solute_HB_capacity
55,CAT-Solv-47,6,Solvent_MaxPartialCharge
55,CAT-Solv-47,7,Solvent_pos_area_frac
55,CAT-Solv-47,8,Solute_MolWt
55,CAT-Solv-47,9,Solute_BalabanJ
55,CAT-Solv-47,10,Solute_MaxPartialCharge
55,CAT-Solv-47,11,Solute_polar_surface_density
55,CAT-Solv-47,12,Solute_RingCount
55,CAT-Solv-47,13,Solute_M_hb_don
55,CAT-Solv-47,14,Solute_NumAromaticRings
55,CAT-Solv-47,15,Cross_sigma2_abs_gap
55,CAT-Solv-47,16,Solute_NumRotatableBonds
55,CAT-Solv-47,17,Solute_MinAbsPartialCharge
55,CAT-Solv-47,18,Solute_sig3
55,CAT-Solv-47,19,Solute_LabuteASA
55,CAT-Solv-47,20,Solute_M_nonpolar
55,CAT-Solv-47,21,Solute_sig2
55,CAT-Solv-47,22,Cross_logP_abs_gap
55,CAT-Solv-47,23,Solute_MaxAbsPartialCharge
55,CAT-Solv-47,24,Solvent_BalabanJ
55,CAT-Solv-47,25,Solute_HeavyAtomCount
55,CAT-Solv-47,26,Cross_HB_directional_balance
55,CAT-Solv-47,27,Solvent_MolLogP
55,CAT-Solv-47,28,Cross_TPSA_density_abs_gap
55,CAT-Solv-47,29,Cross_hb_don_moment_product
55,CAT-Solv-47,30,Solute_M_hb_acc
55,CAT-Solv-47,31,Solvent_sigma_asymmetry_abs
55,CAT-Solv-47,32,Solute_MinPartialCharge
55,CAT-Solv-47,33,Solute_NumHDonors
55,CAT-Solv-47,34,Cross_nonpolar_match
55,CAT-Solv-47,35,Solute_pos_area_frac
55,CAT-Solv-47,36,Solvent_sig3
55,CAT-Solv-47,37,Cross_surface_imbalance_product
55,CAT-Solv-47,38,Solvent_hydrophobic_density
55,CAT-Solv-47,39,Solute_neg_area_frac
55,CAT-Solv-47,40,Solvent_neg_area_frac
55,CAT-Solv-47,41,Class_ester_x_solute_TPSA_density
55,CAT-Solv-47,42,Cross_sigma3_abs_gap
55,CAT-Solv-47,43,Cross_acc_to_don_surface
55,CAT-Solv-47,44,Class_ester_x_solute_HBD
55,CAT-Solv-47,45,Solute_signed_surface_imbalance
55,CAT-Solv-47,46,Cross_HB_capacity_product
55,CAT-Solv-47,47,Solvent_sig2
56,2D-Min,1,Solute_MolWt
56,2D-Min,2,Solute_HeavyAtomCount
56,2D-Min,3,Solute_NumRotatableBonds
56,2D-Min,4,Solute_RingCount
56,2D-Min,5,Solute_NumAromaticRings
56,2D-Min,6,Solute_BertzCT
56,2D-Min,7,Solute_BalabanJ
56,2D-Min,8,Solute_MolLogP
56,2D-Min,9,Solute_TPSA
56,2D-Min,10,Solute_NumHDonors
56,2D-Min,11,Solute_NumHAcceptors
56,2D-Min,12,Solute_LabuteASA
56,2D-Min,13,Solvent_MolWt
56,2D-Min,14,Solvent_HeavyAtomCount
56,2D-Min,15,Solvent_NumRotatableBonds
56,2D-Min,16,Solvent_RingCount
56,2D-Min,17,Solvent_NumAromaticRings
56,2D-Min,18,Solvent_BertzCT
56,2D-Min,19,Solvent_BalabanJ
56,2D-Min,20,Solvent_MolLogP
56,2D-Min,21,Solvent_TPSA
56,2D-Min,22,Solvent_NumHDonors
56,2D-Min,23,Solvent_NumHAcceptors
56,2D-Min,24,Solvent_LabuteASA
56,2D-Min,25,Temperature_K
56,2D-Elec,1,Solute_MolWt
56,2D-Elec,2,Solute_HeavyAtomCount
56,2D-Elec,3,Solute_NumRotatableBonds
56,2D-Elec,4,Solute_RingCount
56,2D-Elec,5,Solute_NumAromaticRings
56,2D-Elec,6,Solute_BertzCT
56,2D-Elec,7,Solute_BalabanJ
56,2D-Elec,8,Solute_MolLogP
56,2D-Elec,9,Solute_TPSA
56,2D-Elec,10,Solute_NumHDonors
56,2D-Elec,11,Solute_NumHAcceptors
56,2D-Elec,12,Solute_LabuteASA
56,2D-Elec,13,Solute_MaxPartialCharge
56,2D-Elec,14,Solute_MinPartialCharge
56,2D-Elec,15,Solute_MaxAbsPartialCharge
56,2D-Elec,16,Solute_MinAbsPartialCharge
56,2D-Elec,17,Solvent_MolWt
56,2D-Elec,18,Solvent_HeavyAtomCount
56,2D-Elec,19,Solvent_NumRotatableBonds
56,2D-Elec,20,Solvent_RingCount
56,2D-Elec,21,Solvent_NumAromaticRings
56,2D-Elec,22,Solvent_BertzCT
56,2D-Elec,23,Solvent_BalabanJ
56,2D-Elec,24,Solvent_MolLogP
56,2D-Elec,25,Solvent_TPSA
56,2D-Elec,26,Solvent_NumHDonors
56,2D-Elec,27,Solvent_NumHAcceptors
56,2D-Elec,28,Solvent_LabuteASA
56,2D-Elec,29,Solvent_MaxPartialCharge
56,2D-Elec,30,Solvent_MinPartialCharge
56,2D-Elec,31,Solvent_MaxAbsPartialCharge
56,2D-Elec,32,Solvent_MinAbsPartialCharge
56,2D-Elec,33,Temperature_K
56,Sigma-Solv,1,Solute_MolWt
56,Sigma-Solv,2,Solute_HeavyAtomCount
56,Sigma-Solv,3,Solute_NumRotatableBonds
56,Sigma-Solv,4,Solute_RingCount
56,Sigma-Solv,5,Solute_NumAromaticRings
56,Sigma-Solv,6,Solute_BertzCT
56,Sigma-Solv,7,Solute_BalabanJ
56,Sigma-Solv,8,Solute_MolLogP
56,Sigma-Solv,9,Solute_TPSA
56,Sigma-Solv,10,Solute_NumHDonors
56,Sigma-Solv,11,Solute_NumHAcceptors
56,Sigma-Solv,12,Solute_LabuteASA
56,Sigma-Solv,13,Solute_MaxPartialCharge
56,Sigma-Solv,14,Solute_MinPartialCharge
56,Sigma-Solv,15,Solute_MaxAbsPartialCharge
56,Sigma-Solv,16,Solute_MinAbsPartialCharge
56,Sigma-Solv,17,Solvent_MolWt
56,Sigma-Solv,18,Solvent_HeavyAtomCount
56,Sigma-Solv,19,Solvent_NumRotatableBonds
56,Sigma-Solv,20,Solvent_RingCount
56,Sigma-Solv,21,Solvent_NumAromaticRings
56,Sigma-Solv,22,Solvent_BertzCT
56,Sigma-Solv,23,Solvent_BalabanJ
56,Sigma-Solv,24,Solvent_MolLogP
56,Sigma-Solv,25,Solvent_TPSA
56,Sigma-Solv,26,Solvent_NumHDonors
56,Sigma-Solv,27,Solvent_NumHAcceptors
56,Sigma-Solv,28,Solvent_LabuteASA
56,Sigma-Solv,29,Solvent_MaxPartialCharge
56,Sigma-Solv,30,Solvent_MinPartialCharge
56,Sigma-Solv,31,Solvent_MaxAbsPartialCharge
56,Sigma-Solv,32,Solvent_MinAbsPartialCharge
56,Sigma-Solv,33,Temperature_K
56,Sigma-Solv,34,Solute_sig2
56,Sigma-Solv,35,Solute_sig3
56,Sigma-Solv,36,Solute_M_hb_acc
56,Sigma-Solv,37,Solute_M_hb_don
56,Sigma-Solv,38,Solute_M_nonpolar
56,Sigma-Solv,39,Solute_pos_area_frac
56,Sigma-Solv,40,Solute_neg_area_frac
56,Sigma-Solv,41,Solvent_sig2
56,Sigma-Solv,42,Solvent_sig3
56,Sigma-Solv,43,Solvent_M_hb_acc
56,Sigma-Solv,44,Solvent_M_hb_don
56,Sigma-Solv,45,Solvent_M_nonpolar
56,Sigma-Solv,46,Solvent_pos_area_frac
56,Sigma-Solv,47,Solvent_neg_area_frac
56,CAT-Solv-47,1,Solute_BertzCT
56,CAT-Solv-47,2,Temperature_K
56,CAT-Solv-47,3,Solute_TPSA
56,CAT-Solv-47,4,Solute_MolLogP
56,CAT-Solv-47,5,Solute_HB_capacity
56,CAT-Solv-47,6,Solvent_MaxPartialCharge
56,CAT-Solv-47,7,Solute_BalabanJ
56,CAT-Solv-47,8,Solute_MolWt
56,CAT-Solv-47,9,Solvent_pos_area_frac
56,CAT-Solv-47,10,Solute_MaxPartialCharge
56,CAT-Solv-47,11,Solute_RingCount
56,CAT-Solv-47,12,Solute_polar_surface_density
56,CAT-Solv-47,13,Solute_M_hb_don
56,CAT-Solv-47,14,Solute_NumAromaticRings
56,CAT-Solv-47,15,Solute_NumRotatableBonds
56,CAT-Solv-47,16,Solute_sig2
56,CAT-Solv-47,17,Cross_logP_abs_gap
56,CAT-Solv-47,18,Solute_LabuteASA
56,CAT-Solv-47,19,Solute_sig3
56,CAT-Solv-47,20,Solute_MinAbsPartialCharge
56,CAT-Solv-47,21,Cross_sigma2_abs_gap
56,CAT-Solv-47,22,Solute_M_nonpolar
56,CAT-Solv-47,23,Cross_TPSA_density_abs_gap
56,CAT-Solv-47,24,Solvent_BalabanJ
56,CAT-Solv-47,25,Solute_MaxAbsPartialCharge
56,CAT-Solv-47,26,Solute_M_hb_acc
56,CAT-Solv-47,27,Solute_HeavyAtomCount
56,CAT-Solv-47,28,Solvent_sigma_asymmetry_abs
56,CAT-Solv-47,29,Cross_HB_directional_balance
56,CAT-Solv-47,30,Solute_MinPartialCharge
56,CAT-Solv-47,31,Cross_hb_don_moment_product
56,CAT-Solv-47,32,Cross_surface_imbalance_product
56,CAT-Solv-47,33,Solvent_MolLogP
56,CAT-Solv-47,34,Solvent_neg_area_frac
56,CAT-Solv-47,35,Cross_nonpolar_match
56,CAT-Solv-47,36,Solvent_sig3
56,CAT-Solv-47,37,Solute_pos_area_frac
56,CAT-Solv-47,38,Solute_NumHDonors
56,CAT-Solv-47,39,Solvent_hydrophobic_density
56,CAT-Solv-47,40,Solute_neg_area_frac
56,CAT-Solv-47,41,Class_ester_x_solute_TPSA_density
56,CAT-Solv-47,42,Cross_acc_to_don_surface
56,CAT-Solv-47,43,Cross_sigma3_abs_gap
56,CAT-Solv-47,44,Solvent_sig2
56,CAT-Solv-47,45,Cross_HB_capacity_product
56,CAT-Solv-47,46,Class_nonpolar_x_nonpolar_match
56,CAT-Solv-47,47,Solvent_self_hbond_proxy
57,2D-Min,1,Solute_MolWt
57,2D-Min,2,Solute_HeavyAtomCount
57,2D-Min,3,Solute_NumRotatableBonds
57,2D-Min,4,Solute_RingCount
57,2D-Min,5,Solute_NumAromaticRings
57,2D-Min,6,Solute_BertzCT
57,2D-Min,7,Solute_BalabanJ
57,2D-Min,8,Solute_MolLogP
57,2D-Min,9,Solute_TPSA
57,2D-Min,10,Solute_NumHDonors
57,2D-Min,11,Solute_NumHAcceptors
57,2D-Min,12,Solute_LabuteASA
57,2D-Min,13,Solvent_MolWt
57,2D-Min,14,Solvent_HeavyAtomCount
57,2D-Min,15,Solvent_NumRotatableBonds
57,2D-Min,16,Solvent_RingCount
57,2D-Min,17,Solvent_NumAromaticRings
57,2D-Min,18,Solvent_BertzCT
57,2D-Min,19,Solvent_BalabanJ
57,2D-Min,20,Solvent_MolLogP
57,2D-Min,21,Solvent_TPSA
57,2D-Min,22,Solvent_NumHDonors
57,2D-Min,23,Solvent_NumHAcceptors
57,2D-Min,24,Solvent_LabuteASA
57,2D-Min,25,Temperature_K
57,2D-Elec,1,Solute_MolWt
57,2D-Elec,2,Solute_HeavyAtomCount
57,2D-Elec,3,Solute_NumRotatableBonds
57,2D-Elec,4,Solute_RingCount
57,2D-Elec,5,Solute_NumAromaticRings
57,2D-Elec,6,Solute_BertzCT
57,2D-Elec,7,Solute_BalabanJ
57,2D-Elec,8,Solute_MolLogP
57,2D-Elec,9,Solute_TPSA
57,2D-Elec,10,Solute_NumHDonors
57,2D-Elec,11,Solute_NumHAcceptors
57,2D-Elec,12,Solute_LabuteASA
57,2D-Elec,13,Solute_MaxPartialCharge
57,2D-Elec,14,Solute_MinPartialCharge
57,2D-Elec,15,Solute_MaxAbsPartialCharge
57,2D-Elec,16,Solute_MinAbsPartialCharge
57,2D-Elec,17,Solvent_MolWt
57,2D-Elec,18,Solvent_HeavyAtomCount
57,2D-Elec,19,Solvent_NumRotatableBonds
57,2D-Elec,20,Solvent_RingCount
57,2D-Elec,21,Solvent_NumAromaticRings
57,2D-Elec,22,Solvent_BertzCT
57,2D-Elec,23,Solvent_BalabanJ
57,2D-Elec,24,Solvent_MolLogP
57,2D-Elec,25,Solvent_TPSA
57,2D-Elec,26,Solvent_NumHDonors
57,2D-Elec,27,Solvent_NumHAcceptors
57,2D-Elec,28,Solvent_LabuteASA
57,2D-Elec,29,Solvent_MaxPartialCharge
57,2D-Elec,30,Solvent_MinPartialCharge
57,2D-Elec,31,Solvent_MaxAbsPartialCharge
57,2D-Elec,32,Solvent_MinAbsPartialCharge
57,2D-Elec,33,Temperature_K
57,Sigma-Solv,1,Solute_MolWt
57,Sigma-Solv,2,Solute_HeavyAtomCount
57,Sigma-Solv,3,Solute_NumRotatableBonds
57,Sigma-Solv,4,Solute_RingCount
57,Sigma-Solv,5,Solute_NumAromaticRings
57,Sigma-Solv,6,Solute_BertzCT
57,Sigma-Solv,7,Solute_BalabanJ
57,Sigma-Solv,8,Solute_MolLogP
57,Sigma-Solv,9,Solute_TPSA
57,Sigma-Solv,10,Solute_NumHDonors
57,Sigma-Solv,11,Solute_NumHAcceptors
57,Sigma-Solv,12,Solute_LabuteASA
57,Sigma-Solv,13,Solute_MaxPartialCharge
57,Sigma-Solv,14,Solute_MinPartialCharge
57,Sigma-Solv,15,Solute_MaxAbsPartialCharge
57,Sigma-Solv,16,Solute_MinAbsPartialCharge
57,Sigma-Solv,17,Solvent_MolWt
57,Sigma-Solv,18,Solvent_HeavyAtomCount
57,Sigma-Solv,19,Solvent_NumRotatableBonds
57,Sigma-Solv,20,Solvent_RingCount
57,Sigma-Solv,21,Solvent_NumAromaticRings
57,Sigma-Solv,22,Solvent_BertzCT
57,Sigma-Solv,23,Solvent_BalabanJ
57,Sigma-Solv,24,Solvent_MolLogP
57,Sigma-Solv,25,Solvent_TPSA
57,Sigma-Solv,26,Solvent_NumHDonors
57,Sigma-Solv,27,Solvent_NumHAcceptors
57,Sigma-Solv,28,Solvent_LabuteASA
57,Sigma-Solv,29,Solvent_MaxPartialCharge
57,Sigma-Solv,30,Solvent_MinPartialCharge
57,Sigma-Solv,31,Solvent_MaxAbsPartialCharge
57,Sigma-Solv,32,Solvent_MinAbsPartialCharge
57,Sigma-Solv,33,Temperature_K
57,Sigma-Solv,34,Solute_sig2
57,Sigma-Solv,35,Solute_sig3
57,Sigma-Solv,36,Solute_M_hb_acc
57,Sigma-Solv,37,Solute_M_hb_don
57,Sigma-Solv,38,Solute_M_nonpolar
57,Sigma-Solv,39,Solute_pos_area_frac
57,Sigma-Solv,40,Solute_neg_area_frac
57,Sigma-Solv,41,Solvent_sig2
57,Sigma-Solv,42,Solvent_sig3
57,Sigma-Solv,43,Solvent_M_hb_acc
57,Sigma-Solv,44,Solvent_M_hb_don
57,Sigma-Solv,45,Solvent_M_nonpolar
57,Sigma-Solv,46,Solvent_pos_area_frac
57,Sigma-Solv,47,Solvent_neg_area_frac
57,CAT-Solv-47,1,Solute_BertzCT
57,CAT-Solv-47,2,Temperature_K
57,CAT-Solv-47,3,Solute_TPSA
57,CAT-Solv-47,4,Solute_HB_capacity
57,CAT-Solv-47,5,Solute_MolLogP
57,CAT-Solv-47,6,Solute_MolWt
57,CAT-Solv-47,7,Solvent_MaxPartialCharge
57,CAT-Solv-47,8,Solvent_pos_area_frac
57,CAT-Solv-47,9,Solute_BalabanJ
57,CAT-Solv-47,10,Solute_RingCount
57,CAT-Solv-47,11,Solute_MaxPartialCharge
57,CAT-Solv-47,12,Solute_polar_surface_density
57,CAT-Solv-47,13,Solute_NumAromaticRings
57,CAT-Solv-47,14,Solute_NumRotatableBonds
57,CAT-Solv-47,15,Solute_M_nonpolar
57,CAT-Solv-47,16,Solute_M_hb_don
57,CAT-Solv-47,17,Solute_MinAbsPartialCharge
57,CAT-Solv-47,18,Solute_sig3
57,CAT-Solv-47,19,Solute_LabuteASA
57,CAT-Solv-47,20,Solute_sig2
57,CAT-Solv-47,21,Cross_sigma2_abs_gap
57,CAT-Solv-47,22,Cross_logP_abs_gap
57,CAT-Solv-47,23,Cross_TPSA_density_abs_gap
57,CAT-Solv-47,24,Solute_MaxAbsPartialCharge
57,CAT-Solv-47,25,Cross_hb_don_moment_product
57,CAT-Solv-47,26,Solute_HeavyAtomCount
57,CAT-Solv-47,27,Solvent_BalabanJ
57,CAT-Solv-47,28,Cross_HB_directional_balance
57,CAT-Solv-47,29,Solute_M_hb_acc
57,CAT-Solv-47,30,Solute_MinPartialCharge
57,CAT-Solv-47,31,Solute_pos_area_frac
57,CAT-Solv-47,32,Solvent_MolLogP
57,CAT-Solv-47,33,Solvent_neg_area_frac
57,CAT-Solv-47,34,Solvent_sigma_asymmetry_abs
57,CAT-Solv-47,35,Solvent_sig3
57,CAT-Solv-47,36,Cross_nonpolar_match
57,CAT-Solv-47,37,Cross_surface_imbalance_product
57,CAT-Solv-47,38,Solvent_hydrophobic_density
57,CAT-Solv-47,39,Solute_NumHDonors
57,CAT-Solv-47,40,Cross_sigma3_abs_gap
57,CAT-Solv-47,41,Class_ester_x_solute_HBD
57,CAT-Solv-47,42,Solute_neg_area_frac
57,CAT-Solv-47,43,Class_ester_x_solute_TPSA_density
57,CAT-Solv-47,44,Solvent_sig2
57,CAT-Solv-47,45,Cross_acc_to_don_surface
57,CAT-Solv-47,46,Solvent_LabuteASA
57,CAT-Solv-47,47,Cross_pos_area_abs_gap
58,2D-Min,1,Solute_MolWt
58,2D-Min,2,Solute_HeavyAtomCount
58,2D-Min,3,Solute_NumRotatableBonds
58,2D-Min,4,Solute_RingCount
58,2D-Min,5,Solute_NumAromaticRings
58,2D-Min,6,Solute_BertzCT
58,2D-Min,7,Solute_BalabanJ
58,2D-Min,8,Solute_MolLogP
58,2D-Min,9,Solute_TPSA
58,2D-Min,10,Solute_NumHDonors
58,2D-Min,11,Solute_NumHAcceptors
58,2D-Min,12,Solute_LabuteASA
58,2D-Min,13,Solvent_MolWt
58,2D-Min,14,Solvent_HeavyAtomCount
58,2D-Min,15,Solvent_NumRotatableBonds
58,2D-Min,16,Solvent_RingCount
58,2D-Min,17,Solvent_NumAromaticRings
58,2D-Min,18,Solvent_BertzCT
58,2D-Min,19,Solvent_BalabanJ
58,2D-Min,20,Solvent_MolLogP
58,2D-Min,21,Solvent_TPSA
58,2D-Min,22,Solvent_NumHDonors
58,2D-Min,23,Solvent_NumHAcceptors
58,2D-Min,24,Solvent_LabuteASA
58,2D-Min,25,Temperature_K
58,2D-Elec,1,Solute_MolWt
58,2D-Elec,2,Solute_HeavyAtomCount
58,2D-Elec,3,Solute_NumRotatableBonds
58,2D-Elec,4,Solute_RingCount
58,2D-Elec,5,Solute_NumAromaticRings
58,2D-Elec,6,Solute_BertzCT
58,2D-Elec,7,Solute_BalabanJ
58,2D-Elec,8,Solute_MolLogP
58,2D-Elec,9,Solute_TPSA
58,2D-Elec,10,Solute_NumHDonors
58,2D-Elec,11,Solute_NumHAcceptors
58,2D-Elec,12,Solute_LabuteASA
58,2D-Elec,13,Solute_MaxPartialCharge
58,2D-Elec,14,Solute_MinPartialCharge
58,2D-Elec,15,Solute_MaxAbsPartialCharge
58,2D-Elec,16,Solute_MinAbsPartialCharge
58,2D-Elec,17,Solvent_MolWt
58,2D-Elec,18,Solvent_HeavyAtomCount
58,2D-Elec,19,Solvent_NumRotatableBonds
58,2D-Elec,20,Solvent_RingCount
58,2D-Elec,21,Solvent_NumAromaticRings
58,2D-Elec,22,Solvent_BertzCT
58,2D-Elec,23,Solvent_BalabanJ
58,2D-Elec,24,Solvent_MolLogP
58,2D-Elec,25,Solvent_TPSA
58,2D-Elec,26,Solvent_NumHDonors
58,2D-Elec,27,Solvent_NumHAcceptors
58,2D-Elec,28,Solvent_LabuteASA
58,2D-Elec,29,Solvent_MaxPartialCharge
58,2D-Elec,30,Solvent_MinPartialCharge
58,2D-Elec,31,Solvent_MaxAbsPartialCharge
58,2D-Elec,32,Solvent_MinAbsPartialCharge
58,2D-Elec,33,Temperature_K
58,Sigma-Solv,1,Solute_MolWt
58,Sigma-Solv,2,Solute_HeavyAtomCount
58,Sigma-Solv,3,Solute_NumRotatableBonds
58,Sigma-Solv,4,Solute_RingCount
58,Sigma-Solv,5,Solute_NumAromaticRings
58,Sigma-Solv,6,Solute_BertzCT
58,Sigma-Solv,7,Solute_BalabanJ
58,Sigma-Solv,8,Solute_MolLogP
58,Sigma-Solv,9,Solute_TPSA
58,Sigma-Solv,10,Solute_NumHDonors
58,Sigma-Solv,11,Solute_NumHAcceptors
58,Sigma-Solv,12,Solute_LabuteASA
58,Sigma-Solv,13,Solute_MaxPartialCharge
58,Sigma-Solv,14,Solute_MinPartialCharge
58,Sigma-Solv,15,Solute_MaxAbsPartialCharge
58,Sigma-Solv,16,Solute_MinAbsPartialCharge
58,Sigma-Solv,17,Solvent_MolWt
58,Sigma-Solv,18,Solvent_HeavyAtomCount
58,Sigma-Solv,19,Solvent_NumRotatableBonds
58,Sigma-Solv,20,Solvent_RingCount
58,Sigma-Solv,21,Solvent_NumAromaticRings
58,Sigma-Solv,22,Solvent_BertzCT
58,Sigma-Solv,23,Solvent_BalabanJ
58,Sigma-Solv,24,Solvent_MolLogP
58,Sigma-Solv,25,Solvent_TPSA
58,Sigma-Solv,26,Solvent_NumHDonors
58,Sigma-Solv,27,Solvent_NumHAcceptors
58,Sigma-Solv,28,Solvent_LabuteASA
58,Sigma-Solv,29,Solvent_MaxPartialCharge
58,Sigma-Solv,30,Solvent_MinPartialCharge
58,Sigma-Solv,31,Solvent_MaxAbsPartialCharge
58,Sigma-Solv,32,Solvent_MinAbsPartialCharge
58,Sigma-Solv,33,Temperature_K
58,Sigma-Solv,34,Solute_sig2
58,Sigma-Solv,35,Solute_sig3
58,Sigma-Solv,36,Solute_M_hb_acc
58,Sigma-Solv,37,Solute_M_hb_don
58,Sigma-Solv,38,Solute_M_nonpolar
58,Sigma-Solv,39,Solute_pos_area_frac
58,Sigma-Solv,40,Solute_neg_area_frac
58,Sigma-Solv,41,Solvent_sig2
58,Sigma-Solv,42,Solvent_sig3
58,Sigma-Solv,43,Solvent_M_hb_acc
58,Sigma-Solv,44,Solvent_M_hb_don
58,Sigma-Solv,45,Solvent_M_nonpolar
58,Sigma-Solv,46,Solvent_pos_area_frac
58,Sigma-Solv,47,Solvent_neg_area_frac
58,CAT-Solv-47,1,Solute_BertzCT
58,CAT-Solv-47,2,Temperature_K
58,CAT-Solv-47,3,Solute_TPSA
58,CAT-Solv-47,4,Solute_MolLogP
58,CAT-Solv-47,5,Solute_HB_capacity
58,CAT-Solv-47,6,Solvent_pos_area_frac
58,CAT-Solv-47,7,Solvent_MaxPartialCharge
58,CAT-Solv-47,8,Solute_MolWt
58,CAT-Solv-47,9,Solute_BalabanJ
58,CAT-Solv-47,10,Solute_MaxPartialCharge
58,CAT-Solv-47,11,Solute_NumAromaticRings
58,CAT-Solv-47,12,Solute_M_hb_don
58,CAT-Solv-47,13,Solute_polar_surface_density
58,CAT-Solv-47,14,Solute_NumRotatableBonds
58,CAT-Solv-47,15,Solute_RingCount
58,CAT-Solv-47,16,Solute_sig3
58,CAT-Solv-47,17,Cross_sigma2_abs_gap
58,CAT-Solv-47,18,Solute_MinAbsPartialCharge
58,CAT-Solv-47,19,Solute_M_nonpolar
58,CAT-Solv-47,20,Solute_sig2
58,CAT-Solv-47,21,Solvent_BalabanJ
58,CAT-Solv-47,22,Cross_logP_abs_gap
58,CAT-Solv-47,23,Solute_LabuteASA
58,CAT-Solv-47,24,Cross_TPSA_density_abs_gap
58,CAT-Solv-47,25,Cross_HB_directional_balance
58,CAT-Solv-47,26,Solute_MaxAbsPartialCharge
58,CAT-Solv-47,27,Solute_MinPartialCharge
58,CAT-Solv-47,28,Solute_M_hb_acc
58,CAT-Solv-47,29,Solvent_MolLogP
58,CAT-Solv-47,30,Solute_HeavyAtomCount
58,CAT-Solv-47,31,Solvent_hydrophobic_density
58,CAT-Solv-47,32,Solute_pos_area_frac
58,CAT-Solv-47,33,Cross_hb_don_moment_product
58,CAT-Solv-47,34,Solvent_sigma_asymmetry_abs
58,CAT-Solv-47,35,Cross_nonpolar_match
58,CAT-Solv-47,36,Cross_surface_imbalance_product
58,CAT-Solv-47,37,Solvent_sig3
58,CAT-Solv-47,38,Solute_neg_area_frac
58,CAT-Solv-47,39,Solute_NumHDonors
58,CAT-Solv-47,40,Class_ester_x_solute_TPSA_density
58,CAT-Solv-47,41,Solvent_neg_area_frac
58,CAT-Solv-47,42,Cross_acc_to_don_surface
58,CAT-Solv-47,43,Class_ester_x_solute_HBD
58,CAT-Solv-47,44,Cross_sigma3_abs_gap
58,CAT-Solv-47,45,Cross_HB_capacity_product
58,CAT-Solv-47,46,Solute_signed_surface_imbalance
58,CAT-Solv-47,47,Solvent_sig2
59,2D-Min,1,Solute_MolWt
59,2D-Min,2,Solute_HeavyAtomCount
59,2D-Min,3,Solute_NumRotatableBonds
59,2D-Min,4,Solute_RingCount
59,2D-Min,5,Solute_NumAromaticRings
59,2D-Min,6,Solute_BertzCT
59,2D-Min,7,Solute_BalabanJ
59,2D-Min,8,Solute_MolLogP
59,2D-Min,9,Solute_TPSA
59,2D-Min,10,Solute_NumHDonors
59,2D-Min,11,Solute_NumHAcceptors
59,2D-Min,12,Solute_LabuteASA
59,2D-Min,13,Solvent_MolWt
59,2D-Min,14,Solvent_HeavyAtomCount
59,2D-Min,15,Solvent_NumRotatableBonds
59,2D-Min,16,Solvent_RingCount
59,2D-Min,17,Solvent_NumAromaticRings
59,2D-Min,18,Solvent_BertzCT
59,2D-Min,19,Solvent_BalabanJ
59,2D-Min,20,Solvent_MolLogP
59,2D-Min,21,Solvent_TPSA
59,2D-Min,22,Solvent_NumHDonors
59,2D-Min,23,Solvent_NumHAcceptors
59,2D-Min,24,Solvent_LabuteASA
59,2D-Min,25,Temperature_K
59,2D-Elec,1,Solute_MolWt
59,2D-Elec,2,Solute_HeavyAtomCount
59,2D-Elec,3,Solute_NumRotatableBonds
59,2D-Elec,4,Solute_RingCount
59,2D-Elec,5,Solute_NumAromaticRings
59,2D-Elec,6,Solute_BertzCT
59,2D-Elec,7,Solute_BalabanJ
59,2D-Elec,8,Solute_MolLogP
59,2D-Elec,9,Solute_TPSA
59,2D-Elec,10,Solute_NumHDonors
59,2D-Elec,11,Solute_NumHAcceptors
59,2D-Elec,12,Solute_LabuteASA
59,2D-Elec,13,Solute_MaxPartialCharge
59,2D-Elec,14,Solute_MinPartialCharge
59,2D-Elec,15,Solute_MaxAbsPartialCharge
59,2D-Elec,16,Solute_MinAbsPartialCharge
59,2D-Elec,17,Solvent_MolWt
59,2D-Elec,18,Solvent_HeavyAtomCount
59,2D-Elec,19,Solvent_NumRotatableBonds
59,2D-Elec,20,Solvent_RingCount
59,2D-Elec,21,Solvent_NumAromaticRings
59,2D-Elec,22,Solvent_BertzCT
59,2D-Elec,23,Solvent_BalabanJ
59,2D-Elec,24,Solvent_MolLogP
59,2D-Elec,25,Solvent_TPSA
59,2D-Elec,26,Solvent_NumHDonors
59,2D-Elec,27,Solvent_NumHAcceptors
59,2D-Elec,28,Solvent_LabuteASA
59,2D-Elec,29,Solvent_MaxPartialCharge
59,2D-Elec,30,Solvent_MinPartialCharge
59,2D-Elec,31,Solvent_MaxAbsPartialCharge
59,2D-Elec,32,Solvent_MinAbsPartialCharge
59,2D-Elec,33,Temperature_K
59,Sigma-Solv,1,Solute_MolWt
59,Sigma-Solv,2,Solute_HeavyAtomCount
59,Sigma-Solv,3,Solute_NumRotatableBonds
59,Sigma-Solv,4,Solute_RingCount
59,Sigma-Solv,5,Solute_NumAromaticRings
59,Sigma-Solv,6,Solute_BertzCT
59,Sigma-Solv,7,Solute_BalabanJ
59,Sigma-Solv,8,Solute_MolLogP
59,Sigma-Solv,9,Solute_TPSA
59,Sigma-Solv,10,Solute_NumHDonors
59,Sigma-Solv,11,Solute_NumHAcceptors
59,Sigma-Solv,12,Solute_LabuteASA
59,Sigma-Solv,13,Solute_MaxPartialCharge
59,Sigma-Solv,14,Solute_MinPartialCharge
59,Sigma-Solv,15,Solute_MaxAbsPartialCharge
59,Sigma-Solv,16,Solute_MinAbsPartialCharge
59,Sigma-Solv,17,Solvent_MolWt
59,Sigma-Solv,18,Solvent_HeavyAtomCount
59,Sigma-Solv,19,Solvent_NumRotatableBonds
59,Sigma-Solv,20,Solvent_RingCount
59,Sigma-Solv,21,Solvent_NumAromaticRings
59,Sigma-Solv,22,Solvent_BertzCT
59,Sigma-Solv,23,Solvent_BalabanJ
59,Sigma-Solv,24,Solvent_MolLogP
59,Sigma-Solv,25,Solvent_TPSA
59,Sigma-Solv,26,Solvent_NumHDonors
59,Sigma-Solv,27,Solvent_NumHAcceptors
59,Sigma-Solv,28,Solvent_LabuteASA
59,Sigma-Solv,29,Solvent_MaxPartialCharge
59,Sigma-Solv,30,Solvent_MinPartialCharge
59,Sigma-Solv,31,Solvent_MaxAbsPartialCharge
59,Sigma-Solv,32,Solvent_MinAbsPartialCharge
59,Sigma-Solv,33,Temperature_K
59,Sigma-Solv,34,Solute_sig2
59,Sigma-Solv,35,Solute_sig3
59,Sigma-Solv,36,Solute_M_hb_acc
59,Sigma-Solv,37,Solute_M_hb_don
59,Sigma-Solv,38,Solute_M_nonpolar
59,Sigma-Solv,39,Solute_pos_area_frac
59,Sigma-Solv,40,Solute_neg_area_frac
59,Sigma-Solv,41,Solvent_sig2
59,Sigma-Solv,42,Solvent_sig3
59,Sigma-Solv,43,Solvent_M_hb_acc
59,Sigma-Solv,44,Solvent_M_hb_don
59,Sigma-Solv,45,Solvent_M_nonpolar
59,Sigma-Solv,46,Solvent_pos_area_frac
59,Sigma-Solv,47,Solvent_neg_area_frac
59,CAT-Solv-47,1,Solute_BertzCT
59,CAT-Solv-47,2,Temperature_K
59,CAT-Solv-47,3,Solute_HB_capacity
59,CAT-Solv-47,4,Solute_TPSA
59,CAT-Solv-47,5,Solute_MolLogP
59,CAT-Solv-47,6,Solvent_pos_area_frac
59,CAT-Solv-47,7,Solvent_MaxPartialCharge
59,CAT-Solv-47,8,Solute_MolWt
59,CAT-Solv-47,9,Solute_BalabanJ
59,CAT-Solv-47,10,Solute_MaxPartialCharge
59,CAT-Solv-47,11,Solute_RingCount
59,CAT-Solv-47,12,Solute_polar_surface_density
59,CAT-Solv-47,13,Solute_NumAromaticRings
59,CAT-Solv-47,14,Solute_M_hb_don
59,CAT-Solv-47,15,Solute_NumRotatableBonds
59,CAT-Solv-47,16,Cross_sigma2_abs_gap
59,CAT-Solv-47,17,Solute_sig3
59,CAT-Solv-47,18,Solute_M_nonpolar
59,CAT-Solv-47,19,Solute_MinAbsPartialCharge
59,CAT-Solv-47,20,Cross_TPSA_density_abs_gap
59,CAT-Solv-47,21,Solute_LabuteASA
59,CAT-Solv-47,22,Cross_logP_abs_gap
59,CAT-Solv-47,23,Solute_MaxAbsPartialCharge
59,CAT-Solv-47,24,Solute_sig2
59,CAT-Solv-47,25,Cross_hb_don_moment_product
59,CAT-Solv-47,26,Solute_HeavyAtomCount
59,CAT-Solv-47,27,Solvent_BalabanJ
59,CAT-Solv-47,28,Cross_HB_directional_balance
59,CAT-Solv-47,29,Solute_M_hb_acc
59,CAT-Solv-47,30,Solute_MinPartialCharge
59,CAT-Solv-47,31,Solvent_MolLogP
59,CAT-Solv-47,32,Cross_nonpolar_match
59,CAT-Solv-47,33,Solute_pos_area_frac
59,CAT-Solv-47,34,Solvent_hydrophobic_density
59,CAT-Solv-47,35,Solvent_sigma_asymmetry_abs
59,CAT-Solv-47,36,Solvent_sig3
59,CAT-Solv-47,37,Solvent_neg_area_frac
59,CAT-Solv-47,38,Cross_surface_imbalance_product
59,CAT-Solv-47,39,Solvent_sig2
59,CAT-Solv-47,40,Solute_NumHDonors
59,CAT-Solv-47,41,Class_ester_x_solute_TPSA_density
59,CAT-Solv-47,42,Solute_neg_area_frac
59,CAT-Solv-47,43,Class_ester_x_solute_HBD
59,CAT-Solv-47,44,Cross_sigma3_abs_gap
59,CAT-Solv-47,45,Cross_acc_to_don_surface
59,CAT-Solv-47,46,Solute_signed_surface_imbalance
59,CAT-Solv-47,47,Cross_pos_area_abs_gap
60,2D-Min,1,Solute_MolWt
60,2D-Min,2,Solute_HeavyAtomCount
60,2D-Min,3,Solute_NumRotatableBonds
60,2D-Min,4,Solute_RingCount
60,2D-Min,5,Solute_NumAromaticRings
60,2D-Min,6,Solute_BertzCT
60,2D-Min,7,Solute_BalabanJ
60,2D-Min,8,Solute_MolLogP
60,2D-Min,9,Solute_TPSA
60,2D-Min,10,Solute_NumHDonors
60,2D-Min,11,Solute_NumHAcceptors
60,2D-Min,12,Solute_LabuteASA
60,2D-Min,13,Solvent_MolWt
60,2D-Min,14,Solvent_HeavyAtomCount
60,2D-Min,15,Solvent_NumRotatableBonds
60,2D-Min,16,Solvent_RingCount
60,2D-Min,17,Solvent_NumAromaticRings
60,2D-Min,18,Solvent_BertzCT
60,2D-Min,19,Solvent_BalabanJ
60,2D-Min,20,Solvent_MolLogP
60,2D-Min,21,Solvent_TPSA
60,2D-Min,22,Solvent_NumHDonors
60,2D-Min,23,Solvent_NumHAcceptors
60,2D-Min,24,Solvent_LabuteASA
60,2D-Min,25,Temperature_K
60,2D-Elec,1,Solute_MolWt
60,2D-Elec,2,Solute_HeavyAtomCount
60,2D-Elec,3,Solute_NumRotatableBonds
60,2D-Elec,4,Solute_RingCount
60,2D-Elec,5,Solute_NumAromaticRings
60,2D-Elec,6,Solute_BertzCT
60,2D-Elec,7,Solute_BalabanJ
60,2D-Elec,8,Solute_MolLogP
60,2D-Elec,9,Solute_TPSA
60,2D-Elec,10,Solute_NumHDonors
60,2D-Elec,11,Solute_NumHAcceptors
60,2D-Elec,12,Solute_LabuteASA
60,2D-Elec,13,Solute_MaxPartialCharge
60,2D-Elec,14,Solute_MinPartialCharge
60,2D-Elec,15,Solute_MaxAbsPartialCharge
60,2D-Elec,16,Solute_MinAbsPartialCharge
60,2D-Elec,17,Solvent_MolWt
60,2D-Elec,18,Solvent_HeavyAtomCount
60,2D-Elec,19,Solvent_NumRotatableBonds
60,2D-Elec,20,Solvent_RingCount
60,2D-Elec,21,Solvent_NumAromaticRings
60,2D-Elec,22,Solvent_BertzCT
60,2D-Elec,23,Solvent_BalabanJ
60,2D-Elec,24,Solvent_MolLogP
60,2D-Elec,25,Solvent_TPSA
60,2D-Elec,26,Solvent_NumHDonors
60,2D-Elec,27,Solvent_NumHAcceptors
60,2D-Elec,28,Solvent_LabuteASA
60,2D-Elec,29,Solvent_MaxPartialCharge
60,2D-Elec,30,Solvent_MinPartialCharge
60,2D-Elec,31,Solvent_MaxAbsPartialCharge
60,2D-Elec,32,Solvent_MinAbsPartialCharge
60,2D-Elec,33,Temperature_K
60,Sigma-Solv,1,Solute_MolWt
60,Sigma-Solv,2,Solute_HeavyAtomCount
60,Sigma-Solv,3,Solute_NumRotatableBonds
60,Sigma-Solv,4,Solute_RingCount
60,Sigma-Solv,5,Solute_NumAromaticRings
60,Sigma-Solv,6,Solute_BertzCT
60,Sigma-Solv,7,Solute_BalabanJ
60,Sigma-Solv,8,Solute_MolLogP
60,Sigma-Solv,9,Solute_TPSA
60,Sigma-Solv,10,Solute_NumHDonors
60,Sigma-Solv,11,Solute_NumHAcceptors
60,Sigma-Solv,12,Solute_LabuteASA
60,Sigma-Solv,13,Solute_MaxPartialCharge
60,Sigma-Solv,14,Solute_MinPartialCharge
60,Sigma-Solv,15,Solute_MaxAbsPartialCharge
60,Sigma-Solv,16,Solute_MinAbsPartialCharge
60,Sigma-Solv,17,Solvent_MolWt
60,Sigma-Solv,18,Solvent_HeavyAtomCount
60,Sigma-Solv,19,Solvent_NumRotatableBonds
60,Sigma-Solv,20,Solvent_RingCount
60,Sigma-Solv,21,Solvent_NumAromaticRings
60,Sigma-Solv,22,Solvent_BertzCT
60,Sigma-Solv,23,Solvent_BalabanJ
60,Sigma-Solv,24,Solvent_MolLogP
60,Sigma-Solv,25,Solvent_TPSA
60,Sigma-Solv,26,Solvent_NumHDonors
60,Sigma-Solv,27,Solvent_NumHAcceptors
60,Sigma-Solv,28,Solvent_LabuteASA
60,Sigma-Solv,29,Solvent_MaxPartialCharge
60,Sigma-Solv,30,Solvent_MinPartialCharge
60,Sigma-Solv,31,Solvent_MaxAbsPartialCharge
60,Sigma-Solv,32,Solvent_MinAbsPartialCharge
60,Sigma-Solv,33,Temperature_K
60,Sigma-Solv,34,Solute_sig2
60,Sigma-Solv,35,Solute_sig3
60,Sigma-Solv,36,Solute_M_hb_acc
60,Sigma-Solv,37,Solute_M_hb_don
60,Sigma-Solv,38,Solute_M_nonpolar
60,Sigma-Solv,39,Solute_pos_area_frac
60,Sigma-Solv,40,Solute_neg_area_frac
60,Sigma-Solv,41,Solvent_sig2
60,Sigma-Solv,42,Solvent_sig3
60,Sigma-Solv,43,Solvent_M_hb_acc
60,Sigma-Solv,44,Solvent_M_hb_don
60,Sigma-Solv,45,Solvent_M_nonpolar
60,Sigma-Solv,46,Solvent_pos_area_frac
60,Sigma-Solv,47,Solvent_neg_area_frac
60,CAT-Solv-47,1,Solute_BertzCT
60,CAT-Solv-47,2,Temperature_K
60,CAT-Solv-47,3,Solute_TPSA
60,CAT-Solv-47,4,Solute_HB_capacity
60,CAT-Solv-47,5,Solute_MolLogP
60,CAT-Solv-47,6,Solute_MolWt
60,CAT-Solv-47,7,Solvent_MaxPartialCharge
60,CAT-Solv-47,8,Solute_BalabanJ
60,CAT-Solv-47,9,Solvent_pos_area_frac
60,CAT-Solv-47,10,Solute_RingCount
60,CAT-Solv-47,11,Solute_MaxPartialCharge
60,CAT-Solv-47,12,Solute_NumAromaticRings
60,CAT-Solv-47,13,Solute_polar_surface_density
60,CAT-Solv-47,14,Solute_M_hb_don
60,CAT-Solv-47,15,Solute_sig3
60,CAT-Solv-47,16,Cross_sigma2_abs_gap
60,CAT-Solv-47,17,Solute_NumRotatableBonds
60,CAT-Solv-47,18,Solute_MinAbsPartialCharge
60,CAT-Solv-47,19,Solute_M_nonpolar
60,CAT-Solv-47,20,Solute_LabuteASA
60,CAT-Solv-47,21,Cross_logP_abs_gap
60,CAT-Solv-47,22,Cross_HB_directional_balance
60,CAT-Solv-47,23,Solute_sig2
60,CAT-Solv-47,24,Solute_MaxAbsPartialCharge
60,CAT-Solv-47,25,Solvent_BalabanJ
60,CAT-Solv-47,26,Solute_HeavyAtomCount
60,CAT-Solv-47,27,Solute_M_hb_acc
60,CAT-Solv-47,28,Cross_TPSA_density_abs_gap
60,CAT-Solv-47,29,Solute_pos_area_frac
60,CAT-Solv-47,30,Solvent_sigma_asymmetry_abs
60,CAT-Solv-47,31,Cross_hb_don_moment_product
60,CAT-Solv-47,32,Cross_surface_imbalance_product
60,CAT-Solv-47,33,Solvent_MolLogP
60,CAT-Solv-47,34,Solute_MinPartialCharge
60,CAT-Solv-47,35,Cross_nonpolar_match
60,CAT-Solv-47,36,Solvent_hydrophobic_density
60,CAT-Solv-47,37,Solute_NumHDonors
60,CAT-Solv-47,38,Class_ester_x_solute_TPSA_density
60,CAT-Solv-47,39,Solvent_sig3
60,CAT-Solv-47,40,Solvent_neg_area_frac
60,CAT-Solv-47,41,Solute_neg_area_frac
60,CAT-Solv-47,42,Cross_sigma3_abs_gap
60,CAT-Solv-47,43,Cross_acc_to_don_surface
60,CAT-Solv-47,44,Solvent_self_hbond_proxy
60,CAT-Solv-47,45,Class_ester_x_solute_HBD
60,CAT-Solv-47,46,Cross_HB_capacity_product
60,CAT-Solv-47,47,Solute_NumHAcceptors
61,2D-Min,1,Solute_MolWt
61,2D-Min,2,Solute_HeavyAtomCount
61,2D-Min,3,Solute_NumRotatableBonds
61,2D-Min,4,Solute_RingCount
61,2D-Min,5,Solute_NumAromaticRings
61,2D-Min,6,Solute_BertzCT
61,2D-Min,7,Solute_BalabanJ
61,2D-Min,8,Solute_MolLogP
61,2D-Min,9,Solute_TPSA
61,2D-Min,10,Solute_NumHDonors
61,2D-Min,11,Solute_NumHAcceptors
61,2D-Min,12,Solute_LabuteASA
61,2D-Min,13,Solvent_MolWt
61,2D-Min,14,Solvent_HeavyAtomCount
61,2D-Min,15,Solvent_NumRotatableBonds
61,2D-Min,16,Solvent_RingCount
61,2D-Min,17,Solvent_NumAromaticRings
61,2D-Min,18,Solvent_BertzCT
61,2D-Min,19,Solvent_BalabanJ
61,2D-Min,20,Solvent_MolLogP
61,2D-Min,21,Solvent_TPSA
61,2D-Min,22,Solvent_NumHDonors
61,2D-Min,23,Solvent_NumHAcceptors
61,2D-Min,24,Solvent_LabuteASA
61,2D-Min,25,Temperature_K
61,2D-Elec,1,Solute_MolWt
61,2D-Elec,2,Solute_HeavyAtomCount
61,2D-Elec,3,Solute_NumRotatableBonds
61,2D-Elec,4,Solute_RingCount
61,2D-Elec,5,Solute_NumAromaticRings
61,2D-Elec,6,Solute_BertzCT
61,2D-Elec,7,Solute_BalabanJ
61,2D-Elec,8,Solute_MolLogP
61,2D-Elec,9,Solute_TPSA
61,2D-Elec,10,Solute_NumHDonors
61,2D-Elec,11,Solute_NumHAcceptors
61,2D-Elec,12,Solute_LabuteASA
61,2D-Elec,13,Solute_MaxPartialCharge
61,2D-Elec,14,Solute_MinPartialCharge
61,2D-Elec,15,Solute_MaxAbsPartialCharge
61,2D-Elec,16,Solute_MinAbsPartialCharge
61,2D-Elec,17,Solvent_MolWt
61,2D-Elec,18,Solvent_HeavyAtomCount
61,2D-Elec,19,Solvent_NumRotatableBonds
61,2D-Elec,20,Solvent_RingCount
61,2D-Elec,21,Solvent_NumAromaticRings
61,2D-Elec,22,Solvent_BertzCT
61,2D-Elec,23,Solvent_BalabanJ
61,2D-Elec,24,Solvent_MolLogP
61,2D-Elec,25,Solvent_TPSA
61,2D-Elec,26,Solvent_NumHDonors
61,2D-Elec,27,Solvent_NumHAcceptors
61,2D-Elec,28,Solvent_LabuteASA
61,2D-Elec,29,Solvent_MaxPartialCharge
61,2D-Elec,30,Solvent_MinPartialCharge
61,2D-Elec,31,Solvent_MaxAbsPartialCharge
61,2D-Elec,32,Solvent_MinAbsPartialCharge
61,2D-Elec,33,Temperature_K
61,Sigma-Solv,1,Solute_MolWt
61,Sigma-Solv,2,Solute_HeavyAtomCount
61,Sigma-Solv,3,Solute_NumRotatableBonds
61,Sigma-Solv,4,Solute_RingCount
61,Sigma-Solv,5,Solute_NumAromaticRings
61,Sigma-Solv,6,Solute_BertzCT
61,Sigma-Solv,7,Solute_BalabanJ
61,Sigma-Solv,8,Solute_MolLogP
61,Sigma-Solv,9,Solute_TPSA
61,Sigma-Solv,10,Solute_NumHDonors
61,Sigma-Solv,11,Solute_NumHAcceptors
61,Sigma-Solv,12,Solute_LabuteASA
61,Sigma-Solv,13,Solute_MaxPartialCharge
61,Sigma-Solv,14,Solute_MinPartialCharge
61,Sigma-Solv,15,Solute_MaxAbsPartialCharge
61,Sigma-Solv,16,Solute_MinAbsPartialCharge
61,Sigma-Solv,17,Solvent_MolWt
61,Sigma-Solv,18,Solvent_HeavyAtomCount
61,Sigma-Solv,19,Solvent_NumRotatableBonds
61,Sigma-Solv,20,Solvent_RingCount
61,Sigma-Solv,21,Solvent_NumAromaticRings
61,Sigma-Solv,22,Solvent_BertzCT
61,Sigma-Solv,23,Solvent_BalabanJ
61,Sigma-Solv,24,Solvent_MolLogP
61,Sigma-Solv,25,Solvent_TPSA
61,Sigma-Solv,26,Solvent_NumHDonors
61,Sigma-Solv,27,Solvent_NumHAcceptors
61,Sigma-Solv,28,Solvent_LabuteASA
61,Sigma-Solv,29,Solvent_MaxPartialCharge
61,Sigma-Solv,30,Solvent_MinPartialCharge
61,Sigma-Solv,31,Solvent_MaxAbsPartialCharge
61,Sigma-Solv,32,Solvent_MinAbsPartialCharge
61,Sigma-Solv,33,Temperature_K
61,Sigma-Solv,34,Solute_sig2
61,Sigma-Solv,35,Solute_sig3
61,Sigma-Solv,36,Solute_M_hb_acc
61,Sigma-Solv,37,Solute_M_hb_don
61,Sigma-Solv,38,Solute_M_nonpolar
61,Sigma-Solv,39,Solute_pos_area_frac
61,Sigma-Solv,40,Solute_neg_area_frac
61,Sigma-Solv,41,Solvent_sig2
61,Sigma-Solv,42,Solvent_sig3
61,Sigma-Solv,43,Solvent_M_hb_acc
61,Sigma-Solv,44,Solvent_M_hb_don
61,Sigma-Solv,45,Solvent_M_nonpolar
61,Sigma-Solv,46,Solvent_pos_area_frac
61,Sigma-Solv,47,Solvent_neg_area_frac
61,CAT-Solv-47,1,Solute_BertzCT
61,CAT-Solv-47,2,Temperature_K
61,CAT-Solv-47,3,Solute_TPSA
61,CAT-Solv-47,4,Solute_HB_capacity
61,CAT-Solv-47,5,Solute_MolLogP
61,CAT-Solv-47,6,Solute_BalabanJ
61,CAT-Solv-47,7,Solvent_pos_area_frac
61,CAT-Solv-47,8,Solvent_MaxPartialCharge
61,CAT-Solv-47,9,Solute_MolWt
61,CAT-Solv-47,10,Solute_MaxPartialCharge
61,CAT-Solv-47,11,Solute_RingCount
61,CAT-Solv-47,12,Solute_M_hb_don
61,CAT-Solv-47,13,Solute_polar_surface_density
61,CAT-Solv-47,14,Solute_sig3
61,CAT-Solv-47,15,Solute_NumAromaticRings
61,CAT-Solv-47,16,Solute_M_nonpolar
61,CAT-Solv-47,17,Solute_NumRotatableBonds
61,CAT-Solv-47,18,Solute_MinAbsPartialCharge
61,CAT-Solv-47,19,Cross_sigma2_abs_gap
61,CAT-Solv-47,20,Cross_TPSA_density_abs_gap
61,CAT-Solv-47,21,Solute_sig2
61,CAT-Solv-47,22,Solute_MaxAbsPartialCharge
61,CAT-Solv-47,23,Solute_LabuteASA
61,CAT-Solv-47,24,Cross_logP_abs_gap
61,CAT-Solv-47,25,Solute_HeavyAtomCount
61,CAT-Solv-47,26,Cross_hb_don_moment_product
61,CAT-Solv-47,27,Cross_HB_directional_balance
61,CAT-Solv-47,28,Solvent_BalabanJ
61,CAT-Solv-47,29,Solute_pos_area_frac
61,CAT-Solv-47,30,Solvent_MolLogP
61,CAT-Solv-47,31,Solute_M_hb_acc
61,CAT-Solv-47,32,Solute_MinPartialCharge
61,CAT-Solv-47,33,Solvent_sigma_asymmetry_abs
61,CAT-Solv-47,34,Solvent_sig3
61,CAT-Solv-47,35,Solvent_hydrophobic_density
61,CAT-Solv-47,36,Cross_surface_imbalance_product
61,CAT-Solv-47,37,Solute_NumHDonors
61,CAT-Solv-47,38,Cross_nonpolar_match
61,CAT-Solv-47,39,Solute_neg_area_frac
61,CAT-Solv-47,40,Cross_sigma3_abs_gap
61,CAT-Solv-47,41,Class_ester_x_solute_TPSA_density
61,CAT-Solv-47,42,Solvent_sig2
61,CAT-Solv-47,43,Cross_HB_capacity_product
61,CAT-Solv-47,44,Class_ester_x_solute_HBD
61,CAT-Solv-47,45,Cross_acc_to_don_surface
61,CAT-Solv-47,46,Solvent_self_hbond_proxy
61,CAT-Solv-47,47,Solute_signed_surface_imbalance
