learner,feature_layer,seed,SMILES_Solvent,Solvent_Name,n_rows,R2,MAE,RMSE
XGBoost,2D-Min,42,C1CCCCC1,Cyclohexane,1142,0.2513178893255019,0.9929051214852678,1.237230321636486
XGBoost,2D-Min,42,CN1CCCC1=O,NMP,1049,-0.4033615058978737,0.8039761189611275,0.9286360009925076
XGBoost,2D-Min,42,CCCOC(C)=O,n-Propyl acetate,1046,0.8951074805731816,0.18411809644587465,0.2600298309917153
XGBoost,2D-Min,42,CS(C)=O,DMSO,1076,0.4119614842014603,0.6310212583588672,0.7909664094160613
XGBoost,2D-Min,42,OCCO,Ethylene glycol,1111,0.5999366944414866,0.5004681589968076,0.6650394779411533
RandomForest,2D-Min,42,C1CCCCC1,Cyclohexane,1142,0.34239970749984283,0.905385004070153,1.1595322331670845
RandomForest,2D-Min,42,CN1CCCC1=O,NMP,1049,-0.9031129096975457,0.9292386342439357,1.081416555672745
RandomForest,2D-Min,42,CCCOC(C)=O,n-Propyl acetate,1046,0.9379603051216366,0.12660069002618599,0.19997962140847317
RandomForest,2D-Min,42,CS(C)=O,DMSO,1076,-0.09026396268625714,0.8310184931535903,1.0770130921832193
RandomForest,2D-Min,42,OCCO,Ethylene glycol,1111,0.7212781794944265,0.40475197766930526,0.555096580558747
ExtraTrees,2D-Min,42,C1CCCCC1,Cyclohexane,1142,0.2365902590558474,1.002080605184763,1.2493400880377725
ExtraTrees,2D-Min,42,CN1CCCC1=O,NMP,1049,-0.07476395409079362,0.6823603307093195,0.8126757160564055
ExtraTrees,2D-Min,42,CCCOC(C)=O,n-Propyl acetate,1046,0.9450310538394485,0.1146452250760826,0.1882390059374671
ExtraTrees,2D-Min,42,CS(C)=O,DMSO,1076,0.1613505388746611,0.7172295228902246,0.9445944512667869
ExtraTrees,2D-Min,42,OCCO,Ethylene glycol,1111,0.7005905226743483,0.41583245689153825,0.5753284343575285
HistGradientBoosting,2D-Min,42,C1CCCCC1,Cyclohexane,1142,0.17983807408860442,1.0282764776949478,1.2949459125976233
HistGradientBoosting,2D-Min,42,CN1CCCC1=O,NMP,1049,-0.35831166021609495,0.78099233869904,0.9136091716858264
HistGradientBoosting,2D-Min,42,CCCOC(C)=O,n-Propyl acetate,1046,0.8978806924859825,0.18404691032646733,0.2565693924647681
HistGradientBoosting,2D-Min,42,CS(C)=O,DMSO,1076,0.14445852725794306,0.7720293976243434,0.9540599989550852
HistGradientBoosting,2D-Min,42,OCCO,Ethylene glycol,1111,0.5618902522392646,0.5282569015712596,0.6959443688348425
XGBoost,2D-Elec,42,C1CCCCC1,Cyclohexane,1142,0.4324044312184253,0.8549417464574812,1.077261961738715
XGBoost,2D-Elec,42,CN1CCCC1=O,NMP,1049,0.447316334146427,0.45428250590906516,0.5827725015239472
XGBoost,2D-Elec,42,CCCOC(C)=O,n-Propyl acetate,1046,0.9268810728670763,0.15983589653328753,0.21710299787051415
XGBoost,2D-Elec,42,CS(C)=O,DMSO,1076,0.40425631341888735,0.648789815522123,0.7961316293944074
XGBoost,2D-Elec,42,OCCO,Ethylene glycol,1111,0.7529510317617886,0.39698849608585934,0.5226062379836756
RandomForest,2D-Elec,42,C1CCCCC1,Cyclohexane,1142,0.5375898675876629,0.739459183456457,0.9723340576456796
RandomForest,2D-Elec,42,CN1CCCC1=O,NMP,1049,0.05430861365144557,0.5971823103935632,0.7623167335746193
RandomForest,2D-Elec,42,CCCOC(C)=O,n-Propyl acetate,1046,0.9587359984239124,0.11023004103079025,0.1630934748849072
RandomForest,2D-Elec,42,CS(C)=O,DMSO,1076,-0.17308607207754956,0.8982759181804189,1.1171721309697749
RandomForest,2D-Elec,42,OCCO,Ethylene glycol,1111,0.7089909574666897,0.41582239555576106,0.5672001134985281
ExtraTrees,2D-Elec,42,C1CCCCC1,Cyclohexane,1142,0.45811496821656983,0.8184337045676172,1.0525807044857824
ExtraTrees,2D-Elec,42,CN1CCCC1=O,NMP,1049,0.35373261119963695,0.5137521663806698,0.6301832522361025
ExtraTrees,2D-Elec,42,CCCOC(C)=O,n-Propyl acetate,1046,0.966053162172281,0.0955171413828516,0.14792806556629537
ExtraTrees,2D-Elec,42,CS(C)=O,DMSO,1076,-0.03794068558707808,0.8540309139758288,1.0508516777580366
ExtraTrees,2D-Elec,42,OCCO,Ethylene glycol,1111,0.6675944942336927,0.43043734801340955,0.6062017298638098
HistGradientBoosting,2D-Elec,42,C1CCCCC1,Cyclohexane,1142,0.5137895090298984,0.7986239162034668,0.9970432316907721
HistGradientBoosting,2D-Elec,42,CN1CCCC1=O,NMP,1049,0.32228706005143914,0.494748355806677,0.6453326306157499
HistGradientBoosting,2D-Elec,42,CCCOC(C)=O,n-Propyl acetate,1046,0.9202881975185315,0.15967414126896126,0.22667949169528476
HistGradientBoosting,2D-Elec,42,CS(C)=O,DMSO,1076,-0.08009094475040346,0.8646783439580353,1.0719766276474225
HistGradientBoosting,2D-Elec,42,OCCO,Ethylene glycol,1111,0.6873547300342971,0.43987668727792895,0.5879074970045626
XGBoost,Sigma-Solv,42,C1CCCCC1,Cyclohexane,1142,0.5890050229606341,0.7122682557069978,0.9166849138265563
XGBoost,Sigma-Solv,42,CN1CCCC1=O,NMP,1049,0.6466402753899647,0.3632472500638323,0.4659821279154525
XGBoost,Sigma-Solv,42,CCCOC(C)=O,n-Propyl acetate,1046,0.9012254407436199,0.19627418411474196,0.2523326597679136
XGBoost,Sigma-Solv,42,CS(C)=O,DMSO,1076,0.6397061855399573,0.4749226961004459,0.6191324360505569
XGBoost,Sigma-Solv,42,OCCO,Ethylene glycol,1111,0.7069965675518526,0.42544842787424575,0.5691404082533377
RandomForest,Sigma-Solv,42,C1CCCCC1,Cyclohexane,1142,0.5279778097113648,0.7551578404174715,0.9823879683683663
RandomForest,Sigma-Solv,42,CN1CCCC1=O,NMP,1049,0.6044455082106741,0.3920210158581981,0.4930192726680751
RandomForest,Sigma-Solv,42,CCCOC(C)=O,n-Propyl acetate,1046,0.9548070450356629,0.11358000109612566,0.17068143466318167
RandomForest,Sigma-Solv,42,CS(C)=O,DMSO,1076,0.4908776156439357,0.5639275101790029,0.7359804020327564
RandomForest,Sigma-Solv,42,OCCO,Ethylene glycol,1111,0.7018534012184139,0.42799283951494443,0.5741138139796207
ExtraTrees,Sigma-Solv,42,C1CCCCC1,Cyclohexane,1142,0.49852477417473195,0.7807246846308155,1.0125735256299797
ExtraTrees,Sigma-Solv,42,CN1CCCC1=O,NMP,1049,0.6876872079256884,0.3453030176725076,0.43808221553307236
ExtraTrees,Sigma-Solv,42,CCCOC(C)=O,n-Propyl acetate,1046,0.9676598320006986,0.09790842068167499,0.144384991313157
ExtraTrees,Sigma-Solv,42,CS(C)=O,DMSO,1076,0.5447827465475159,0.5355652137268725,0.695928321751826
ExtraTrees,Sigma-Solv,42,OCCO,Ethylene glycol,1111,0.6669181764471046,0.447334277540824,0.6068181105740469
HistGradientBoosting,Sigma-Solv,42,C1CCCCC1,Cyclohexane,1142,0.6313683286711551,0.6808636933850175,0.8681567567219919
HistGradientBoosting,Sigma-Solv,42,CN1CCCC1=O,NMP,1049,0.6811169440509234,0.3479408267163587,0.4426662974116282
HistGradientBoosting,Sigma-Solv,42,CCCOC(C)=O,n-Propyl acetate,1046,0.9085245943952287,0.1779130003063602,0.2428304178521974
HistGradientBoosting,Sigma-Solv,42,CS(C)=O,DMSO,1076,0.6305140984110742,0.48150575034469323,0.6269805808551562
HistGradientBoosting,Sigma-Solv,42,OCCO,Ethylene glycol,1111,0.728424506230849,0.4169634668857021,0.5479341339604247
XGBoost,CAT-Solv-47,42,C1CCCCC1,Cyclohexane,1142,0.633177352303048,0.670605471034654,0.8660239399539554
XGBoost,CAT-Solv-47,42,CN1CCCC1=O,NMP,1049,0.7381513443535664,0.3118128173442964,0.4011307085319357
XGBoost,CAT-Solv-47,42,CCCOC(C)=O,n-Propyl acetate,1046,0.8939015513587653,0.20524911457245018,0.2615203158719591
XGBoost,CAT-Solv-47,42,CS(C)=O,DMSO,1076,0.6568037630609227,0.4641411772104683,0.60426357062014
XGBoost,CAT-Solv-47,42,OCCO,Ethylene glycol,1111,0.7186368784756343,0.4255219576612156,0.5577205587856731
RandomForest,CAT-Solv-47,42,C1CCCCC1,Cyclohexane,1142,0.5171428342515099,0.7631320173249163,0.9935990495918888
RandomForest,CAT-Solv-47,42,CN1CCCC1=O,NMP,1049,0.21595920363428078,0.564782145146236,0.6941128219153394
RandomForest,CAT-Solv-47,42,CCCOC(C)=O,n-Propyl acetate,1046,0.9273601914291902,0.15812059596371858,0.21639053505240152
RandomForest,CAT-Solv-47,42,CS(C)=O,DMSO,1076,0.350914379726984,0.6137287082355034,0.831009804913802
RandomForest,CAT-Solv-47,42,OCCO,Ethylene glycol,1111,0.6967466525604349,0.43775906425875966,0.5790097391863509
ExtraTrees,CAT-Solv-47,42,C1CCCCC1,Cyclohexane,1142,0.6234415877718482,0.6533502859324662,0.8774411622430972
ExtraTrees,CAT-Solv-47,42,CN1CCCC1=O,NMP,1049,0.6070334941716693,0.38964575821504366,0.49140379258499056
ExtraTrees,CAT-Solv-47,42,CCCOC(C)=O,n-Propyl acetate,1046,0.960125987109045,0.11304830097052745,0.16032302098353182
ExtraTrees,CAT-Solv-47,42,CS(C)=O,DMSO,1076,0.5160698962362058,0.5480768375182863,0.7175405902252546
ExtraTrees,CAT-Solv-47,42,OCCO,Ethylene glycol,1111,0.6933348490477984,0.43150868561236466,0.582257753072099
HistGradientBoosting,CAT-Solv-47,42,C1CCCCC1,Cyclohexane,1142,0.6827408342820163,0.6280030003561862,0.8053949755126023
HistGradientBoosting,CAT-Solv-47,42,CN1CCCC1=O,NMP,1049,0.7419164263221878,0.30366262352003326,0.39823636783415106
HistGradientBoosting,CAT-Solv-47,42,CCCOC(C)=O,n-Propyl acetate,1046,0.9139566147076233,0.17573901155129493,0.23551016662757335
HistGradientBoosting,CAT-Solv-47,42,CS(C)=O,DMSO,1076,0.6825279650444043,0.42929852592901574,0.5811762948340194
HistGradientBoosting,CAT-Solv-47,42,OCCO,Ethylene glycol,1111,0.738391323430694,0.39983577244698454,0.5377855625852561
XGBoost,2D-Min,43,C1CCCCC1,Cyclohexane,1142,0.2374263773317431,1.0062138178691484,1.2486557358462531
XGBoost,2D-Min,43,CN1CCCC1=O,NMP,1049,-0.29436059219705957,0.7641608906100722,0.8918429372913129
XGBoost,2D-Min,43,CCCOC(C)=O,n-Propyl acetate,1046,0.901373606700905,0.1784383150969443,0.25214333398680155
XGBoost,2D-Min,43,CS(C)=O,DMSO,1076,0.4402551057818429,0.6193025948936696,0.7717030636342446
XGBoost,2D-Min,43,OCCO,Ethylene glycol,1111,0.6367049130488298,0.4693836982024372,0.6337424951412383
RandomForest,2D-Min,43,C1CCCCC1,Cyclohexane,1142,0.3682489280280923,0.8854866301108564,1.1365140807419336
RandomForest,2D-Min,43,CN1CCCC1=O,NMP,1049,-0.9021530654538326,0.9241271546187364,1.0811438124311978
RandomForest,2D-Min,43,CCCOC(C)=O,n-Propyl acetate,1046,0.9412587879088768,0.12273886479190915,0.19459082847972545
RandomForest,2D-Min,43,CS(C)=O,DMSO,1076,-0.1155095525872527,0.8372954249673823,1.0894111121627272
RandomForest,2D-Min,43,OCCO,Ethylene glycol,1111,0.7141810327896743,0.4109225675484668,0.5621194204857692
ExtraTrees,2D-Min,43,C1CCCCC1,Cyclohexane,1142,0.22845640316711002,1.0041042105860556,1.2559780878888256
ExtraTrees,2D-Min,43,CN1CCCC1=O,NMP,1049,-0.07173164129803244,0.6796239754000142,0.8115284745682139
ExtraTrees,2D-Min,43,CCCOC(C)=O,n-Propyl acetate,1046,0.9455692484552272,0.11155828213092446,0.18731522601510311
ExtraTrees,2D-Min,43,CS(C)=O,DMSO,1076,0.1672141632970512,0.7225067125814659,0.941286476526878
ExtraTrees,2D-Min,43,OCCO,Ethylene glycol,1111,0.7072022260223905,0.401715922329962,0.5689406339859415
HistGradientBoosting,2D-Min,43,C1CCCCC1,Cyclohexane,1142,0.18842363296206,1.0412524859812167,1.28815025247528
HistGradientBoosting,2D-Min,43,CN1CCCC1=O,NMP,1049,-0.2692464511597097,0.7536569750070005,0.8831484585604694
HistGradientBoosting,2D-Min,43,CCCOC(C)=O,n-Propyl acetate,1046,0.8786699071194357,0.20564135275688342,0.2796631082988571
HistGradientBoosting,2D-Min,43,CS(C)=O,DMSO,1076,0.08880557204712436,0.7956315008353929,0.9846019275418514
HistGradientBoosting,2D-Min,43,OCCO,Ethylene glycol,1111,0.6066132508585359,0.5018747800809723,0.6594667910918451
XGBoost,2D-Elec,43,C1CCCCC1,Cyclohexane,1142,0.540892501958294,0.762248130338989,0.9688555240792779
XGBoost,2D-Elec,43,CN1CCCC1=O,NMP,1049,0.41307528702943397,0.4703072877771467,0.6005538209889194
XGBoost,2D-Elec,43,CCCOC(C)=O,n-Propyl acetate,1046,0.9274782828546281,0.16051719799430111,0.21621456913579343
XGBoost,2D-Elec,43,CS(C)=O,DMSO,1076,0.3808384039705014,0.6687477569381077,0.8116282585811414
XGBoost,2D-Elec,43,OCCO,Ethylene glycol,1111,0.7293159784229526,0.4090435671109817,0.5470340719617439
RandomForest,2D-Elec,43,C1CCCCC1,Cyclohexane,1142,0.5278699985331685,0.7413245481356521,0.9825001520320937
RandomForest,2D-Elec,43,CN1CCCC1=O,NMP,1049,0.06243926026736313,0.5760459235444949,0.7590326242730333
RandomForest,2D-Elec,43,CCCOC(C)=O,n-Propyl acetate,1046,0.9625844280631267,0.1065121857538496,0.15530202171248142
RandomForest,2D-Elec,43,CS(C)=O,DMSO,1076,-0.170456372161081,0.8963851219242621,1.1159192494443133
RandomForest,2D-Elec,43,OCCO,Ethylene glycol,1111,0.7076078517759379,0.4223414136119342,0.5685464080462165
ExtraTrees,2D-Elec,43,C1CCCCC1,Cyclohexane,1142,0.4548063653619855,0.8228073135823916,1.0557892003637483
ExtraTrees,2D-Elec,43,CN1CCCC1=O,NMP,1049,0.3647943735438779,0.5068294127126459,0.6247667444140813
ExtraTrees,2D-Elec,43,CCCOC(C)=O,n-Propyl acetate,1046,0.9641266105719015,0.09709660692366363,0.15206775040121204
ExtraTrees,2D-Elec,43,CS(C)=O,DMSO,1076,-0.008637471852526613,0.8369573429461852,1.0359116167214424
ExtraTrees,2D-Elec,43,OCCO,Ethylene glycol,1111,0.6565376469522801,0.4364776043645239,0.6162013387490827
HistGradientBoosting,2D-Elec,43,C1CCCCC1,Cyclohexane,1142,0.4885027825276491,0.8234192706899586,1.0226416220046806
HistGradientBoosting,2D-Elec,43,CN1CCCC1=O,NMP,1049,0.35204126416086023,0.48588136506575375,0.6310073400224981
HistGradientBoosting,2D-Elec,43,CCCOC(C)=O,n-Propyl acetate,1046,0.9256063580064714,0.15362505948576197,0.21898724779581966
HistGradientBoosting,2D-Elec,43,CS(C)=O,DMSO,1076,-0.17500205556129633,0.9127557374970255,1.118084088800805
HistGradientBoosting,2D-Elec,43,OCCO,Ethylene glycol,1111,0.6597264260059443,0.4634683225596812,0.6133341949292076
XGBoost,Sigma-Solv,43,C1CCCCC1,Cyclohexane,1142,0.6170463883269531,0.6953162092822123,0.8848607101704461
XGBoost,Sigma-Solv,43,CN1CCCC1=O,NMP,1049,0.6268341441324552,0.37280615718843113,0.47886344564872957
XGBoost,Sigma-Solv,43,CCCOC(C)=O,n-Propyl acetate,1046,0.9176444121087263,0.17508449785997002,0.2304079453326606
XGBoost,Sigma-Solv,43,CS(C)=O,DMSO,1076,0.6219618487918038,0.48936229276977283,0.6341952271606248
XGBoost,Sigma-Solv,43,OCCO,Ethylene glycol,1111,0.7321848436047296,0.4136660680818918,0.5441274588563636
RandomForest,Sigma-Solv,43,C1CCCCC1,Cyclohexane,1142,0.5337549007010689,0.752689013665834,0.9763577254539337
RandomForest,Sigma-Solv,43,CN1CCCC1=O,NMP,1049,0.6043429949330046,0.38836837881370573,0.4930831548239752
RandomForest,Sigma-Solv,43,CCCOC(C)=O,n-Propyl acetate,1046,0.9552718647141202,0.11363037341545675,0.16980141760208636
RandomForest,Sigma-Solv,43,CS(C)=O,DMSO,1076,0.465032142780182,0.5718719135459361,0.7544300843613263
RandomForest,Sigma-Solv,43,OCCO,Ethylene glycol,1111,0.6867110414424844,0.4397190229977505,0.5885123914384097
ExtraTrees,Sigma-Solv,43,C1CCCCC1,Cyclohexane,1142,0.4886392708257602,0.7940980041568155,1.022505171675769
ExtraTrees,Sigma-Solv,43,CN1CCCC1=O,NMP,1049,0.6762282931668924,0.35323041861491405,0.44604654910142616
ExtraTrees,Sigma-Solv,43,CCCOC(C)=O,n-Propyl acetate,1046,0.9666166181543973,0.09792046839869677,0.14669525968456107
ExtraTrees,Sigma-Solv,43,CS(C)=O,DMSO,1076,0.5339673524729609,0.5312920140726,0.7041469863958223
ExtraTrees,Sigma-Solv,43,OCCO,Ethylene glycol,1111,0.680917234497713,0.44027958891938823,0.5939292865339276
HistGradientBoosting,Sigma-Solv,43,C1CCCCC1,Cyclohexane,1142,0.6181593568122781,0.6915521600834513,0.8835739503163943
HistGradientBoosting,Sigma-Solv,43,CN1CCCC1=O,NMP,1049,0.7228649157527549,0.3204257084396327,0.41267341413936537
HistGradientBoosting,Sigma-Solv,43,CCCOC(C)=O,n-Propyl acetate,1046,0.9079243810778015,0.17615484415582464,0.24362577780254072
HistGradientBoosting,Sigma-Solv,43,CS(C)=O,DMSO,1076,0.6420905467318982,0.47356348452243713,0.6170803805120153
HistGradientBoosting,Sigma-Solv,43,OCCO,Ethylene glycol,1111,0.7270280264688732,0.421026327183812,0.5493411051393308
XGBoost,CAT-Solv-47,43,C1CCCCC1,Cyclohexane,1142,0.6195288490723097,0.6917084579570746,0.8819880340012436
XGBoost,CAT-Solv-47,43,CN1CCCC1=O,NMP,1049,0.7113473618711678,0.3243606065657476,0.42116134300637187
XGBoost,CAT-Solv-47,43,CCCOC(C)=O,n-Propyl acetate,1046,0.9040475913024071,0.19390604628144373,0.24870175841967804
XGBoost,CAT-Solv-47,43,CS(C)=O,DMSO,1076,0.6556153816443178,0.4713833091468166,0.605308854570778
XGBoost,CAT-Solv-47,43,OCCO,Ethylene glycol,1111,0.720506130728297,0.42716756087093927,0.5558648470418283
RandomForest,CAT-Solv-47,43,C1CCCCC1,Cyclohexane,1142,0.5160460434105875,0.7610052162174408,0.994726869860233
RandomForest,CAT-Solv-47,43,CN1CCCC1=O,NMP,1049,0.2914766442356149,0.5240675829007244,0.6598387580210512
RandomForest,CAT-Solv-47,43,CCCOC(C)=O,n-Propyl acetate,1046,0.9366589478836185,0.1487805596286239,0.20206614294309744
RandomForest,CAT-Solv-47,43,CS(C)=O,DMSO,1076,0.3763952628254773,0.5953718517243667,0.8145351995985993
RandomForest,CAT-Solv-47,43,OCCO,Ethylene glycol,1111,0.6894400659430171,0.4400926346339407,0.5859435527196456
ExtraTrees,CAT-Solv-47,43,C1CCCCC1,Cyclohexane,1142,0.6109200262834517,0.6657906412265566,0.8919104779118507
ExtraTrees,CAT-Solv-47,43,CN1CCCC1=O,NMP,1049,0.6278212388383515,0.37544781784475495,0.4782296837929509
ExtraTrees,CAT-Solv-47,43,CCCOC(C)=O,n-Propyl acetate,1046,0.9655748253422158,0.10260235692054541,0.14896662944575856
ExtraTrees,CAT-Solv-47,43,CS(C)=O,DMSO,1076,0.5420749815343908,0.5282358470383111,0.6979950452721255
ExtraTrees,CAT-Solv-47,43,OCCO,Ethylene glycol,1111,0.6835772389581696,0.4374847982511697,0.5914484867273267
HistGradientBoosting,CAT-Solv-47,43,C1CCCCC1,Cyclohexane,1142,0.6283214659668204,0.6830716222440257,0.8717371749984754
HistGradientBoosting,CAT-Solv-47,43,CN1CCCC1=O,NMP,1049,0.7382650074501075,0.3054551055651629,0.40104363780163466
HistGradientBoosting,CAT-Solv-47,43,CCCOC(C)=O,n-Propyl acetate,1046,0.9237243092344338,0.1585304589201996,0.22173997281135135
HistGradientBoosting,CAT-Solv-47,43,CS(C)=O,DMSO,1076,0.6517074829553104,0.4696574983803025,0.6087335326521957
HistGradientBoosting,CAT-Solv-47,43,OCCO,Ethylene glycol,1111,0.7166240944158353,0.4060435855470238,0.5597118833108524
XGBoost,2D-Min,44,C1CCCCC1,Cyclohexane,1142,0.2197877751387799,1.032558787031018,1.263014110060954
XGBoost,2D-Min,44,CN1CCCC1=O,NMP,1049,-0.25557094326252083,0.7429653283210763,0.8783778277456911
XGBoost,2D-Min,44,CCCOC(C)=O,n-Propyl acetate,1046,0.8969294308722505,0.18542311285890997,0.2577616198438107
XGBoost,2D-Min,44,CS(C)=O,DMSO,1076,0.4214799633252877,0.6277449816359184,0.7845386729704817
XGBoost,2D-Min,44,OCCO,Ethylene glycol,1111,0.544011522640073,0.533693016358184,0.7100027016022502
RandomForest,2D-Min,44,C1CCCCC1,Cyclohexane,1142,0.39064268973492733,0.8700992848124274,1.1161892609694215
RandomForest,2D-Min,44,CN1CCCC1=O,NMP,1049,-0.7977592373402502,0.8990845803168236,1.0510575612242765
RandomForest,2D-Min,44,CCCOC(C)=O,n-Propyl acetate,1046,0.937660119229474,0.12676794978672512,0.20046284928066715
RandomForest,2D-Min,44,CS(C)=O,DMSO,1076,-0.0930461308558086,0.825541771282266,1.0783863937344966
RandomForest,2D-Min,44,OCCO,Ethylene glycol,1111,0.7216223032090062,0.408062121091176,0.5547537999063433
ExtraTrees,2D-Min,44,C1CCCCC1,Cyclohexane,1142,0.26714806544142233,0.982141571556235,1.2240804063241373
ExtraTrees,2D-Min,44,CN1CCCC1=O,NMP,1049,-0.01313676389303775,0.6624815119449414,0.7890322852925656
ExtraTrees,2D-Min,44,CCCOC(C)=O,n-Propyl acetate,1046,0.9424460702012922,0.11575876098467107,0.19261424673490704
ExtraTrees,2D-Min,44,CS(C)=O,DMSO,1076,0.16078963037087213,0.720430788707749,0.9449102819705819
ExtraTrees,2D-Min,44,OCCO,Ethylene glycol,1111,0.687405135586039,0.4183944812784608,0.5878601030422766
HistGradientBoosting,2D-Min,44,C1CCCCC1,Cyclohexane,1142,0.3570167005716368,0.9008935988952101,1.146572901876432
HistGradientBoosting,2D-Min,44,CN1CCCC1=O,NMP,1049,-0.4858001533281133,0.8180764373748418,0.9555225391570438
HistGradientBoosting,2D-Min,44,CCCOC(C)=O,n-Propyl acetate,1046,0.880739480774128,0.20647637192174007,0.27726768933611934
HistGradientBoosting,2D-Min,44,CS(C)=O,DMSO,1076,0.05611386003016394,0.80265238898412,1.0021089905203917
HistGradientBoosting,2D-Min,44,OCCO,Ethylene glycol,1111,0.512771584534326,0.5614061788426281,0.7339210961027949
XGBoost,2D-Elec,44,C1CCCCC1,Cyclohexane,1142,0.538863635055,0.749772499604747,0.9709939252607669
XGBoost,2D-Elec,44,CN1CCCC1=O,NMP,1049,0.5075379676642764,0.4254257434281635,0.5501069260190936
XGBoost,2D-Elec,44,CCCOC(C)=O,n-Propyl acetate,1046,0.9263066258033507,0.1535256790007305,0.21795414676468342
XGBoost,2D-Elec,44,CS(C)=O,DMSO,1076,0.40903835096827224,0.6547673059211112,0.7929299151209269
XGBoost,2D-Elec,44,OCCO,Ethylene glycol,1111,0.7636207680365751,0.3815946168397485,0.5111963281268311
RandomForest,2D-Elec,44,C1CCCCC1,Cyclohexane,1142,0.49014765918913605,0.7723542720739699,1.0209959885569633
RandomForest,2D-Elec,44,CN1CCCC1=O,NMP,1049,0.030149877876836317,0.5919638289596156,0.7719924424843203
RandomForest,2D-Elec,44,CCCOC(C)=O,n-Propyl acetate,1046,0.9578519170556727,0.11122458277852235,0.16483135481129277
RandomForest,2D-Elec,44,CS(C)=O,DMSO,1076,-0.1497475429181303,0.886450192748165,1.1060032395734314
RandomForest,2D-Elec,44,OCCO,Ethylene glycol,1111,0.7048066782315079,0.422137098824658,0.571263308930159
ExtraTrees,2D-Elec,44,C1CCCCC1,Cyclohexane,1142,0.463349351131218,0.8123559805335737,1.047484623290456
ExtraTrees,2D-Elec,44,CN1CCCC1=O,NMP,1049,0.35261820021777657,0.5165918686762281,0.6307263561114689
ExtraTrees,2D-Elec,44,CCCOC(C)=O,n-Propyl acetate,1046,0.9611141035479348,0.10277316565763914,0.15832407994851128
ExtraTrees,2D-Elec,44,CS(C)=O,DMSO,1076,-0.014329834647473394,0.8386104894096573,1.0388306478436673
ExtraTrees,2D-Elec,44,OCCO,Ethylene glycol,1111,0.6511383431821959,0.437265902152801,0.6210258623634919
HistGradientBoosting,2D-Elec,44,C1CCCCC1,Cyclohexane,1142,0.5101025012605429,0.8083112040435052,1.0008164568594657
HistGradientBoosting,2D-Elec,44,CN1CCCC1=O,NMP,1049,0.36071034514866795,0.4930307734555181,0.6267719824461289
HistGradientBoosting,2D-Elec,44,CCCOC(C)=O,n-Propyl acetate,1046,0.926694518357444,0.15449597405161525,0.2173797780698677
HistGradientBoosting,2D-Elec,44,CS(C)=O,DMSO,1076,-0.14103591744201704,0.9081797825145984,1.1018051846312256
HistGradientBoosting,2D-Elec,44,OCCO,Ethylene glycol,1111,0.6593801426109626,0.45204887008166034,0.6136461989405959
XGBoost,Sigma-Solv,44,C1CCCCC1,Cyclohexane,1142,0.5617966835605944,0.745332822966828,0.9465414938724858
XGBoost,Sigma-Solv,44,CN1CCCC1=O,NMP,1049,0.6266599787012674,0.3673170765845223,0.478975181125176
XGBoost,Sigma-Solv,44,CCCOC(C)=O,n-Propyl acetate,1046,0.9134183475554742,0.18378916942708884,0.2362456662086516
XGBoost,Sigma-Solv,44,CS(C)=O,DMSO,1076,0.6085164753454269,0.48608332888542866,0.6453746445604781
XGBoost,Sigma-Solv,44,OCCO,Ethylene glycol,1111,0.7155042730935148,0.429378812995884,0.5608167043238855
RandomForest,Sigma-Solv,44,C1CCCCC1,Cyclohexane,1142,0.5157364259896475,0.7653340251987109,0.9950450153366538
RandomForest,Sigma-Solv,44,CN1CCCC1=O,NMP,1049,0.587283783555829,0.3964355130826715,0.5036009064305351
RandomForest,Sigma-Solv,44,CCCOC(C)=O,n-Propyl acetate,1046,0.9558294642194703,0.11566904712215664,0.1687396907563711
RandomForest,Sigma-Solv,44,CS(C)=O,DMSO,1076,0.4737193419770721,0.5675764247586285,0.7482795191702335
RandomForest,Sigma-Solv,44,OCCO,Ethylene glycol,1111,0.6831129230485877,0.4397177101521663,0.5918822707441409
ExtraTrees,Sigma-Solv,44,C1CCCCC1,Cyclohexane,1142,0.5122703443711838,0.7752063517844603,0.9985996476514202
ExtraTrees,Sigma-Solv,44,CN1CCCC1=O,NMP,1049,0.6863951513970201,0.35223388502824,0.4389874662737816
ExtraTrees,Sigma-Solv,44,CCCOC(C)=O,n-Propyl acetate,1046,0.964991490833467,0.09900645768082118,0.15022344722158332
ExtraTrees,Sigma-Solv,44,CS(C)=O,DMSO,1076,0.5557877397829152,0.5201961076731448,0.6874647340940808
ExtraTrees,Sigma-Solv,44,OCCO,Ethylene glycol,1111,0.6655877058602362,0.4441099914484011,0.6080288476487418
HistGradientBoosting,Sigma-Solv,44,C1CCCCC1,Cyclohexane,1142,0.5884883519030124,0.7138941967027214,0.9172609254968216
HistGradientBoosting,Sigma-Solv,44,CN1CCCC1=O,NMP,1049,0.7058834825518043,0.325308861363166,0.4251287187197038
HistGradientBoosting,Sigma-Solv,44,CCCOC(C)=O,n-Propyl acetate,1046,0.9135353406039018,0.17450996644909422,0.2360859993335029
HistGradientBoosting,Sigma-Solv,44,CS(C)=O,DMSO,1076,0.642160951827548,0.4709937111193443,0.6170196839593045
HistGradientBoosting,Sigma-Solv,44,OCCO,Ethylene glycol,1111,0.7557013699612098,0.3937431761382096,0.5196890699078661
XGBoost,CAT-Solv-47,44,C1CCCCC1,Cyclohexane,1142,0.6242658298407322,0.6851794922599272,0.8764803284227038
XGBoost,CAT-Solv-47,44,CN1CCCC1=O,NMP,1049,0.6862045664977667,0.340432859978227,0.4391208374175526
XGBoost,CAT-Solv-47,44,CCCOC(C)=O,n-Propyl acetate,1046,0.9129440863884484,0.1856517913223293,0.23689181426649836
XGBoost,CAT-Solv-47,44,CS(C)=O,DMSO,1076,0.6618084040185344,0.4659733273711925,0.5998415697532256
XGBoost,CAT-Solv-47,44,OCCO,Ethylene glycol,1111,0.7204711696725321,0.4106506966423918,0.5558996116938764
RandomForest,CAT-Solv-47,44,C1CCCCC1,Cyclohexane,1142,0.5158090150944206,0.7635066652082163,0.9949704359777316
RandomForest,CAT-Solv-47,44,CN1CCCC1=O,NMP,1049,0.2914768608852637,0.5198042163042224,0.6598386571395172
RandomForest,CAT-Solv-47,44,CCCOC(C)=O,n-Propyl acetate,1046,0.9348100313884788,0.1514990937874033,0.2049940714665275
RandomForest,CAT-Solv-47,44,CS(C)=O,DMSO,1076,0.37411466349263145,0.5943375647052093,0.8160232681031261
RandomForest,CAT-Solv-47,44,OCCO,Ethylene glycol,1111,0.6806990612372525,0.4471996523113631,0.5941323018021685
ExtraTrees,CAT-Solv-47,44,C1CCCCC1,Cyclohexane,1142,0.6027455381221065,0.6751476163693431,0.901231201264483
ExtraTrees,CAT-Solv-47,44,CN1CCCC1=O,NMP,1049,0.6268883466439339,0.37849889872647685,0.4788286668183709
ExtraTrees,CAT-Solv-47,44,CCCOC(C)=O,n-Propyl acetate,1046,0.9618513345007005,0.11197067628191144,0.15681607890601074
ExtraTrees,CAT-Solv-47,44,CS(C)=O,DMSO,1076,0.5646598557383489,0.5191246090686197,0.6805648462863398
ExtraTrees,CAT-Solv-47,44,OCCO,Ethylene glycol,1111,0.686815686676562,0.43886923084503526,0.5884140953465502
HistGradientBoosting,CAT-Solv-47,44,C1CCCCC1,Cyclohexane,1142,0.6513449978073076,0.6596314798857875,0.8443058088039027
HistGradientBoosting,CAT-Solv-47,44,CN1CCCC1=O,NMP,1049,0.7245694187854826,0.31741690716050625,0.41140239501426756
HistGradientBoosting,CAT-Solv-47,44,CCCOC(C)=O,n-Propyl acetate,1046,0.9334864698734625,0.14841043243123142,0.2070646269611824
HistGradientBoosting,CAT-Solv-47,44,CS(C)=O,DMSO,1076,0.6974863503167099,0.4411880274418646,0.5673194087097855
HistGradientBoosting,CAT-Solv-47,44,OCCO,Ethylene glycol,1111,0.7090647842062816,0.4244660733572428,0.5671281617975439
XGBoost,2D-Min,45,C1CCCCC1,Cyclohexane,1142,0.22169096154937862,1.0093678035144604,1.2614727224207702
XGBoost,2D-Min,45,CN1CCCC1=O,NMP,1049,-0.33974409764445457,0.768896095778688,0.9073433541265289
XGBoost,2D-Min,45,CCCOC(C)=O,n-Propyl acetate,1046,0.8936478803126928,0.19432133722325148,0.26183276401366784
XGBoost,2D-Min,45,CS(C)=O,DMSO,1076,0.4628226334317699,0.5968837578358731,0.7559864420750453
XGBoost,2D-Min,45,OCCO,Ethylene glycol,1111,0.5385044749358741,0.5347164278272515,0.7142772438457408
RandomForest,2D-Min,45,C1CCCCC1,Cyclohexane,1142,0.40117853816734994,0.8622731560553994,1.1064976745780108
RandomForest,2D-Min,45,CN1CCCC1=O,NMP,1049,-0.8523465206379164,0.9133727824555383,1.0668954262621633
RandomForest,2D-Min,45,CCCOC(C)=O,n-Propyl acetate,1046,0.9400469506471661,0.12599341984041068,0.19658779607341656
RandomForest,2D-Min,45,CS(C)=O,DMSO,1076,-0.09839852549503769,0.8303529323126267,1.0810234740284346
RandomForest,2D-Min,45,OCCO,Ethylene glycol,1111,0.721584121722576,0.4027910506833588,0.5547918428219303
ExtraTrees,2D-Min,45,C1CCCCC1,Cyclohexane,1142,0.24503708287154402,0.9909721155275039,1.2424091381685711
ExtraTrees,2D-Min,45,CN1CCCC1=O,NMP,1049,-0.04014502040337575,0.6724098642875562,0.7994801467328467
ExtraTrees,2D-Min,45,CCCOC(C)=O,n-Propyl acetate,1046,0.9465097435357139,0.11415198986614135,0.18568988845356463
ExtraTrees,2D-Min,45,CS(C)=O,DMSO,1076,0.14852070509496762,0.7228116913612357,0.9517923282297648
ExtraTrees,2D-Min,45,OCCO,Ethylene glycol,1111,0.6775158914630681,0.424432867302954,0.5970864644986533
HistGradientBoosting,2D-Min,45,C1CCCCC1,Cyclohexane,1142,0.189034665623108,1.0348017286162974,1.2876652395326602
HistGradientBoosting,2D-Min,45,CN1CCCC1=O,NMP,1049,-0.47710125967385175,0.817184629129154,0.9527212907184633
HistGradientBoosting,2D-Min,45,CCCOC(C)=O,n-Propyl acetate,1046,0.883672985650511,0.1995945182022396,0.27383641851769397
HistGradientBoosting,2D-Min,45,CS(C)=O,DMSO,1076,0.06224680420374551,0.800168872498679,0.9988480599469179
HistGradientBoosting,2D-Min,45,OCCO,Ethylene glycol,1111,0.5880352900267345,0.5221492378570182,0.6748590472082093
XGBoost,2D-Elec,45,C1CCCCC1,Cyclohexane,1142,0.4981069762433359,0.8088449844464227,1.0129952444152117
XGBoost,2D-Elec,45,CN1CCCC1=O,NMP,1049,0.3968801487019826,0.48067171219563287,0.6087830442025994
XGBoost,2D-Elec,45,CCCOC(C)=O,n-Propyl acetate,1046,0.9314007917486078,0.15340411930276865,0.21028605172292583
XGBoost,2D-Elec,45,CS(C)=O,DMSO,1076,0.3510155188839359,0.6919805418094461,0.830945059291076
XGBoost,2D-Elec,45,OCCO,Ethylene glycol,1111,0.6590959570130642,0.46004638224692546,0.6139021338915835
RandomForest,2D-Elec,45,C1CCCCC1,Cyclohexane,1142,0.5096405246363862,0.762852335607995,1.0012882339761167
RandomForest,2D-Elec,45,CN1CCCC1=O,NMP,1049,0.05475680130186855,0.5913694714383381,0.7621360713412944
RandomForest,2D-Elec,45,CCCOC(C)=O,n-Propyl acetate,1046,0.9556384915421363,0.11222626172926954,0.16910407296219399
RandomForest,2D-Elec,45,CS(C)=O,DMSO,1076,-0.15639637250994243,0.8943605014789224,1.1091965607908705
RandomForest,2D-Elec,45,OCCO,Ethylene glycol,1111,0.700536198460441,0.4259491149594536,0.5753806251693658
ExtraTrees,2D-Elec,45,C1CCCCC1,Cyclohexane,1142,0.45880023182682494,0.819953549219391,1.051914951243196
ExtraTrees,2D-Elec,45,CN1CCCC1=O,NMP,1049,0.3451384969243666,0.515097237332308,0.634359527067105
ExtraTrees,2D-Elec,45,CCCOC(C)=O,n-Propyl acetate,1046,0.9656651639061331,0.09621125390107321,0.14877104188719567
ExtraTrees,2D-Elec,45,CS(C)=O,DMSO,1076,-0.041111695509804314,0.8498014682094785,1.0524556807268435
ExtraTrees,2D-Elec,45,OCCO,Ethylene glycol,1111,0.6685248642541559,0.42505591514300906,0.6053527861811339
HistGradientBoosting,2D-Elec,45,C1CCCCC1,Cyclohexane,1142,0.49870238825675195,0.8144918667416777,1.0123941915018777
HistGradientBoosting,2D-Elec,45,CN1CCCC1=O,NMP,1049,0.39788910250463516,0.47038549353464504,0.6082736172057598
HistGradientBoosting,2D-Elec,45,CCCOC(C)=O,n-Propyl acetate,1046,0.9233438227777826,0.15779547382780038,0.22229233820230124
HistGradientBoosting,2D-Elec,45,CS(C)=O,DMSO,1076,-0.23579403939800114,0.9390199057481183,1.1466429417585022
HistGradientBoosting,2D-Elec,45,OCCO,Ethylene glycol,1111,0.6655123108986789,0.44848793196605446,0.6080973853921843
XGBoost,Sigma-Solv,45,C1CCCCC1,Cyclohexane,1142,0.5652877270571033,0.7424096673261892,0.9427635384209051
XGBoost,Sigma-Solv,45,CN1CCCC1=O,NMP,1049,0.6540559899169625,0.3579451811496091,0.46106658012579477
XGBoost,Sigma-Solv,45,CCCOC(C)=O,n-Propyl acetate,1046,0.9030691405692803,0.19378674582945687,0.2499665792209893
XGBoost,Sigma-Solv,45,CS(C)=O,DMSO,1076,0.6026825828914977,0.49808222841222743,0.6501655525941539
XGBoost,Sigma-Solv,45,OCCO,Ethylene glycol,1111,0.7225309372044819,0.4253002066717476,0.5538476925493767
RandomForest,Sigma-Solv,45,C1CCCCC1,Cyclohexane,1142,0.49960544916801364,0.7832046593900694,1.01148189338218
RandomForest,Sigma-Solv,45,CN1CCCC1=O,NMP,1049,0.5666314435827068,0.4088061402594709,0.5160472107851005
RandomForest,Sigma-Solv,45,CCCOC(C)=O,n-Propyl acetate,1046,0.9569987334636504,0.11160811853739057,0.1664912978882919
RandomForest,Sigma-Solv,45,CS(C)=O,DMSO,1076,0.4491354194412426,0.5820645691316946,0.7655570821775279
RandomForest,Sigma-Solv,45,OCCO,Ethylene glycol,1111,0.6918245284535389,0.4338454897584271,0.5836897967500384
ExtraTrees,Sigma-Solv,45,C1CCCCC1,Cyclohexane,1142,0.5088295189069376,0.7742049097529204,1.002115907397433
ExtraTrees,Sigma-Solv,45,CN1CCCC1=O,NMP,1049,0.6872838608301305,0.3550395240914793,0.4383650124268964
ExtraTrees,Sigma-Solv,45,CCCOC(C)=O,n-Propyl acetate,1046,0.9648619820752925,0.10079773207250745,0.15050105533479097
ExtraTrees,Sigma-Solv,45,CS(C)=O,DMSO,1076,0.5396374584273613,0.532342113446095,0.6998502845466589
ExtraTrees,Sigma-Solv,45,OCCO,Ethylene glycol,1111,0.6737853340055897,0.43629959843404315,0.6005301387169544
HistGradientBoosting,Sigma-Solv,45,C1CCCCC1,Cyclohexane,1142,0.5764042054262872,0.723176259178053,0.930631282412411
HistGradientBoosting,Sigma-Solv,45,CN1CCCC1=O,NMP,1049,0.7298129415196936,0.3223212041383084,0.40746753119542184
HistGradientBoosting,Sigma-Solv,45,CCCOC(C)=O,n-Propyl acetate,1046,0.9136686792705675,0.17344629139301912,0.23590389292039185
HistGradientBoosting,Sigma-Solv,45,CS(C)=O,DMSO,1076,0.63142884203847,0.477905253112531,0.6262039857249962
HistGradientBoosting,Sigma-Solv,45,OCCO,Ethylene glycol,1111,0.7443716145880375,0.4101174946368442,0.5316032232739806
XGBoost,CAT-Solv-47,45,C1CCCCC1,Cyclohexane,1142,0.6465496371018453,0.6651633999110648,0.8500922227124813
XGBoost,CAT-Solv-47,45,CN1CCCC1=O,NMP,1049,0.7576328119030973,0.2998647711496969,0.3859203220141668
XGBoost,CAT-Solv-47,45,CCCOC(C)=O,n-Propyl acetate,1046,0.9155138175203972,0.18441965237270636,0.2333693189004383
XGBoost,CAT-Solv-47,45,CS(C)=O,DMSO,1076,0.6429991842746379,0.4792377445122334,0.6162965807034892
XGBoost,CAT-Solv-47,45,OCCO,Ethylene glycol,1111,0.736862947375261,0.40299867970713255,0.5393542062453209
RandomForest,CAT-Solv-47,45,C1CCCCC1,Cyclohexane,1142,0.4936070965124334,0.7855865803898646,1.0175262746902378
RandomForest,CAT-Solv-47,45,CN1CCCC1=O,NMP,1049,0.25610153568616834,0.5362387459483088,0.6761103238701659
RandomForest,CAT-Solv-47,45,CCCOC(C)=O,n-Propyl acetate,1046,0.9314752671229365,0.15350529347525985,0.21017187121129677
RandomForest,CAT-Solv-47,45,CS(C)=O,DMSO,1076,0.34974645108211666,0.6048268895898506,0.831757105365663
RandomForest,CAT-Solv-47,45,OCCO,Ethylene glycol,1111,0.6873471492419176,0.4469556766178322,0.5879146245354823
ExtraTrees,CAT-Solv-47,45,C1CCCCC1,Cyclohexane,1142,0.59790356810028,0.679071979826904,0.9067069332729484
ExtraTrees,CAT-Solv-47,45,CN1CCCC1=O,NMP,1049,0.6148917337644966,0.38555266519327974,0.4864656244235274
ExtraTrees,CAT-Solv-47,45,CCCOC(C)=O,n-Propyl acetate,1046,0.9622116732002958,0.10810631010600416,0.15607370730320752
ExtraTrees,CAT-Solv-47,45,CS(C)=O,DMSO,1076,0.5146109071309546,0.545781213770924,0.7186214240342974
ExtraTrees,CAT-Solv-47,45,OCCO,Ethylene glycol,1111,0.678391680111041,0.43670799234621843,0.5962751422527545
HistGradientBoosting,CAT-Solv-47,45,C1CCCCC1,Cyclohexane,1142,0.6665926781449727,0.6437303492851594,0.8256374683373967
HistGradientBoosting,CAT-Solv-47,45,CN1CCCC1=O,NMP,1049,0.7679459778926923,0.28860367760852196,0.37762025964097146
HistGradientBoosting,CAT-Solv-47,45,CCCOC(C)=O,n-Propyl acetate,1046,0.9291894369800382,0.14945221411228518,0.21364854475294792
HistGradientBoosting,CAT-Solv-47,45,CS(C)=O,DMSO,1076,0.6655409985598991,0.4446382037544249,0.5965221828336701
HistGradientBoosting,CAT-Solv-47,45,OCCO,Ethylene glycol,1111,0.7180099274735634,0.41097652859716854,0.5583415870364581
XGBoost,2D-Min,46,C1CCCCC1,Cyclohexane,1142,0.24510847889715026,0.9928365663637647,1.24235039013614
XGBoost,2D-Min,46,CN1CCCC1=O,NMP,1049,-0.4373687831582802,0.8097635387137484,0.9398203414863375
XGBoost,2D-Min,46,CCCOC(C)=O,n-Propyl acetate,1046,0.8815020300003903,0.19936126676394947,0.2763798459898029
XGBoost,2D-Min,46,CS(C)=O,DMSO,1076,0.4745402350015847,0.5926351416365077,0.7476957079042134
XGBoost,2D-Min,46,OCCO,Ethylene glycol,1111,0.5585649674611097,0.5342977341350912,0.6985805102956664
RandomForest,2D-Min,46,C1CCCCC1,Cyclohexane,1142,0.37176745240005726,0.8763519177636278,1.1333447660304692
RandomForest,2D-Min,46,CN1CCCC1=O,NMP,1049,-0.8620658779761223,0.9161549566076047,1.0696907917540008
RandomForest,2D-Min,46,CCCOC(C)=O,n-Propyl acetate,1046,0.9404377125287754,0.12427949787146268,0.19594608893562693
RandomForest,2D-Min,46,CS(C)=O,DMSO,1076,-0.06212919066517708,0.8256170905974318,1.0630258520255422
RandomForest,2D-Min,46,OCCO,Ethylene glycol,1111,0.7222591879834457,0.40969957956686043,0.5541188414195897
ExtraTrees,2D-Min,46,C1CCCCC1,Cyclohexane,1142,0.2500144008133256,0.9973536863291733,1.238306889479107
ExtraTrees,2D-Min,46,CN1CCCC1=O,NMP,1049,-0.04193271226670525,0.6740256510208419,0.8001668829822661
ExtraTrees,2D-Min,46,CCCOC(C)=O,n-Propyl acetate,1046,0.9469875770389734,0.11365144999550715,0.18485863523440213
ExtraTrees,2D-Min,46,CS(C)=O,DMSO,1076,0.16520476408357343,0.7189846043871846,0.9424213906077482
ExtraTrees,2D-Min,46,OCCO,Ethylene glycol,1111,0.681285974589627,0.41953671013826976,0.5935860074977984
HistGradientBoosting,2D-Min,46,C1CCCCC1,Cyclohexane,1142,0.4393605054465638,0.8529789045573244,1.070640508686006
HistGradientBoosting,2D-Min,46,CN1CCCC1=O,NMP,1049,-0.10609610950449411,0.6800720524310644,0.824436419982778
HistGradientBoosting,2D-Min,46,CCCOC(C)=O,n-Propyl acetate,1046,0.8811253606335784,0.19786390568610615,0.27681876162750224
HistGradientBoosting,2D-Min,46,CS(C)=O,DMSO,1076,0.07498206442203836,0.797122095655375,0.9920423918157036
HistGradientBoosting,2D-Min,46,OCCO,Ethylene glycol,1111,0.4766942830344033,0.5895976253326296,0.7606078559432814
XGBoost,2D-Elec,46,C1CCCCC1,Cyclohexane,1142,0.5053671803685036,0.7893189257057347,1.0056417416672983
XGBoost,2D-Elec,46,CN1CCCC1=O,NMP,1049,0.3904878405568939,0.4815095712556841,0.6120007063025493
XGBoost,2D-Elec,46,CCCOC(C)=O,n-Propyl acetate,1046,0.9308686038154531,0.15080416134216618,0.2111001681620466
XGBoost,2D-Elec,46,CS(C)=O,DMSO,1076,0.41794588704535696,0.6367176980008149,0.7869313282489909
XGBoost,2D-Elec,46,OCCO,Ethylene glycol,1111,0.7179992416611634,0.4229519086656456,0.558352165914075
RandomForest,2D-Elec,46,C1CCCCC1,Cyclohexane,1142,0.5127243278323024,0.7554405166220678,0.9981347863667793
RandomForest,2D-Elec,46,CN1CCCC1=O,NMP,1049,0.014279773040695831,0.6102117025746103,0.7782830470769055
RandomForest,2D-Elec,46,CCCOC(C)=O,n-Propyl acetate,1046,0.9585230968623171,0.11000344583521919,0.16351367386226795
RandomForest,2D-Elec,46,CS(C)=O,DMSO,1076,-0.1802524258367637,0.9030662352078963,1.1205793237176873
RandomForest,2D-Elec,46,OCCO,Ethylene glycol,1111,0.7035447284512379,0.42409537352118454,0.5724830803980602
ExtraTrees,2D-Elec,46,C1CCCCC1,Cyclohexane,1142,0.43354570451333485,0.8401098900504722,1.0761783830278628
ExtraTrees,2D-Elec,46,CN1CCCC1=O,NMP,1049,0.3667654365088654,0.5118083691528367,0.6237966558821569
ExtraTrees,2D-Elec,46,CCCOC(C)=O,n-Propyl acetate,1046,0.9620350730807317,0.09858705566436121,0.15643797994900213
ExtraTrees,2D-Elec,46,CS(C)=O,DMSO,1076,-0.012086504647689678,0.8392928188170847,1.0376812535212498
ExtraTrees,2D-Elec,46,OCCO,Ethylene glycol,1111,0.6734907673729786,0.42826161881791497,0.6008012120983831
HistGradientBoosting,2D-Elec,46,C1CCCCC1,Cyclohexane,1142,0.40298868627863915,0.8919455395332625,1.104824019965257
HistGradientBoosting,2D-Elec,46,CN1CCCC1=O,NMP,1049,0.36705692567487014,0.47984323046544697,0.6236530669917394
HistGradientBoosting,2D-Elec,46,CCCOC(C)=O,n-Propyl acetate,1046,0.9178873165773546,0.16165959527059542,0.23006790496550167
HistGradientBoosting,2D-Elec,46,CS(C)=O,DMSO,1076,-0.14168273147247246,0.9008747567158147,1.102117428125898
HistGradientBoosting,2D-Elec,46,OCCO,Ethylene glycol,1111,0.636390526053026,0.4612728111637881,0.6340166487431875
XGBoost,Sigma-Solv,46,C1CCCCC1,Cyclohexane,1142,0.583474227049211,0.7344958724530873,0.9228322567585625
XGBoost,Sigma-Solv,46,CN1CCCC1=O,NMP,1049,0.663759181587877,0.35067012163806677,0.45455449147246096
XGBoost,Sigma-Solv,46,CCCOC(C)=O,n-Propyl acetate,1046,0.9269112035744324,0.16164622268578632,0.2170582615676911
XGBoost,Sigma-Solv,46,CS(C)=O,DMSO,1076,0.6049002378558377,0.49723360592172167,0.6483485413401316
XGBoost,Sigma-Solv,46,OCCO,Ethylene glycol,1111,0.7294546467524182,0.4132141152856074,0.5468939343613678
RandomForest,Sigma-Solv,46,C1CCCCC1,Cyclohexane,1142,0.5116391475911721,0.77676655579573,0.9992456090732623
RandomForest,Sigma-Solv,46,CN1CCCC1=O,NMP,1049,0.605436718615813,0.39386851271555445,0.49240116268091705
RandomForest,Sigma-Solv,46,CCCOC(C)=O,n-Propyl acetate,1046,0.954442823371607,0.11557145955266235,0.17136783728608365
RandomForest,Sigma-Solv,46,CS(C)=O,DMSO,1076,0.47685607806757646,0.5649285213117214,0.7460462400481475
RandomForest,Sigma-Solv,46,OCCO,Ethylene glycol,1111,0.6870460720102395,0.4354759462740338,0.5881976302943382
ExtraTrees,Sigma-Solv,46,C1CCCCC1,Cyclohexane,1142,0.5123446531291787,0.7629496385148913,0.9985235732059758
ExtraTrees,Sigma-Solv,46,CN1CCCC1=O,NMP,1049,0.6703817520065993,0.3605652380576695,0.45005579662909284
ExtraTrees,Sigma-Solv,46,CCCOC(C)=O,n-Propyl acetate,1046,0.9657035642000196,0.10157525534889474,0.14868782538470962
ExtraTrees,Sigma-Solv,46,CS(C)=O,DMSO,1076,0.5638762869281808,0.5185134191914285,0.6811770453353618
ExtraTrees,Sigma-Solv,46,OCCO,Ethylene glycol,1111,0.6823184048208328,0.43479557104204325,0.5926238075393293
HistGradientBoosting,Sigma-Solv,46,C1CCCCC1,Cyclohexane,1142,0.5524318519039597,0.7610726237674776,0.9566022826149164
HistGradientBoosting,Sigma-Solv,46,CN1CCCC1=O,NMP,1049,0.6707457632959181,0.3471399510478372,0.44980722021288644
HistGradientBoosting,Sigma-Solv,46,CCCOC(C)=O,n-Propyl acetate,1046,0.9126433972699073,0.17420585496825286,0.23730057104409877
HistGradientBoosting,Sigma-Solv,46,CS(C)=O,DMSO,1076,0.6449395843258385,0.4707771680110548,0.6146194258388985
HistGradientBoosting,Sigma-Solv,46,OCCO,Ethylene glycol,1111,0.7205107597458069,0.41509509431803127,0.5558602438661467
XGBoost,CAT-Solv-47,46,C1CCCCC1,Cyclohexane,1142,0.6556021717594405,0.6540834185695119,0.8391353735631579
XGBoost,CAT-Solv-47,46,CN1CCCC1=O,NMP,1049,0.714233138604516,0.32894699815382183,0.41905079493149877
XGBoost,CAT-Solv-47,46,CCCOC(C)=O,n-Propyl acetate,1046,0.9043185256227368,0.1958280223685381,0.24835038905096646
XGBoost,CAT-Solv-47,46,CS(C)=O,DMSO,1076,0.6713376609928716,0.457344550005638,0.5913302888909041
XGBoost,CAT-Solv-47,46,OCCO,Ethylene glycol,1111,0.721495515399684,0.4098548023322044,0.5548801175189949
RandomForest,CAT-Solv-47,46,C1CCCCC1,Cyclohexane,1142,0.5166663918866559,0.7598911209490459,0.9940891282281283
RandomForest,CAT-Solv-47,46,CN1CCCC1=O,NMP,1049,0.3356779809233451,0.5080553109373448,0.6389252625425631
RandomForest,CAT-Solv-47,46,CCCOC(C)=O,n-Propyl acetate,1046,0.9373244327367033,0.14506759143595388,0.20100184874629895
RandomForest,CAT-Solv-47,46,CS(C)=O,DMSO,1076,0.39234820603529175,0.5854368584086697,0.8040490556387198
RandomForest,CAT-Solv-47,46,OCCO,Ethylene glycol,1111,0.6792142275982116,0.44750051602490265,0.5955121355220354
ExtraTrees,CAT-Solv-47,46,C1CCCCC1,Cyclohexane,1142,0.6160184661209414,0.6762048119959513,0.8860474837101504
ExtraTrees,CAT-Solv-47,46,CN1CCCC1=O,NMP,1049,0.6294053262281104,0.37582204004656133,0.47721086501537746
ExtraTrees,CAT-Solv-47,46,CCCOC(C)=O,n-Propyl acetate,1046,0.9647395815207492,0.10599015563591938,0.15076295681942353
ExtraTrees,CAT-Solv-47,46,CS(C)=O,DMSO,1076,0.5530550826787113,0.5257938542477951,0.6895760277925237
ExtraTrees,CAT-Solv-47,46,OCCO,Ethylene glycol,1111,0.6818296028988773,0.43711267566425865,0.5930795536677437
HistGradientBoosting,CAT-Solv-47,46,C1CCCCC1,Cyclohexane,1142,0.6675797462407111,0.6519983461764818,0.8244143930974633
HistGradientBoosting,CAT-Solv-47,46,CN1CCCC1=O,NMP,1049,0.7201720885226237,0.31771303015492325,0.4146734709275273
HistGradientBoosting,CAT-Solv-47,46,CCCOC(C)=O,n-Propyl acetate,1046,0.9334175890536822,0.14774192961953322,0.20717181635959428
HistGradientBoosting,CAT-Solv-47,46,CS(C)=O,DMSO,1076,0.6616574176381356,0.4524785145048723,0.5999754551043126
HistGradientBoosting,CAT-Solv-47,46,OCCO,Ethylene glycol,1111,0.7319587497749935,0.40527971199658824,0.5443570909447231
XGBoost,2D-Min,47,C1CCCCC1,Cyclohexane,1142,0.25556990118093825,0.993303831605754,1.2337120002133057
XGBoost,2D-Min,47,CN1CCCC1=O,NMP,1049,-0.37515005094416987,0.7967511636382103,0.919254534835476
XGBoost,2D-Min,47,CCCOC(C)=O,n-Propyl acetate,1046,0.8895502124514276,0.1952665540716271,0.266829202180221
XGBoost,2D-Min,47,CS(C)=O,DMSO,1076,0.41225778951496983,0.6230671912268265,0.7907671052252762
XGBoost,2D-Min,47,OCCO,Ethylene glycol,1111,0.5622956389193494,0.5254644642328566,0.6956223126920711
RandomForest,2D-Min,47,C1CCCCC1,Cyclohexane,1142,0.38987045861367076,0.8648924538693404,1.116896303583254
RandomForest,2D-Min,47,CN1CCCC1=O,NMP,1049,-0.8997710520411892,0.9238508989698597,1.0804666571964099
RandomForest,2D-Min,47,CCCOC(C)=O,n-Propyl acetate,1046,0.9364623328891659,0.12682619138349438,0.20237951357268577
RandomForest,2D-Min,47,CS(C)=O,DMSO,1076,-0.11441759161134946,0.8357666594685862,1.0888777748723888
RandomForest,2D-Min,47,OCCO,Ethylene glycol,1111,0.7177578576447332,0.40526870682050053,0.5585910809797884
ExtraTrees,2D-Min,47,C1CCCCC1,Cyclohexane,1142,0.2369096703904774,0.9966898351189171,1.2490786981750737
ExtraTrees,2D-Min,47,CN1CCCC1=O,NMP,1049,-0.06202920112109478,0.6750344900376842,0.8078467188993912
ExtraTrees,2D-Min,47,CCCOC(C)=O,n-Propyl acetate,1046,0.9420546930230345,0.11923947232217345,0.1932680430693062
ExtraTrees,2D-Min,47,CS(C)=O,DMSO,1076,0.14548791522511273,0.7281047050433764,0.9534858634472141
ExtraTrees,2D-Min,47,OCCO,Ethylene glycol,1111,0.6924093977249388,0.4187837215166043,0.5831356573323994
HistGradientBoosting,2D-Min,47,C1CCCCC1,Cyclohexane,1142,0.27436011441387087,0.9709071814797614,1.2180423824652549
HistGradientBoosting,2D-Min,47,CN1CCCC1=O,NMP,1049,-0.2061309354433003,0.7206837139657819,0.8609104206975322
HistGradientBoosting,2D-Min,47,CCCOC(C)=O,n-Propyl acetate,1046,0.8952897412199745,0.19259393723088672,0.2598038195902918
HistGradientBoosting,2D-Min,47,CS(C)=O,DMSO,1076,0.10629897348775141,0.7788732566228302,0.9751047732673352
HistGradientBoosting,2D-Min,47,OCCO,Ethylene glycol,1111,0.6421785495659637,0.4687452675580913,0.6289501904364478
XGBoost,2D-Elec,47,C1CCCCC1,Cyclohexane,1142,0.48560185258583477,0.8144075986487977,1.0255374513849425
XGBoost,2D-Elec,47,CN1CCCC1=O,NMP,1049,0.403099720984637,0.47946525476190843,0.6056359231324623
XGBoost,2D-Elec,47,CCCOC(C)=O,n-Propyl acetate,1046,0.9319301490823231,0.14954103969820154,0.20947312656574177
XGBoost,2D-Elec,47,CS(C)=O,DMSO,1076,0.37674905179960305,0.6668319255849001,0.8143041121489941
XGBoost,2D-Elec,47,OCCO,Ethylene glycol,1111,0.7043309126262116,0.4295397043445401,0.571723478574167
RandomForest,2D-Elec,47,C1CCCCC1,Cyclohexane,1142,0.5145542728752084,0.7472343831135165,0.9962587950091041
RandomForest,2D-Elec,47,CN1CCCC1=O,NMP,1049,0.023295843776932612,0.5952172783605498,0.774715516294585
RandomForest,2D-Elec,47,CCCOC(C)=O,n-Propyl acetate,1046,0.9576261474552172,0.10972627083626718,0.1652722314149698
RandomForest,2D-Elec,47,CS(C)=O,DMSO,1076,-0.1810037807651954,0.9057152451459679,1.1209359503273348
RandomForest,2D-Elec,47,OCCO,Ethylene glycol,1111,0.7085447660400597,0.42071487878287916,0.5676347785021778
ExtraTrees,2D-Elec,47,C1CCCCC1,Cyclohexane,1142,0.4851889569663047,0.8003193490744513,1.0259489565450708
ExtraTrees,2D-Elec,47,CN1CCCC1=O,NMP,1049,0.3513044809645842,0.5144994299394213,0.6313659921188945
ExtraTrees,2D-Elec,47,CCCOC(C)=O,n-Propyl acetate,1046,0.9619826283073016,0.09903154596626515,0.15654599441998981
ExtraTrees,2D-Elec,47,CS(C)=O,DMSO,1076,-0.07528023159721076,0.8704826002392382,1.0695866774374316
ExtraTrees,2D-Elec,47,OCCO,Ethylene glycol,1111,0.6478491242875548,0.43645884995946793,0.6239466444047325
HistGradientBoosting,2D-Elec,47,C1CCCCC1,Cyclohexane,1142,0.5219577211941928,0.7906958050699254,0.9886327225523797
HistGradientBoosting,2D-Elec,47,CN1CCCC1=O,NMP,1049,0.4097019136425797,0.4531124000327756,0.6022772018532808
HistGradientBoosting,2D-Elec,47,CCCOC(C)=O,n-Propyl acetate,1046,0.920931648584391,0.15851736704073152,0.22576273471736438
HistGradientBoosting,2D-Elec,47,CS(C)=O,DMSO,1076,-0.19381641224985535,0.9180777312808901,1.127000027296934
HistGradientBoosting,2D-Elec,47,OCCO,Ethylene glycol,1111,0.7103986564902767,0.4218110668897359,0.5658265909369411
XGBoost,Sigma-Solv,47,C1CCCCC1,Cyclohexane,1142,0.5473039639433599,0.7587717875789853,0.962066678200892
XGBoost,Sigma-Solv,47,CN1CCCC1=O,NMP,1049,0.6371917062561714,0.35946985337253196,0.472171032283843
XGBoost,Sigma-Solv,47,CCCOC(C)=O,n-Propyl acetate,1046,0.9208485198202557,0.17741691115551328,0.22588138172716546
XGBoost,Sigma-Solv,47,CS(C)=O,DMSO,1076,0.6079807945599176,0.4997136981685009,0.6458160381213447
XGBoost,Sigma-Solv,47,OCCO,Ethylene glycol,1111,0.7159512387945652,0.4221713191476563,0.5603759870491413
RandomForest,Sigma-Solv,47,C1CCCCC1,Cyclohexane,1142,0.5113601076131825,0.7750392153425675,0.9995310431465659
RandomForest,Sigma-Solv,47,CN1CCCC1=O,NMP,1049,0.5754365933245214,0.40170698300590857,0.5107778033614297
RandomForest,Sigma-Solv,47,CCCOC(C)=O,n-Propyl acetate,1046,0.9580474015058869,0.11281782834948106,0.1644486634396045
RandomForest,Sigma-Solv,47,CS(C)=O,DMSO,1076,0.4897983275069441,0.559975619615946,0.7367600911698895
RandomForest,Sigma-Solv,47,OCCO,Ethylene glycol,1111,0.6892311136552685,0.4328039153532312,0.5861406381211215
ExtraTrees,Sigma-Solv,47,C1CCCCC1,Cyclohexane,1142,0.5076404284469835,0.7715865918488678,1.0033282014818024
ExtraTrees,Sigma-Solv,47,CN1CCCC1=O,NMP,1049,0.6585531682595551,0.3664768940074228,0.45805990640401
ExtraTrees,Sigma-Solv,47,CCCOC(C)=O,n-Propyl acetate,1046,0.965751758972598,0.09910864369912703,0.14858331751072296
ExtraTrees,Sigma-Solv,47,CS(C)=O,DMSO,1076,0.5488801846634613,0.5234574463673376,0.6927891953948971
ExtraTrees,Sigma-Solv,47,OCCO,Ethylene glycol,1111,0.667577028241217,0.44741681753884827,0.6062176558571959
HistGradientBoosting,Sigma-Solv,47,C1CCCCC1,Cyclohexane,1142,0.5956574177118976,0.7104767480110197,0.9092358836973455
HistGradientBoosting,Sigma-Solv,47,CN1CCCC1=O,NMP,1049,0.684805645777326,0.34867892009697515,0.4400985637519997
HistGradientBoosting,Sigma-Solv,47,CCCOC(C)=O,n-Propyl acetate,1046,0.9235126277881067,0.16119447806017842,0.22204744768877624
HistGradientBoosting,Sigma-Solv,47,CS(C)=O,DMSO,1076,0.6535219011560456,0.46577269408256056,0.607145873764534
HistGradientBoosting,Sigma-Solv,47,OCCO,Ethylene glycol,1111,0.7308416253812817,0.42210316257961034,0.545490279002141
XGBoost,CAT-Solv-47,47,C1CCCCC1,Cyclohexane,1142,0.629419594042055,0.684120644976931,0.8704484441496922
XGBoost,CAT-Solv-47,47,CN1CCCC1=O,NMP,1049,0.752981996023154,0.2974145689017949,0.3896054652775821
XGBoost,CAT-Solv-47,47,CCCOC(C)=O,n-Propyl acetate,1046,0.9157390950689319,0.18020685287560056,0.23305797828262798
XGBoost,CAT-Solv-47,47,CS(C)=O,DMSO,1076,0.6402683030727844,0.4754553457221513,0.6186492733738933
XGBoost,CAT-Solv-47,47,OCCO,Ethylene glycol,1111,0.7381235351904492,0.4057226664355936,0.5380607365905
RandomForest,CAT-Solv-47,47,C1CCCCC1,Cyclohexane,1142,0.5064666686132936,0.7684547229453498,1.0045234309160609
RandomForest,CAT-Solv-47,47,CN1CCCC1=O,NMP,1049,0.31203539788166024,0.5126829412207173,0.6501952357011245
RandomForest,CAT-Solv-47,47,CCCOC(C)=O,n-Propyl acetate,1046,0.9408854186947276,0.14281548794065588,0.19520827521696446
RandomForest,CAT-Solv-47,47,CS(C)=O,DMSO,1076,0.34979769408205874,0.6049827974775344,0.8317243315583508
RandomForest,CAT-Solv-47,47,OCCO,Ethylene glycol,1111,0.6877448302317664,0.43996535516110646,0.5875406044949505
ExtraTrees,CAT-Solv-47,47,C1CCCCC1,Cyclohexane,1142,0.6088350176988666,0.675462714748245,0.8942970775989374
ExtraTrees,CAT-Solv-47,47,CN1CCCC1=O,NMP,1049,0.6417803823991,0.36272761545811943,0.4691756013789497
ExtraTrees,CAT-Solv-47,47,CCCOC(C)=O,n-Propyl acetate,1046,0.9671759268646949,0.1002383744691125,0.14546119499041782
ExtraTrees,CAT-Solv-47,47,CS(C)=O,DMSO,1076,0.5315819166415938,0.5372051898443947,0.7059468104193506
ExtraTrees,CAT-Solv-47,47,OCCO,Ethylene glycol,1111,0.6745698508947894,0.446721578479969,0.5998075935948745
HistGradientBoosting,CAT-Solv-47,47,C1CCCCC1,Cyclohexane,1142,0.6603548768182308,0.656117475433188,0.8333252063987979
HistGradientBoosting,CAT-Solv-47,47,CN1CCCC1=O,NMP,1049,0.7272421046578339,0.3258014966677447,0.40940147376673686
HistGradientBoosting,CAT-Solv-47,47,CCCOC(C)=O,n-Propyl acetate,1046,0.9290246394730538,0.15141730782451968,0.213897012527448
HistGradientBoosting,CAT-Solv-47,47,CS(C)=O,DMSO,1076,0.6376662579491186,0.48267948045892706,0.6208826779703508
HistGradientBoosting,CAT-Solv-47,47,OCCO,Ethylene glycol,1111,0.7337068145540326,0.40391060349372815,0.5425791407503372
XGBoost,2D-Min,48,C1CCCCC1,Cyclohexane,1142,0.28319153014991516,0.9794060519121465,1.210607586454887
XGBoost,2D-Min,48,CN1CCCC1=O,NMP,1049,-0.29393691879997674,0.7498381477095456,0.8916969651974613
XGBoost,2D-Min,48,CCCOC(C)=O,n-Propyl acetate,1046,0.899757181600795,0.18232025054370446,0.25420117260692665
XGBoost,2D-Min,48,CS(C)=O,DMSO,1076,0.4828759358754252,0.5899815196765563,0.7417414141626208
XGBoost,2D-Min,48,OCCO,Ethylene glycol,1111,0.5388877517420689,0.5308695349189255,0.7139805749173804
RandomForest,2D-Min,48,C1CCCCC1,Cyclohexane,1142,0.3766433437952792,0.8743801343956248,1.1289380935582656
RandomForest,2D-Min,48,CN1CCCC1=O,NMP,1049,-0.8720751335061978,0.9232366987068034,1.0725619197120349
RandomForest,2D-Min,48,CCCOC(C)=O,n-Propyl acetate,1046,0.9400912589751409,0.1258069142593408,0.19651513849716576
RandomForest,2D-Min,48,CS(C)=O,DMSO,1076,-0.11765927516272945,0.8389465676285195,1.0904603207712293
RandomForest,2D-Min,48,OCCO,Ethylene glycol,1111,0.7099330018716874,0.4132108067134817,0.5662813090227308
ExtraTrees,2D-Min,48,C1CCCCC1,Cyclohexane,1142,0.23536050537380315,1.0011937110874618,1.2503459452214094
ExtraTrees,2D-Min,48,CN1CCCC1=O,NMP,1049,-0.047332425223118424,0.6752113905091336,0.8022375963930392
ExtraTrees,2D-Min,48,CCCOC(C)=O,n-Propyl acetate,1046,0.9459663245829137,0.11472110346961022,0.18663073656335377
ExtraTrees,2D-Min,48,CS(C)=O,DMSO,1076,0.15696222500669876,0.7201733208909382,0.9470625674187316
ExtraTrees,2D-Min,48,OCCO,Ethylene glycol,1111,0.6930703101012992,0.41834450576634774,0.582508835806294
HistGradientBoosting,2D-Min,48,C1CCCCC1,Cyclohexane,1142,0.2502198667955866,0.9914173314360236,1.2381372546421505
HistGradientBoosting,2D-Min,48,CN1CCCC1=O,NMP,1049,-0.17927236114502287,0.6981154296259575,0.8512709171063952
HistGradientBoosting,2D-Min,48,CCCOC(C)=O,n-Propyl acetate,1046,0.8755440651358636,0.20483829000435383,0.2832426969530764
HistGradientBoosting,2D-Min,48,CS(C)=O,DMSO,1076,0.10834181966297807,0.7893789083066176,0.9739896751327279
HistGradientBoosting,2D-Min,48,OCCO,Ethylene glycol,1111,0.49957223764267966,0.5762240740783845,0.7437958735422057
XGBoost,2D-Elec,48,C1CCCCC1,Cyclohexane,1142,0.46347224690602506,0.8214374102679544,1.0473646767241616
XGBoost,2D-Elec,48,CN1CCCC1=O,NMP,1049,0.42485539435610153,0.4707955881754843,0.5944964447840536
XGBoost,2D-Elec,48,CCCOC(C)=O,n-Propyl acetate,1046,0.9316063805595801,0.155076784072897,0.20997070625091135
XGBoost,2D-Elec,48,CS(C)=O,DMSO,1076,0.33395081633533885,0.7031405400612686,0.8417988035768588
XGBoost,2D-Elec,48,OCCO,Ethylene glycol,1111,0.7225798098289349,0.42860786711861176,0.5537989138098041
RandomForest,2D-Elec,48,C1CCCCC1,Cyclohexane,1142,0.5176483490812872,0.7565913470957961,0.9930788019690525
RandomForest,2D-Elec,48,CN1CCCC1=O,NMP,1049,0.05053213616916474,0.5959022568873602,0.7638373161124908
RandomForest,2D-Elec,48,CCCOC(C)=O,n-Propyl acetate,1046,0.9574515779111732,0.10922271265403574,0.16561232137830742
RandomForest,2D-Elec,48,CS(C)=O,DMSO,1076,-0.20225176365611142,0.9078784613797628,1.130974636400856
RandomForest,2D-Elec,48,OCCO,Ethylene glycol,1111,0.7127458080131905,0.41379105717904624,0.5635289796151662
ExtraTrees,2D-Elec,48,C1CCCCC1,Cyclohexane,1142,0.4311348805191022,0.8409153236639617,1.0784660539224293
ExtraTrees,2D-Elec,48,CN1CCCC1=O,NMP,1049,0.39482059792263857,0.4998286515683902,0.6098216031386706
ExtraTrees,2D-Elec,48,CCCOC(C)=O,n-Propyl acetate,1046,0.9648706439236688,0.09707151398480567,0.1504825042361927
ExtraTrees,2D-Elec,48,CS(C)=O,DMSO,1076,-0.025807283162117,0.8425734095549787,1.0446914565834033
ExtraTrees,2D-Elec,48,OCCO,Ethylene glycol,1111,0.6562232656617504,0.43211750532821136,0.6164832879361566
HistGradientBoosting,2D-Elec,48,C1CCCCC1,Cyclohexane,1142,0.49311032763753604,0.8155227782620921,1.0180252464103652
HistGradientBoosting,2D-Elec,48,CN1CCCC1=O,NMP,1049,0.22734162731766627,0.52993240171409,0.6890559606224517
HistGradientBoosting,2D-Elec,48,CCCOC(C)=O,n-Propyl acetate,1046,0.9233158580527792,0.1576834269904162,0.22233288142722496
HistGradientBoosting,2D-Elec,48,CS(C)=O,DMSO,1076,-0.04178426173352179,0.8686913712909101,1.052795573105469
HistGradientBoosting,2D-Elec,48,OCCO,Ethylene glycol,1111,0.6573672304425894,0.44378391604404527,0.6154567163723678
XGBoost,Sigma-Solv,48,C1CCCCC1,Cyclohexane,1142,0.6179663455106202,0.6807682974383222,0.8837972348407209
XGBoost,Sigma-Solv,48,CN1CCCC1=O,NMP,1049,0.6447300317948447,0.3606824497611921,0.4672399673674186
XGBoost,Sigma-Solv,48,CCCOC(C)=O,n-Propyl acetate,1046,0.925195707954815,0.17062659360660576,0.2195908166289584
XGBoost,Sigma-Solv,48,CS(C)=O,DMSO,1076,0.6182601193897839,0.48744911878133806,0.6372926660528051
XGBoost,Sigma-Solv,48,OCCO,Ethylene glycol,1111,0.7462091177472716,0.39654975157058425,0.5296891472361155
RandomForest,Sigma-Solv,48,C1CCCCC1,Cyclohexane,1142,0.5281546086165481,0.7567444870449971,0.9822039713152526
RandomForest,Sigma-Solv,48,CN1CCCC1=O,NMP,1049,0.567308979166018,0.4077846567707041,0.5156436546109088
RandomForest,Sigma-Solv,48,CCCOC(C)=O,n-Propyl acetate,1046,0.955744271995533,0.11575784260076281,0.16890233746744182
RandomForest,Sigma-Solv,48,CS(C)=O,DMSO,1076,0.4835592960453282,0.565939891654524,0.7412511603344506
RandomForest,Sigma-Solv,48,OCCO,Ethylene glycol,1111,0.6857874033274423,0.44046851596975356,0.5893792787171412
ExtraTrees,Sigma-Solv,48,C1CCCCC1,Cyclohexane,1142,0.4833131920411895,0.7963771818794644,1.0278163303213104
ExtraTrees,Sigma-Solv,48,CN1CCCC1=O,NMP,1049,0.6878582149625952,0.35070328388056693,0.4379622630347016
ExtraTrees,Sigma-Solv,48,CCCOC(C)=O,n-Propyl acetate,1046,0.9638760112403648,0.10154365212080162,0.15259797288823454
ExtraTrees,Sigma-Solv,48,CS(C)=O,DMSO,1076,0.5412640159782577,0.5261792968577803,0.6986128315104619
ExtraTrees,Sigma-Solv,48,OCCO,Ethylene glycol,1111,0.6679911120236306,0.4445521041942309,0.6058399696825592
HistGradientBoosting,Sigma-Solv,48,C1CCCCC1,Cyclohexane,1142,0.5662820412908354,0.7480905926829455,0.9416847330748519
HistGradientBoosting,Sigma-Solv,48,CN1CCCC1=O,NMP,1049,0.7264035092860732,0.31669445350773145,0.41003034410456596
HistGradientBoosting,Sigma-Solv,48,CCCOC(C)=O,n-Propyl acetate,1046,0.8977605031353463,0.18958663814076393,0.2567203327785156
HistGradientBoosting,Sigma-Solv,48,CS(C)=O,DMSO,1076,0.6700616563756453,0.46052661527169153,0.5924770726071608
HistGradientBoosting,Sigma-Solv,48,OCCO,Ethylene glycol,1111,0.7342901220099649,0.4116520231745798,0.5419845630791812
XGBoost,CAT-Solv-47,48,C1CCCCC1,Cyclohexane,1142,0.6927400713899137,0.60963154631312,0.7926013170304319
XGBoost,CAT-Solv-47,48,CN1CCCC1=O,NMP,1049,0.7463522364581763,0.30666669881344133,0.39479919191743434
XGBoost,CAT-Solv-47,48,CCCOC(C)=O,n-Propyl acetate,1046,0.9124273184991627,0.1834061354509877,0.237593874271088
XGBoost,CAT-Solv-47,48,CS(C)=O,DMSO,1076,0.6779440913699988,0.45597021309075453,0.5853569642086597
XGBoost,CAT-Solv-47,48,OCCO,Ethylene glycol,1111,0.7355168068066322,0.4038010770711071,0.5407320440906204
RandomForest,CAT-Solv-47,48,C1CCCCC1,Cyclohexane,1142,0.5299541867761722,0.7524997654898488,0.9803291608445959
RandomForest,CAT-Solv-47,48,CN1CCCC1=O,NMP,1049,0.3101725191303035,0.5174850894246729,0.6510749437880556
RandomForest,CAT-Solv-47,48,CCCOC(C)=O,n-Propyl acetate,1046,0.9389449864393021,0.14359626240109438,0.19838625595251783
RandomForest,CAT-Solv-47,48,CS(C)=O,DMSO,1076,0.351784434665361,0.5998911598530244,0.8304526622074534
RandomForest,CAT-Solv-47,48,OCCO,Ethylene glycol,1111,0.6888300544329391,0.44240100068965005,0.5865187347126889
ExtraTrees,CAT-Solv-47,48,C1CCCCC1,Cyclohexane,1142,0.6191069920392493,0.6641149078708246,0.8824768618337179
ExtraTrees,CAT-Solv-47,48,CN1CCCC1=O,NMP,1049,0.6547155019060498,0.361753972050707,0.4606268789143642
ExtraTrees,CAT-Solv-47,48,CCCOC(C)=O,n-Propyl acetate,1046,0.9631988310791297,0.1085909588450979,0.1540216324086957
ExtraTrees,CAT-Solv-47,48,CS(C)=O,DMSO,1076,0.5669702700050312,0.5181990186294746,0.6787565148845793
ExtraTrees,CAT-Solv-47,48,OCCO,Ethylene glycol,1111,0.6785727612850492,0.4432022286267243,0.5961072526194972
HistGradientBoosting,CAT-Solv-47,48,C1CCCCC1,Cyclohexane,1142,0.6855305711964901,0.6326282776010673,0.8018461400083172
HistGradientBoosting,CAT-Solv-47,48,CN1CCCC1=O,NMP,1049,0.7202026166355596,0.32350959265666523,0.4146508506968094
HistGradientBoosting,CAT-Solv-47,48,CCCOC(C)=O,n-Propyl acetate,1046,0.9227113442171403,0.1647534120193847,0.2232075046385871
HistGradientBoosting,CAT-Solv-47,48,CS(C)=O,DMSO,1076,0.6954815958146974,0.434571686303921,0.5691961142390781
HistGradientBoosting,CAT-Solv-47,48,OCCO,Ethylene glycol,1111,0.7495306439578353,0.39511130385094134,0.5262115382760494
XGBoost,2D-Min,49,C1CCCCC1,Cyclohexane,1142,0.25622600295102294,0.98543348053919,1.2331682157420039
XGBoost,2D-Min,49,CN1CCCC1=O,NMP,1049,-0.3035206356548279,0.7630514124635033,0.894993109542788
XGBoost,2D-Min,49,CCCOC(C)=O,n-Propyl acetate,1046,0.8970812292322894,0.18344780995734233,0.2575717392183399
XGBoost,2D-Min,49,CS(C)=O,DMSO,1076,0.4847283435567409,0.5836142918395593,0.7404117137414994
XGBoost,2D-Min,49,OCCO,Ethylene glycol,1111,0.5111144132413723,0.5399451552124996,0.7351681503786027
RandomForest,2D-Min,49,C1CCCCC1,Cyclohexane,1142,0.38992615647206963,0.8568632021759333,1.11684532248191
RandomForest,2D-Min,49,CN1CCCC1=O,NMP,1049,-0.8196222696423827,0.9067237842916787,1.0574293439914964
RandomForest,2D-Min,49,CCCOC(C)=O,n-Propyl acetate,1046,0.9395711683247673,0.12771089575851283,0.1973663066277804
RandomForest,2D-Min,49,CS(C)=O,DMSO,1076,-0.08590076963167581,0.8300472560676491,1.0748558499213874
RandomForest,2D-Min,49,OCCO,Ethylene glycol,1111,0.7108866759534345,0.4148180475560008,0.5653496407692472
ExtraTrees,2D-Min,49,C1CCCCC1,Cyclohexane,1142,0.23465815705610216,1.001439978736048,1.2509200568193972
ExtraTrees,2D-Min,49,CN1CCCC1=O,NMP,1049,-0.057769374073624924,0.6821809524248469,0.8062249438054611
ExtraTrees,2D-Min,49,CCCOC(C)=O,n-Propyl acetate,1046,0.9396789241594217,0.12103169712179479,0.19719025771292809
ExtraTrees,2D-Min,49,CS(C)=O,DMSO,1076,0.1558533928502528,0.7249895502714934,0.9476851897861035
ExtraTrees,2D-Min,49,OCCO,Ethylene glycol,1111,0.6783950375680425,0.4230699485129586,0.596272029812478
HistGradientBoosting,2D-Min,49,C1CCCCC1,Cyclohexane,1142,0.31635558502155725,0.9320239775970147,1.1822707963890569
HistGradientBoosting,2D-Min,49,CN1CCCC1=O,NMP,1049,-0.4682182066002807,0.8196088460103111,0.9498522131806737
HistGradientBoosting,2D-Min,49,CCCOC(C)=O,n-Propyl acetate,1046,0.8889646032317399,0.20047483741173833,0.26753563661769725
HistGradientBoosting,2D-Min,49,CS(C)=O,DMSO,1076,0.10705308967007676,0.7816704498950392,0.9746932835994163
HistGradientBoosting,2D-Min,49,OCCO,Ethylene glycol,1111,0.6565781733335585,0.4709671176050202,0.6161649837499585
XGBoost,2D-Elec,49,C1CCCCC1,Cyclohexane,1142,0.48371634349624115,0.8041949989896122,1.027415268689024
XGBoost,2D-Elec,49,CN1CCCC1=O,NMP,1049,0.37999499030151696,0.4853553960593969,0.6172460731693362
XGBoost,2D-Elec,49,CCCOC(C)=O,n-Propyl acetate,1046,0.9248937717365651,0.15687969760631115,0.22003354289964194
XGBoost,2D-Elec,49,CS(C)=O,DMSO,1076,0.21144206624706186,0.7616247748757645,0.9159504002645321
XGBoost,2D-Elec,49,OCCO,Ethylene glycol,1111,0.7372547611208509,0.40497963968829576,0.53895250470795
RandomForest,2D-Elec,49,C1CCCCC1,Cyclohexane,1142,0.519478599727117,0.7485051698665797,0.9911929262100553
RandomForest,2D-Elec,49,CN1CCCC1=O,NMP,1049,0.03237775185932623,0.5902498538796788,0.7711052483268782
RandomForest,2D-Elec,49,CCCOC(C)=O,n-Propyl acetate,1046,0.9604108891302573,0.1080670438221282,0.15974923580098907
RandomForest,2D-Elec,49,CS(C)=O,DMSO,1076,-0.19808816903192694,0.907708817140813,1.1290145627816512
RandomForest,2D-Elec,49,OCCO,Ethylene glycol,1111,0.7078528285413521,0.41603803446891496,0.5683081837185382
ExtraTrees,2D-Elec,49,C1CCCCC1,Cyclohexane,1142,0.47108667545063587,0.808087181593171,1.0399059928759515
ExtraTrees,2D-Elec,49,CN1CCCC1=O,NMP,1049,0.35258939894187225,0.5124364489068931,0.6307403861025576
ExtraTrees,2D-Elec,49,CCCOC(C)=O,n-Propyl acetate,1046,0.9629665974762196,0.09772105900216747,0.15450684452280594
ExtraTrees,2D-Elec,49,CS(C)=O,DMSO,1076,-0.03012429703775399,0.8529865933714023,1.0468873917375732
ExtraTrees,2D-Elec,49,OCCO,Ethylene glycol,1111,0.6689482964607188,0.4230002191638719,0.6049660184428084
HistGradientBoosting,2D-Elec,49,C1CCCCC1,Cyclohexane,1142,0.447405979753011,0.8536294328521015,1.0629306187081555
HistGradientBoosting,2D-Elec,49,CN1CCCC1=O,NMP,1049,0.3628266741744408,0.47947419182085355,0.6257336774014044
HistGradientBoosting,2D-Elec,49,CCCOC(C)=O,n-Propyl acetate,1046,0.9281881484776385,0.1544188779785945,0.21515377844309955
HistGradientBoosting,2D-Elec,49,CS(C)=O,DMSO,1076,-0.07460499652479124,0.8799951979311531,1.0692507948302568
HistGradientBoosting,2D-Elec,49,OCCO,Ethylene glycol,1111,0.6905198538187205,0.4353535890562703,0.5849240302572931
XGBoost,Sigma-Solv,49,C1CCCCC1,Cyclohexane,1142,0.5745981807697722,0.7350571105963609,0.9326130718763167
XGBoost,Sigma-Solv,49,CN1CCCC1=O,NMP,1049,0.6447860681352873,0.3602687800536955,0.4672031172917923
XGBoost,Sigma-Solv,49,CCCOC(C)=O,n-Propyl acetate,1046,0.9162015943890722,0.1799691140122915,0.23241748270055013
XGBoost,Sigma-Solv,49,CS(C)=O,DMSO,1076,0.5942344285060733,0.5072911552177514,0.6570414247384156
XGBoost,Sigma-Solv,49,OCCO,Ethylene glycol,1111,0.7225339288111619,0.4201863121104035,0.553844706813046
RandomForest,Sigma-Solv,49,C1CCCCC1,Cyclohexane,1142,0.500910386986031,0.7769928296065993,1.0101621521650197
RandomForest,Sigma-Solv,49,CN1CCCC1=O,NMP,1049,0.5739809861094072,0.40805343718365983,0.5116526499362037
RandomForest,Sigma-Solv,49,CCCOC(C)=O,n-Propyl acetate,1046,0.9564577899844527,0.11297031173987225,0.16753523120873592
RandomForest,Sigma-Solv,49,CS(C)=O,DMSO,1076,0.4879762916180933,0.5628928508416888,0.7380744801998228
RandomForest,Sigma-Solv,49,OCCO,Ethylene glycol,1111,0.697210577078199,0.43569631765214395,0.5785666779157479
ExtraTrees,Sigma-Solv,49,C1CCCCC1,Cyclohexane,1142,0.49891164583669834,0.7758082153847611,1.0121828666656207
ExtraTrees,Sigma-Solv,49,CN1CCCC1=O,NMP,1049,0.674500923171842,0.3557396393275019,0.44723482848967844
ExtraTrees,Sigma-Solv,49,CCCOC(C)=O,n-Propyl acetate,1046,0.9659977323973791,0.0991207571044534,0.14804878778171468
ExtraTrees,Sigma-Solv,49,CS(C)=O,DMSO,1076,0.5314948504984907,0.5405564156715684,0.7060124154977461
ExtraTrees,Sigma-Solv,49,OCCO,Ethylene glycol,1111,0.6772021178515166,0.4380202673398395,0.5973768732679368
HistGradientBoosting,Sigma-Solv,49,C1CCCCC1,Cyclohexane,1142,0.566873812850708,0.7444957646209952,0.9410420891096645
HistGradientBoosting,Sigma-Solv,49,CN1CCCC1=O,NMP,1049,0.6899368409810449,0.3390456465085326,0.43650158003516976
HistGradientBoosting,Sigma-Solv,49,CCCOC(C)=O,n-Propyl acetate,1046,0.914562598338928,0.16881232619910425,0.23467937950799345
HistGradientBoosting,Sigma-Solv,49,CS(C)=O,DMSO,1076,0.6376409399996825,0.47669152597318554,0.6209043695765051
HistGradientBoosting,Sigma-Solv,49,OCCO,Ethylene glycol,1111,0.7381746150335703,0.3968712571174759,0.5380082587964784
XGBoost,CAT-Solv-47,49,C1CCCCC1,Cyclohexane,1142,0.65623370951679,0.6506092235020979,0.8383656404264254
XGBoost,CAT-Solv-47,49,CN1CCCC1=O,NMP,1049,0.7328181612257938,0.3124413777718694,0.4051951174824005
XGBoost,CAT-Solv-47,49,CCCOC(C)=O,n-Propyl acetate,1046,0.9083551669649585,0.19179326462866586,0.24305519466814052
XGBoost,CAT-Solv-47,49,CS(C)=O,DMSO,1076,0.6949894769250893,0.4284976384962302,0.569655855059265
XGBoost,CAT-Solv-47,49,OCCO,Ethylene glycol,1111,0.7234376966588394,0.4073279448802204,0.5529419742743953
RandomForest,CAT-Solv-47,49,C1CCCCC1,Cyclohexane,1142,0.5251297265595516,0.7595387091142242,0.9853472728712446
RandomForest,CAT-Solv-47,49,CN1CCCC1=O,NMP,1049,0.30749576773645193,0.5199348947622614,0.6523369103387426
RandomForest,CAT-Solv-47,49,CCCOC(C)=O,n-Propyl acetate,1046,0.9413907494602249,0.13926345032520068,0.19437213240128476
RandomForest,CAT-Solv-47,49,CS(C)=O,DMSO,1076,0.3746831165607134,0.5876814070934941,0.8156526121079168
RandomForest,CAT-Solv-47,49,OCCO,Ethylene glycol,1111,0.6888858420625439,0.44434333173231955,0.5864661557970725
ExtraTrees,CAT-Solv-47,49,C1CCCCC1,Cyclohexane,1142,0.6011118925117049,0.6743105359489395,0.903082384824976
ExtraTrees,CAT-Solv-47,49,CN1CCCC1=O,NMP,1049,0.6306414375018117,0.37549506054067516,0.476414336513903
ExtraTrees,CAT-Solv-47,49,CCCOC(C)=O,n-Propyl acetate,1046,0.9665342152197848,0.1033968129553329,0.14687619805707108
ExtraTrees,CAT-Solv-47,49,CS(C)=O,DMSO,1076,0.5466576236563301,0.5212961603863973,0.6944937030896573
ExtraTrees,CAT-Solv-47,49,OCCO,Ethylene glycol,1111,0.6886147723925069,0.4351591847604387,0.5867215902904097
HistGradientBoosting,CAT-Solv-47,49,C1CCCCC1,Cyclohexane,1142,0.6410214276597419,0.6686786819531741,0.8567144458658539
HistGradientBoosting,CAT-Solv-47,49,CN1CCCC1=O,NMP,1049,0.7403602077139415,0.3132730442889763,0.3994352263982522
HistGradientBoosting,CAT-Solv-47,49,CCCOC(C)=O,n-Propyl acetate,1046,0.9286272200403947,0.14533446222375354,0.21449502403397755
HistGradientBoosting,CAT-Solv-47,49,CS(C)=O,DMSO,1076,0.6575965420252032,0.4663115756514978,0.603565246506335
HistGradientBoosting,CAT-Solv-47,49,OCCO,Ethylene glycol,1111,0.6926388904441603,0.429076616972561,0.582918078580457
XGBoost,2D-Min,50,C1CCCCC1,Cyclohexane,1142,0.24889490415637727,1.0059456640291977,1.2392307495427262
XGBoost,2D-Min,50,CN1CCCC1=O,NMP,1049,-0.29917967617013863,0.754678025743399,0.8935016223105511
XGBoost,2D-Min,50,CCCOC(C)=O,n-Propyl acetate,1046,0.8986472200828934,0.18633286491560466,0.25560464851699416
XGBoost,2D-Min,50,CS(C)=O,DMSO,1076,0.4353368928140622,0.609200697869389,0.7750859433943275
XGBoost,2D-Min,50,OCCO,Ethylene glycol,1111,0.6177028956908299,0.497090869432866,0.6501050973938394
RandomForest,2D-Min,50,C1CCCCC1,Cyclohexane,1142,0.36890565360804994,0.882167151305982,1.1359232056538102
RandomForest,2D-Min,50,CN1CCCC1=O,NMP,1049,-0.8816583480260212,0.9202110696235226,1.0753036554008788
RandomForest,2D-Min,50,CCCOC(C)=O,n-Propyl acetate,1046,0.9414608057211505,0.12493805321489625,0.19425593012720518
RandomForest,2D-Min,50,CS(C)=O,DMSO,1076,-0.08329226508329701,0.8296453494332688,1.0735640872441545
RandomForest,2D-Min,50,OCCO,Ethylene glycol,1111,0.7123722168232323,0.41610443765126853,0.5638953120498024
ExtraTrees,2D-Min,50,C1CCCCC1,Cyclohexane,1142,0.21426373605643512,1.0185388143244283,1.2674774042273165
ExtraTrees,2D-Min,50,CN1CCCC1=O,NMP,1049,-0.01982534973176797,0.6635949899427246,0.7916325405825784
ExtraTrees,2D-Min,50,CCCOC(C)=O,n-Propyl acetate,1046,0.9434389795822049,0.11497745183899745,0.19094554633995695
ExtraTrees,2D-Min,50,CS(C)=O,DMSO,1076,0.17557278754401207,0.7122806397153344,0.9365507439791337
ExtraTrees,2D-Min,50,OCCO,Ethylene glycol,1111,0.6921118123668807,0.4182231347873245,0.5834176729082847
HistGradientBoosting,2D-Min,50,C1CCCCC1,Cyclohexane,1142,0.16865731540457607,1.0538943269014445,1.3037426311328812
HistGradientBoosting,2D-Min,50,CN1CCCC1=O,NMP,1049,-0.4178752007147002,0.7740126468527835,0.9334256688630292
HistGradientBoosting,2D-Min,50,CCCOC(C)=O,n-Propyl acetate,1046,0.8830719053264191,0.19790245256601624,0.27454298528563903
HistGradientBoosting,2D-Min,50,CS(C)=O,DMSO,1076,0.14066538222786895,0.7683482382292852,0.9561726292210595
HistGradientBoosting,2D-Min,50,OCCO,Ethylene glycol,1111,0.5646510224386212,0.5409581386110835,0.693748139560089
XGBoost,2D-Elec,50,C1CCCCC1,Cyclohexane,1142,0.4947784177930251,0.7878904577994322,1.0163487896022736
XGBoost,2D-Elec,50,CN1CCCC1=O,NMP,1049,0.4094634352976333,0.4644436124819437,0.6023988485009959
XGBoost,2D-Elec,50,CCCOC(C)=O,n-Propyl acetate,1046,0.9250569713838819,0.15788934114306538,0.2197943555133728
XGBoost,2D-Elec,50,CS(C)=O,DMSO,1076,0.4183020180912792,0.6388400297929459,0.7866905486102319
XGBoost,2D-Elec,50,OCCO,Ethylene glycol,1111,0.6943040739143926,0.43135731248021014,0.5813369029202587
RandomForest,2D-Elec,50,C1CCCCC1,Cyclohexane,1142,0.525570870813397,0.7393993185069189,0.9848894833328581
RandomForest,2D-Elec,50,CN1CCCC1=O,NMP,1049,0.04684797977688793,0.5768446993505517,0.7653178146550136
RandomForest,2D-Elec,50,CCCOC(C)=O,n-Propyl acetate,1046,0.9590867760187087,0.10929412282305875,0.1623987817371601
RandomForest,2D-Elec,50,CS(C)=O,DMSO,1076,-0.18131105468680397,0.903911102718759,1.1210817635711585
RandomForest,2D-Elec,50,OCCO,Ethylene glycol,1111,0.7066942857298549,0.42068006386728474,0.5694339141157678
ExtraTrees,2D-Elec,50,C1CCCCC1,Cyclohexane,1142,0.45478398070823667,0.8199049016127191,1.0558108745283006
ExtraTrees,2D-Elec,50,CN1CCCC1=O,NMP,1049,0.36592822013238746,0.5021347815474532,0.6242088888041424
ExtraTrees,2D-Elec,50,CCCOC(C)=O,n-Propyl acetate,1046,0.9653193204533602,0.097813808343408,0.1495184253265718
ExtraTrees,2D-Elec,50,CS(C)=O,DMSO,1076,0.0018729970491294656,0.8313027930795973,1.0305001432370555
ExtraTrees,2D-Elec,50,OCCO,Ethylene glycol,1111,0.6729431629996825,0.4261312711201233,0.6013048173687805
HistGradientBoosting,2D-Elec,50,C1CCCCC1,Cyclohexane,1142,0.529359252872765,0.7854661178934264,0.9809493627553996
HistGradientBoosting,2D-Elec,50,CN1CCCC1=O,NMP,1049,0.34164182768623996,0.4829424353237548,0.6360508712178018
HistGradientBoosting,2D-Elec,50,CCCOC(C)=O,n-Propyl acetate,1046,0.9161693790441525,0.1614443508057038,0.23246215353791236
HistGradientBoosting,2D-Elec,50,CS(C)=O,DMSO,1076,0.029178630099567227,0.8270087348479541,1.016306768056471
HistGradientBoosting,2D-Elec,50,OCCO,Ethylene glycol,1111,0.6968566878308868,0.4351895058188986,0.5789046830109609
XGBoost,Sigma-Solv,50,C1CCCCC1,Cyclohexane,1142,0.5643405979023183,0.7466442941710374,0.9437900024251943
XGBoost,Sigma-Solv,50,CN1CCCC1=O,NMP,1049,0.7042420397008012,0.33431863938554,0.42631337434982625
XGBoost,Sigma-Solv,50,CCCOC(C)=O,n-Propyl acetate,1046,0.906660386280521,0.18933795690054528,0.2452922996884515
XGBoost,Sigma-Solv,50,CS(C)=O,DMSO,1076,0.6186626031418966,0.48384988406449253,0.6369566157713401
XGBoost,Sigma-Solv,50,OCCO,Ethylene glycol,1111,0.7321077256145069,0.4072086038926244,0.5442057945941292
RandomForest,Sigma-Solv,50,C1CCCCC1,Cyclohexane,1142,0.5114921770114358,0.77231478354461,0.9993959575892898
RandomForest,Sigma-Solv,50,CN1CCCC1=O,NMP,1049,0.5720431931946774,0.3981795062636775,0.5128149830069084
RandomForest,Sigma-Solv,50,CCCOC(C)=O,n-Propyl acetate,1046,0.9551123246560012,0.11752800272857318,0.1701039789989811
RandomForest,Sigma-Solv,50,CS(C)=O,DMSO,1076,0.4922889672051416,0.5584667293571278,0.7349595787576861
RandomForest,Sigma-Solv,50,OCCO,Ethylene glycol,1111,0.6984683225997439,0.4317998876971052,0.5773637843416628
ExtraTrees,Sigma-Solv,50,C1CCCCC1,Cyclohexane,1142,0.5151279729499028,0.7671111826055835,0.9956699313332397
ExtraTrees,Sigma-Solv,50,CN1CCCC1=O,NMP,1049,0.6809415468308573,0.3524029354485917,0.4427880219167913
ExtraTrees,Sigma-Solv,50,CCCOC(C)=O,n-Propyl acetate,1046,0.9663338454088568,0.09833799828069623,0.14731523805998914
ExtraTrees,Sigma-Solv,50,CS(C)=O,DMSO,1076,0.5258065124707443,0.5436549323103527,0.710285496145276
ExtraTrees,Sigma-Solv,50,OCCO,Ethylene glycol,1111,0.6693219520629876,0.4459668851054,0.604624511722681
HistGradientBoosting,Sigma-Solv,50,C1CCCCC1,Cyclohexane,1142,0.6384414213822742,0.6644639912606638,0.859787569968679
HistGradientBoosting,Sigma-Solv,50,CN1CCCC1=O,NMP,1049,0.6872710650363034,0.33309136015069946,0.43837398089740154
HistGradientBoosting,Sigma-Solv,50,CCCOC(C)=O,n-Propyl acetate,1046,0.9102497716805711,0.17506697758315892,0.24052969262418175
HistGradientBoosting,Sigma-Solv,50,CS(C)=O,DMSO,1076,0.6566664156049551,0.47262832193424753,0.6043844719490478
HistGradientBoosting,Sigma-Solv,50,OCCO,Ethylene glycol,1111,0.7260584437929267,0.4046688709263759,0.5503158562828439
XGBoost,CAT-Solv-47,50,C1CCCCC1,Cyclohexane,1142,0.6901628118026393,0.61832611314416,0.7959184981226548
XGBoost,CAT-Solv-47,50,CN1CCCC1=O,NMP,1049,0.737965273416378,0.3069481795317317,0.4012732059446648
XGBoost,CAT-Solv-47,50,CCCOC(C)=O,n-Propyl acetate,1046,0.9100248015868235,0.1891065208560436,0.24083096272309923
XGBoost,CAT-Solv-47,50,CS(C)=O,DMSO,1076,0.6659990310094636,0.47001139523779745,0.5961135824916055
XGBoost,CAT-Solv-47,50,OCCO,Ethylene glycol,1111,0.717277332808706,0.4156227262371255,0.5590663869276598
RandomForest,CAT-Solv-47,50,C1CCCCC1,Cyclohexane,1142,0.5269035765259485,0.7517559935397908,0.9835051976394957
RandomForest,CAT-Solv-47,50,CN1CCCC1=O,NMP,1049,0.3099243632923875,0.5194317334983901,0.651192040833948
RandomForest,CAT-Solv-47,50,CCCOC(C)=O,n-Propyl acetate,1046,0.9387123371053153,0.14454394598891376,0.198763870692788
RandomForest,CAT-Solv-47,50,CS(C)=O,DMSO,1076,0.3775109467173615,0.5851427792880605,0.8138062357405424
RandomForest,CAT-Solv-47,50,OCCO,Ethylene glycol,1111,0.669965747615364,0.456016154934996,0.6040356546484567
ExtraTrees,CAT-Solv-47,50,C1CCCCC1,Cyclohexane,1142,0.6187666393689697,0.6640227580216232,0.8828710490250762
ExtraTrees,CAT-Solv-47,50,CN1CCCC1=O,NMP,1049,0.6250600482988119,0.3798025340650622,0.4800003962788851
ExtraTrees,CAT-Solv-47,50,CCCOC(C)=O,n-Propyl acetate,1046,0.9622769779488212,0.10938425600689818,0.1559387878397617
ExtraTrees,CAT-Solv-47,50,CS(C)=O,DMSO,1076,0.52921352766943,0.5393459748100179,0.7077292443314728
ExtraTrees,CAT-Solv-47,50,OCCO,Ethylene glycol,1111,0.6798703702302257,0.44542139561446087,0.594902786626518
HistGradientBoosting,CAT-Solv-47,50,C1CCCCC1,Cyclohexane,1142,0.6482921151015217,0.6609668654510421,0.8479941952478094
HistGradientBoosting,CAT-Solv-47,50,CN1CCCC1=O,NMP,1049,0.7229422110618221,0.3156475735614911,0.4126158610806788
HistGradientBoosting,CAT-Solv-47,50,CCCOC(C)=O,n-Propyl acetate,1046,0.9220851297367679,0.15642944938184522,0.22410992547673295
HistGradientBoosting,CAT-Solv-47,50,CS(C)=O,DMSO,1076,0.6699909513107973,0.4506385921883375,0.5925405524763472
HistGradientBoosting,CAT-Solv-47,50,OCCO,Ethylene glycol,1111,0.7220730910355635,0.4101592634321841,0.554304450723158
XGBoost,2D-Min,51,C1CCCCC1,Cyclohexane,1142,0.24874335564538408,1.0008708413269836,1.2393557614110424
XGBoost,2D-Min,51,CN1CCCC1=O,NMP,1049,-0.5572156810914595,0.8429497009489364,0.9782168076476493
XGBoost,2D-Min,51,CCCOC(C)=O,n-Propyl acetate,1046,0.8775741091725403,0.20237085777890698,0.2809231643205877
XGBoost,2D-Min,51,CS(C)=O,DMSO,1076,0.4185061172689568,0.6246027087303132,0.7865525242525612
XGBoost,2D-Min,51,OCCO,Ethylene glycol,1111,0.5030267542797764,0.5543387679314818,0.7412241687885025
RandomForest,2D-Min,51,C1CCCCC1,Cyclohexane,1142,0.358773753405626,0.8842367341170594,1.1450052349188207
RandomForest,2D-Min,51,CN1CCCC1=O,NMP,1049,-0.8879723821058358,0.9221293648502364,1.0771062721744415
RandomForest,2D-Min,51,CCCOC(C)=O,n-Propyl acetate,1046,0.9364654535268352,0.1274965466711472,0.2023745436004072
RandomForest,2D-Min,51,CS(C)=O,DMSO,1076,-0.10481332947695132,0.8396636989724702,1.084175544195517
RandomForest,2D-Min,51,OCCO,Ethylene glycol,1111,0.7186428352570882,0.4057941021522667,0.5577146549610228
ExtraTrees,2D-Min,51,C1CCCCC1,Cyclohexane,1142,0.21959790969652193,1.0067260074519924,1.263167778599884
ExtraTrees,2D-Min,51,CN1CCCC1=O,NMP,1049,-0.037299065617215854,0.6699925154567546,0.7983856633688741
ExtraTrees,2D-Min,51,CCCOC(C)=O,n-Propyl acetate,1046,0.9434912844082232,0.11681420110572621,0.1908572374345339
ExtraTrees,2D-Min,51,CS(C)=O,DMSO,1076,0.1635970224601475,0.7208433967655972,0.9433284641104216
ExtraTrees,2D-Min,51,OCCO,Ethylene glycol,1111,0.6925845121058001,0.41553835839193515,0.5829696412434678
HistGradientBoosting,2D-Min,51,C1CCCCC1,Cyclohexane,1142,0.299447732625026,0.9444350275057433,1.1968014274263123
HistGradientBoosting,2D-Min,51,CN1CCCC1=O,NMP,1049,-0.43714167762945055,0.8042372199560702,0.9397460923341059
HistGradientBoosting,2D-Min,51,CCCOC(C)=O,n-Propyl acetate,1046,0.8877916061810037,0.20126738262073685,0.2689450702882707
HistGradientBoosting,2D-Min,51,CS(C)=O,DMSO,1076,0.11920285557218135,0.77798007757758,0.9680395541614853
HistGradientBoosting,2D-Min,51,OCCO,Ethylene glycol,1111,0.5154591138703486,0.5779663344247344,0.7318941597570969
XGBoost,2D-Elec,51,C1CCCCC1,Cyclohexane,1142,0.5255766338573729,0.778056223580788,0.9848835014292483
XGBoost,2D-Elec,51,CN1CCCC1=O,NMP,1049,0.4105545916278014,0.4654240989394445,0.6018420538234033
XGBoost,2D-Elec,51,CCCOC(C)=O,n-Propyl acetate,1046,0.9214875114002501,0.1624569447444462,0.22496776147640768
XGBoost,2D-Elec,51,CS(C)=O,DMSO,1076,0.3432622750311174,0.693056977754792,0.8358938617528063
XGBoost,2D-Elec,51,OCCO,Ethylene glycol,1111,0.7225921793837653,0.39858237048939743,0.5537865673356952
RandomForest,2D-Elec,51,C1CCCCC1,Cyclohexane,1142,0.5236025621918254,0.7424457050817242,0.986930420349836
RandomForest,2D-Elec,51,CN1CCCC1=O,NMP,1049,0.04641721149400424,0.5877330411216585,0.7654907342910974
RandomForest,2D-Elec,51,CCCOC(C)=O,n-Propyl acetate,1046,0.9582194497805684,0.10995475315933242,0.1641111137157396
RandomForest,2D-Elec,51,CS(C)=O,DMSO,1076,-0.14915310225666634,0.8910124217516145,1.1057172905830617
RandomForest,2D-Elec,51,OCCO,Ethylene glycol,1111,0.7078892826765897,0.4192348509641264,0.5682727258539361
ExtraTrees,2D-Elec,51,C1CCCCC1,Cyclohexane,1142,0.46333674529613467,0.8175432867850535,1.0474969258385847
ExtraTrees,2D-Elec,51,CN1CCCC1=O,NMP,1049,0.34529280075362423,0.5167996543882449,0.6342847861711784
ExtraTrees,2D-Elec,51,CCCOC(C)=O,n-Propyl acetate,1046,0.9644100885521344,0.09740863240323502,0.15146572534730002
ExtraTrees,2D-Elec,51,CS(C)=O,DMSO,1076,-0.03892956872409159,0.8566976902271582,1.0513521505318821
ExtraTrees,2D-Elec,51,OCCO,Ethylene glycol,1111,0.6754539249616178,0.4262646052234091,0.598992311159975
HistGradientBoosting,2D-Elec,51,C1CCCCC1,Cyclohexane,1142,0.5184423940736471,0.7965955263326655,0.9922610644925479
HistGradientBoosting,2D-Elec,51,CN1CCCC1=O,NMP,1049,0.30608896454354817,0.5074192385514069,0.6529991763603403
HistGradientBoosting,2D-Elec,51,CCCOC(C)=O,n-Propyl acetate,1046,0.9245663748557853,0.15519559632905472,0.2205125974472409
HistGradientBoosting,2D-Elec,51,CS(C)=O,DMSO,1076,-0.21556223490358128,0.9443990970515816,1.1372180741975813
HistGradientBoosting,2D-Elec,51,OCCO,Ethylene glycol,1111,0.6773842961359973,0.44661887659890087,0.5972082779032298
XGBoost,Sigma-Solv,51,C1CCCCC1,Cyclohexane,1142,0.5715422486149657,0.7246920437647183,0.9359568542750806
XGBoost,Sigma-Solv,51,CN1CCCC1=O,NMP,1049,0.6871130079189092,0.3457139958157421,0.4384847467515578
XGBoost,Sigma-Solv,51,CCCOC(C)=O,n-Propyl acetate,1046,0.9113055605902006,0.18205834624857797,0.23911075558295086
XGBoost,Sigma-Solv,51,CS(C)=O,DMSO,1076,0.5992134945159558,0.5009132071454899,0.6529977715350391
XGBoost,Sigma-Solv,51,OCCO,Ethylene glycol,1111,0.7351117474259778,0.41565865859057044,0.5411459546819206
RandomForest,Sigma-Solv,51,C1CCCCC1,Cyclohexane,1142,0.5159959372955026,0.7659167379708336,0.9947783629912567
RandomForest,Sigma-Solv,51,CN1CCCC1=O,NMP,1049,0.5787690590767666,0.4012311897037889,0.5087692661279539
RandomForest,Sigma-Solv,51,CCCOC(C)=O,n-Propyl acetate,1046,0.9534972868568865,0.11393418397167113,0.17313706903514503
RandomForest,Sigma-Solv,51,CS(C)=O,DMSO,1076,0.4858327040956395,0.5670039264952279,0.7396178411648986
RandomForest,Sigma-Solv,51,OCCO,Ethylene glycol,1111,0.6890021216325366,0.43733422084038526,0.5863565490759091
ExtraTrees,Sigma-Solv,51,C1CCCCC1,Cyclohexane,1142,0.5008679383110748,0.7795359673560454,1.0102051095137705
ExtraTrees,Sigma-Solv,51,CN1CCCC1=O,NMP,1049,0.6668274381187087,0.3552749660230408,0.4524757936940316
ExtraTrees,Sigma-Solv,51,CCCOC(C)=O,n-Propyl acetate,1046,0.9667974601181277,0.0961997673060982,0.14629738681680243
ExtraTrees,Sigma-Solv,51,CS(C)=O,DMSO,1076,0.5403324339962319,0.5323307399383511,0.6993218287026283
ExtraTrees,Sigma-Solv,51,OCCO,Ethylene glycol,1111,0.6683185128160796,0.44384521113050235,0.6055411803769889
HistGradientBoosting,Sigma-Solv,51,C1CCCCC1,Cyclohexane,1142,0.6170132150148244,0.6982831332275903,0.8848990348186153
HistGradientBoosting,Sigma-Solv,51,CN1CCCC1=O,NMP,1049,0.7272672638634625,0.3220065049811293,0.40938259172230634
HistGradientBoosting,Sigma-Solv,51,CCCOC(C)=O,n-Propyl acetate,1046,0.896091063637706,0.19043858338851416,0.2588078022984051
HistGradientBoosting,Sigma-Solv,51,CS(C)=O,DMSO,1076,0.6620696310530525,0.461151784216452,0.5996098592277678
HistGradientBoosting,Sigma-Solv,51,OCCO,Ethylene glycol,1111,0.7382976646312838,0.4001409682739599,0.5378818205601301
XGBoost,CAT-Solv-47,51,C1CCCCC1,Cyclohexane,1142,0.6549770411710587,0.6534732792452045,0.8398966027592472
XGBoost,CAT-Solv-47,51,CN1CCCC1=O,NMP,1049,0.7318595206375154,0.3159511032725818,0.4059213807018002
XGBoost,CAT-Solv-47,51,CCCOC(C)=O,n-Propyl acetate,1046,0.9041039941732038,0.19395916408302713,0.248628651577659
XGBoost,CAT-Solv-47,51,CS(C)=O,DMSO,1076,0.7008238729068612,0.42991760989683286,0.5641812151692174
XGBoost,CAT-Solv-47,51,OCCO,Ethylene glycol,1111,0.7535331010351608,0.3827402346260167,0.521990221606028
RandomForest,CAT-Solv-47,51,C1CCCCC1,Cyclohexane,1142,0.514269254211833,0.7626541763670963,0.9965512176914141
RandomForest,CAT-Solv-47,51,CN1CCCC1=O,NMP,1049,0.2759035630464701,0.5301548644089716,0.6670508495192007
RandomForest,CAT-Solv-47,51,CCCOC(C)=O,n-Propyl acetate,1046,0.9303092698679196,0.15752994548926796,0.21195244096796562
RandomForest,CAT-Solv-47,51,CS(C)=O,DMSO,1076,0.37980580394201047,0.5926349276684034,0.8123047687455365
RandomForest,CAT-Solv-47,51,OCCO,Ethylene glycol,1111,0.6841838212792306,0.44757878472194257,0.5908813115082701
ExtraTrees,CAT-Solv-47,51,C1CCCCC1,Cyclohexane,1142,0.6149860344656659,0.6640696251241445,0.8872378656791899
ExtraTrees,CAT-Solv-47,51,CN1CCCC1=O,NMP,1049,0.6358753941632684,0.3694702410953752,0.47302680340240355
ExtraTrees,CAT-Solv-47,51,CCCOC(C)=O,n-Propyl acetate,1046,0.9548100038427476,0.11870126833631443,0.17067584726903307
ExtraTrees,CAT-Solv-47,51,CS(C)=O,DMSO,1076,0.5541990259851259,0.5275839535998303,0.6886929868979726
ExtraTrees,CAT-Solv-47,51,OCCO,Ethylene glycol,1111,0.6768413576153498,0.44463280068627,0.5977105954726888
HistGradientBoosting,CAT-Solv-47,51,C1CCCCC1,Cyclohexane,1142,0.6763061965665278,0.6340167720534363,0.8135214713827317
HistGradientBoosting,CAT-Solv-47,51,CN1CCCC1=O,NMP,1049,0.7260058746405131,0.318342110804253,0.4103281971093421
HistGradientBoosting,CAT-Solv-47,51,CCCOC(C)=O,n-Propyl acetate,1046,0.9239043609087564,0.1635143780933048,0.22147810535571996
HistGradientBoosting,CAT-Solv-47,51,CS(C)=O,DMSO,1076,0.6668118164446888,0.4520779299959874,0.5953878247769536
HistGradientBoosting,CAT-Solv-47,51,OCCO,Ethylene glycol,1111,0.742353847961035,0.3908468038907578,0.5336971668879281
XGBoost,2D-Min,52,C1CCCCC1,Cyclohexane,1142,0.2340175784243833,1.0149797031984398,1.2514434471609168
XGBoost,2D-Min,52,CN1CCCC1=O,NMP,1049,-0.3230100822105919,0.764493021900548,0.901658981881473
XGBoost,2D-Min,52,CCCOC(C)=O,n-Propyl acetate,1046,0.8937482900575223,0.1863656627838473,0.2617091333355579
XGBoost,2D-Min,52,CS(C)=O,DMSO,1076,0.47924634913967334,0.5972089779999764,0.7443399272334595
XGBoost,2D-Min,52,OCCO,Ethylene glycol,1111,0.488697800035483,0.566110951273866,0.7518338890737504
RandomForest,2D-Min,52,C1CCCCC1,Cyclohexane,1142,0.394152904014895,0.8571966834941402,1.1129697030456691
RandomForest,2D-Min,52,CN1CCCC1=O,NMP,1049,-0.831889711030815,0.9115690516489985,1.0609878194743538
RandomForest,2D-Min,52,CCCOC(C)=O,n-Propyl acetate,1046,0.9448338508527763,0.12155124841195619,0.18857636059747587
RandomForest,2D-Min,52,CS(C)=O,DMSO,1076,-0.09089750967357157,0.8241381369508698,1.077325970222907
RandomForest,2D-Min,52,OCCO,Ethylene glycol,1111,0.7213368477439659,0.4061243243570923,0.555038156251379
ExtraTrees,2D-Min,52,C1CCCCC1,Cyclohexane,1142,0.23017170658350405,1.002810237532461,1.2545811595373086
ExtraTrees,2D-Min,52,CN1CCCC1=O,NMP,1049,-0.046360539403316636,0.6733659613614714,0.8018652865663897
ExtraTrees,2D-Min,52,CCCOC(C)=O,n-Propyl acetate,1046,0.9495354074898582,0.11296807851010351,0.18036169191959364
ExtraTrees,2D-Min,52,CS(C)=O,DMSO,1076,0.1805741068868113,0.7112057031694498,0.9337056688360503
ExtraTrees,2D-Min,52,OCCO,Ethylene glycol,1111,0.6897791446438857,0.41415841947844856,0.5856235899396127
HistGradientBoosting,2D-Min,52,C1CCCCC1,Cyclohexane,1142,0.2793241273585859,0.969074315522885,1.213868993965466
HistGradientBoosting,2D-Min,52,CN1CCCC1=O,NMP,1049,-0.3024782736593492,0.7554993264842319,0.8946351967669087
HistGradientBoosting,2D-Min,52,CCCOC(C)=O,n-Propyl acetate,1046,0.8737513977518926,0.2160906107375918,0.2852753221891937
HistGradientBoosting,2D-Min,52,CS(C)=O,DMSO,1076,0.11597824694821923,0.7770171911236567,0.9698099373454554
HistGradientBoosting,2D-Min,52,OCCO,Ethylene glycol,1111,0.5986443847336571,0.48810158757154243,0.6661127381331743
XGBoost,2D-Elec,52,C1CCCCC1,Cyclohexane,1142,0.4715085623444404,0.8181085731410938,1.0394911704368606
XGBoost,2D-Elec,52,CN1CCCC1=O,NMP,1049,0.36445835849270936,0.48173781624166706,0.6249319690795543
XGBoost,2D-Elec,52,CCCOC(C)=O,n-Propyl acetate,1046,0.9337000877295868,0.1485604150438739,0.20673185050436801
XGBoost,2D-Elec,52,CS(C)=O,DMSO,1076,0.39049875656310307,0.659540710054473,0.8052717281789601
XGBoost,2D-Elec,52,OCCO,Ethylene glycol,1111,0.7458135336998688,0.4025758490245666,0.5301017999430138
RandomForest,2D-Elec,52,C1CCCCC1,Cyclohexane,1142,0.5210905947953194,0.761249692440652,0.9895289624561671
RandomForest,2D-Elec,52,CN1CCCC1=O,NMP,1049,0.058530817905083965,0.5866350208123875,0.7606130818295388
RandomForest,2D-Elec,52,CCCOC(C)=O,n-Propyl acetate,1046,0.9589099136207251,0.11075927708166555,0.16274941732008855
RandomForest,2D-Elec,52,CS(C)=O,DMSO,1076,-0.18544079205145447,0.901283910559541,1.1230396450235116
RandomForest,2D-Elec,52,OCCO,Ethylene glycol,1111,0.7139976564138029,0.41821193342067364,0.5622997144931287
ExtraTrees,2D-Elec,52,C1CCCCC1,Cyclohexane,1142,0.47298702487625366,0.8030910600850492,1.038036156236675
ExtraTrees,2D-Elec,52,CN1CCCC1=O,NMP,1049,0.37115976157808506,0.5062052703969052,0.6216284724108795
ExtraTrees,2D-Elec,52,CCCOC(C)=O,n-Propyl acetate,1046,0.9643239387182799,0.09774142255678317,0.15164893541378208
ExtraTrees,2D-Elec,52,CS(C)=O,DMSO,1076,-0.023773824690519252,0.8484059471134506,1.0436554966420262
ExtraTrees,2D-Elec,52,OCCO,Ethylene glycol,1111,0.6632627107571811,0.4318739036332765,0.6101388410677328
HistGradientBoosting,2D-Elec,52,C1CCCCC1,Cyclohexane,1142,0.41774213204762,0.8823562504753066,1.0910873230371059
HistGradientBoosting,2D-Elec,52,CN1CCCC1=O,NMP,1049,0.2755590285828472,0.5214547334223113,0.6672095263634379
HistGradientBoosting,2D-Elec,52,CCCOC(C)=O,n-Propyl acetate,1046,0.9240535888993257,0.15655908934987942,0.22126083303549343
HistGradientBoosting,2D-Elec,52,CS(C)=O,DMSO,1076,-0.2682445483855924,0.9620218137959793,1.161600140982875
HistGradientBoosting,2D-Elec,52,OCCO,Ethylene glycol,1111,0.646185464619343,0.4671565823408464,0.6254187574027111
XGBoost,Sigma-Solv,52,C1CCCCC1,Cyclohexane,1142,0.6134768273405041,0.6960620727139148,0.8889750962605583
XGBoost,Sigma-Solv,52,CN1CCCC1=O,NMP,1049,0.6105190498020518,0.38131525249645426,0.4892195984179596
XGBoost,Sigma-Solv,52,CCCOC(C)=O,n-Propyl acetate,1046,0.9159934742936586,0.18234026676958695,0.23270591750069175
XGBoost,Sigma-Solv,52,CS(C)=O,DMSO,1076,0.5828624102919395,0.5203697997757929,0.6661849507691037
XGBoost,Sigma-Solv,52,OCCO,Ethylene glycol,1111,0.7267347390175163,0.4121726120286131,0.5496361383572339
RandomForest,Sigma-Solv,52,C1CCCCC1,Cyclohexane,1142,0.5010153294417611,0.7852385006874257,1.0100559443144466
RandomForest,Sigma-Solv,52,CN1CCCC1=O,NMP,1049,0.5576019838286788,0.4054637043683887,0.5213955518436936
RandomForest,Sigma-Solv,52,CCCOC(C)=O,n-Propyl acetate,1046,0.9530507964213801,0.11748997150289157,0.17396626123883152
RandomForest,Sigma-Solv,52,CS(C)=O,DMSO,1076,0.477999686234843,0.5648065100894957,0.7452303542856077
RandomForest,Sigma-Solv,52,OCCO,Ethylene glycol,1111,0.6899259947863134,0.44000487576263664,0.5854849643670503
ExtraTrees,Sigma-Solv,52,C1CCCCC1,Cyclohexane,1142,0.49771937377946307,0.781513453446155,1.0133863274312156
ExtraTrees,Sigma-Solv,52,CN1CCCC1=O,NMP,1049,0.6773224366946062,0.35197115091254594,0.4452922337175863
ExtraTrees,Sigma-Solv,52,CCCOC(C)=O,n-Propyl acetate,1046,0.9656244167776352,0.10192791146725838,0.14885929329578498
ExtraTrees,Sigma-Solv,52,CS(C)=O,DMSO,1076,0.5579908918443575,0.5195477361834887,0.6857578113858717
ExtraTrees,Sigma-Solv,52,OCCO,Ethylene glycol,1111,0.6697668518284685,0.4470425025034391,0.6042176388679049
HistGradientBoosting,Sigma-Solv,52,C1CCCCC1,Cyclohexane,1142,0.6224376060429381,0.6892928724910616,0.8786101023860271
HistGradientBoosting,Sigma-Solv,52,CN1CCCC1=O,NMP,1049,0.7288369542829078,0.3191693880461126,0.40820280812741333
HistGradientBoosting,Sigma-Solv,52,CCCOC(C)=O,n-Propyl acetate,1046,0.907654544770216,0.17722703194378525,0.24398250083020617
HistGradientBoosting,Sigma-Solv,52,CS(C)=O,DMSO,1076,0.6644384651803257,0.45980793187615165,0.5975045820171764
HistGradientBoosting,Sigma-Solv,52,OCCO,Ethylene glycol,1111,0.7366762905870297,0.4055993303469434,0.5395454683192763
XGBoost,CAT-Solv-47,52,C1CCCCC1,Cyclohexane,1142,0.6545230717675188,0.6436074566530626,0.8404489747264822
XGBoost,CAT-Solv-47,52,CN1CCCC1=O,NMP,1049,0.7231998695016149,0.32569617318803123,0.4124239540269301
XGBoost,CAT-Solv-47,52,CCCOC(C)=O,n-Propyl acetate,1046,0.9123080177319851,0.18227490280964262,0.23775565694051054
XGBoost,CAT-Solv-47,52,CS(C)=O,DMSO,1076,0.6636616448901091,0.45240131595955513,0.5981957896167173
XGBoost,CAT-Solv-47,52,OCCO,Ethylene glycol,1111,0.7133127799853557,0.4312280181404159,0.5629725683275781
RandomForest,CAT-Solv-47,52,C1CCCCC1,Cyclohexane,1142,0.5115670558215937,0.7606785492334178,0.999319360609145
RandomForest,CAT-Solv-47,52,CN1CCCC1=O,NMP,1049,0.24880786032794644,0.5461413494179688,0.6794167566920158
RandomForest,CAT-Solv-47,52,CCCOC(C)=O,n-Propyl acetate,1046,0.9125062206359643,0.1771903588899376,0.2374868152625383
RandomForest,CAT-Solv-47,52,CS(C)=O,DMSO,1076,0.35790437817582565,0.6008918158514728,0.8265231236047725
RandomForest,CAT-Solv-47,52,OCCO,Ethylene glycol,1111,0.684868525349676,0.44471279061425745,0.5902404349622699
ExtraTrees,CAT-Solv-47,52,C1CCCCC1,Cyclohexane,1142,0.6111140937001385,0.6726013176971735,0.891688014198437
ExtraTrees,CAT-Solv-47,52,CN1CCCC1=O,NMP,1049,0.6270016209515268,0.38092961324931957,0.47875597664308595
ExtraTrees,CAT-Solv-47,52,CCCOC(C)=O,n-Propyl acetate,1046,0.9548022410201105,0.12166407935492987,0.1706905061487492
ExtraTrees,CAT-Solv-47,52,CS(C)=O,DMSO,1076,0.5502161247547316,0.5277279195532921,0.691762626559865
ExtraTrees,CAT-Solv-47,52,OCCO,Ethylene glycol,1111,0.6966875187480497,0.4306767993503394,0.5790661893205389
HistGradientBoosting,CAT-Solv-47,52,C1CCCCC1,Cyclohexane,1142,0.6567826612483152,0.6493937278717121,0.8376959904943493
HistGradientBoosting,CAT-Solv-47,52,CN1CCCC1=O,NMP,1049,0.7499964721821456,0.2943842120833362,0.39195283035529815
HistGradientBoosting,CAT-Solv-47,52,CCCOC(C)=O,n-Propyl acetate,1046,0.9256245071014373,0.16110545106476015,0.2189605340694861
HistGradientBoosting,CAT-Solv-47,52,CS(C)=O,DMSO,1076,0.6856853043122229,0.44004825966242606,0.578279101263009
HistGradientBoosting,CAT-Solv-47,52,OCCO,Ethylene glycol,1111,0.7340787669920174,0.3940733227434294,0.5422000770590715
XGBoost,2D-Min,53,C1CCCCC1,Cyclohexane,1142,0.2763062421198026,0.9857259129185527,1.2164079232964815
XGBoost,2D-Min,53,CN1CCCC1=O,NMP,1049,-0.39738166564681454,0.7907417432339744,0.9266553911849329
XGBoost,2D-Min,53,CCCOC(C)=O,n-Propyl acetate,1046,0.8998816254152411,0.18275331406506135,0.25404333792167855
XGBoost,2D-Min,53,CS(C)=O,DMSO,1076,0.4491824519772074,0.6164309921808294,0.7655244000439786
XGBoost,2D-Min,53,OCCO,Ethylene glycol,1111,0.5406521965507851,0.5362751049918294,0.7126132432421546
RandomForest,2D-Min,53,C1CCCCC1,Cyclohexane,1142,0.400003247128783,0.8522426655208672,1.1075829891637035
RandomForest,2D-Min,53,CN1CCCC1=O,NMP,1049,-0.8746412604243687,0.919433460455296,1.0732967693525473
RandomForest,2D-Min,53,CCCOC(C)=O,n-Propyl acetate,1046,0.9395763303002075,0.12723566548984525,0.1973578766965927
RandomForest,2D-Min,53,CS(C)=O,DMSO,1076,-0.0695894483121482,0.8255326978937799,1.0667525972727252
RandomForest,2D-Min,53,OCCO,Ethylene glycol,1111,0.7156600818287253,0.4118547743296702,0.5606631130741965
ExtraTrees,2D-Min,53,C1CCCCC1,Cyclohexane,1142,0.21081728034674463,1.0245223703398376,1.2702541152349975
ExtraTrees,2D-Min,53,CN1CCCC1=O,NMP,1049,-0.014355184054496872,0.6629912275834267,0.7895065963680442
ExtraTrees,2D-Min,53,CCCOC(C)=O,n-Propyl acetate,1046,0.9490976379534524,0.1142234261192714,0.18114230220088764
ExtraTrees,2D-Min,53,CS(C)=O,DMSO,1076,0.1741594987523737,0.7179342664262205,0.9373531495018451
ExtraTrees,2D-Min,53,OCCO,Ethylene glycol,1111,0.6998494545199139,0.40993571581002697,0.5760399918063916
HistGradientBoosting,2D-Min,53,C1CCCCC1,Cyclohexane,1142,0.16596251946193075,1.0444861982266989,1.3058539613443942
HistGradientBoosting,2D-Min,53,CN1CCCC1=O,NMP,1049,-0.33415956882901,0.7734125221595562,0.9054503148133913
HistGradientBoosting,2D-Min,53,CCCOC(C)=O,n-Propyl acetate,1046,0.8776875267708917,0.20719624051290364,0.2807930079740687
HistGradientBoosting,2D-Min,53,CS(C)=O,DMSO,1076,0.04479643423311963,0.810871550718841,1.0080988550473697
HistGradientBoosting,2D-Min,53,OCCO,Ethylene glycol,1111,0.5924202585196852,0.5071264965700746,0.6712578256328852
XGBoost,2D-Elec,53,C1CCCCC1,Cyclohexane,1142,0.4985239767670536,0.7883376374423299,1.0125743306882773
XGBoost,2D-Elec,53,CN1CCCC1=O,NMP,1049,0.4466492512203737,0.46107711439724997,0.5831240953684834
XGBoost,2D-Elec,53,CCCOC(C)=O,n-Propyl acetate,1046,0.9254060144759041,0.156886911516042,0.21928191800827723
XGBoost,2D-Elec,53,CS(C)=O,DMSO,1076,0.2554573792847037,0.746619749372527,0.8900203480549986
XGBoost,2D-Elec,53,OCCO,Ethylene glycol,1111,0.6985800638772066,0.43507020961422727,0.5772567950105657
RandomForest,2D-Elec,53,C1CCCCC1,Cyclohexane,1142,0.530468928129721,0.7428072349872911,0.9797922406441131
RandomForest,2D-Elec,53,CN1CCCC1=O,NMP,1049,0.011633985185313223,0.6032232390632188,0.7793268482817461
RandomForest,2D-Elec,53,CCCOC(C)=O,n-Propyl acetate,1046,0.9586838952389265,0.11113375830625577,0.16319640974818156
RandomForest,2D-Elec,53,CS(C)=O,DMSO,1076,-0.1883917260416219,0.9093902631544225,1.1244365751948677
RandomForest,2D-Elec,53,OCCO,Ethylene glycol,1111,0.7040415841232586,0.4199583822211244,0.5720031416466097
ExtraTrees,2D-Elec,53,C1CCCCC1,Cyclohexane,1142,0.4569284727635764,0.8283798317688092,1.0537324241911377
ExtraTrees,2D-Elec,53,CN1CCCC1=O,NMP,1049,0.3500687601683111,0.5120446828550316,0.6319670606201465
ExtraTrees,2D-Elec,53,CCCOC(C)=O,n-Propyl acetate,1046,0.9658730723003238,0.09674155940444272,0.14831992986599804
ExtraTrees,2D-Elec,53,CS(C)=O,DMSO,1076,-0.024279973718679848,0.8461600954979923,1.043913453979995
ExtraTrees,2D-Elec,53,OCCO,Ethylene glycol,1111,0.6563243813716009,0.43275363577983783,0.6163926175628004
HistGradientBoosting,2D-Elec,53,C1CCCCC1,Cyclohexane,1142,0.505993033852561,0.8040427632207083,1.005005326555834
HistGradientBoosting,2D-Elec,53,CN1CCCC1=O,NMP,1049,0.35331461809268727,0.493930852244458,0.6303870143950855
HistGradientBoosting,2D-Elec,53,CCCOC(C)=O,n-Propyl acetate,1046,0.9214904878141131,0.1566453335494692,0.224963497164308
HistGradientBoosting,2D-Elec,53,CS(C)=O,DMSO,1076,-0.13960611917207366,0.8953308121834924,1.1011146485398056
HistGradientBoosting,2D-Elec,53,OCCO,Ethylene glycol,1111,0.628982890193408,0.4832504400820111,0.6404423405912767
XGBoost,Sigma-Solv,53,C1CCCCC1,Cyclohexane,1142,0.5517200553828197,0.7467788233800792,0.957362653602633
XGBoost,Sigma-Solv,53,CN1CCCC1=O,NMP,1049,0.7047860923582336,0.33266445402987543,0.4259210878914257
XGBoost,Sigma-Solv,53,CCCOC(C)=O,n-Propyl acetate,1046,0.9101683871798558,0.18974291482837957,0.24063872272712944
XGBoost,Sigma-Solv,53,CS(C)=O,DMSO,1076,0.6476644972793054,0.4777513839563068,0.6122564334636634
XGBoost,Sigma-Solv,53,OCCO,Ethylene glycol,1111,0.7273213428662768,0.410424672124217,0.5490458842417008
RandomForest,Sigma-Solv,53,C1CCCCC1,Cyclohexane,1142,0.5107534713535469,0.7711215743389219,1.0001512991943213
RandomForest,Sigma-Solv,53,CN1CCCC1=O,NMP,1049,0.5681814967688841,0.40592030538580165,0.5151234968289078
RandomForest,Sigma-Solv,53,CCCOC(C)=O,n-Propyl acetate,1046,0.9549945888030997,0.11323252624027333,0.17032691571455139
RandomForest,Sigma-Solv,53,CS(C)=O,DMSO,1076,0.46890814054948593,0.5726967078847304,0.7516920832141454
RandomForest,Sigma-Solv,53,OCCO,Ethylene glycol,1111,0.6894785852249774,0.4362452631980715,0.5859072138002598
ExtraTrees,Sigma-Solv,53,C1CCCCC1,Cyclohexane,1142,0.4764021893889189,0.8007618004989951,1.0346673339284844
ExtraTrees,Sigma-Solv,53,CN1CCCC1=O,NMP,1049,0.6771171039221524,0.35607572487078076,0.44543388990673805
ExtraTrees,Sigma-Solv,53,CCCOC(C)=O,n-Propyl acetate,1046,0.9668641839693234,0.09677365719511787,0.14615031321597047
ExtraTrees,Sigma-Solv,53,CS(C)=O,DMSO,1076,0.54791769647101,0.519016453616818,0.6935278529672059
ExtraTrees,Sigma-Solv,53,OCCO,Ethylene glycol,1111,0.6837228792981691,0.43598541327054524,0.5913123576566832
HistGradientBoosting,Sigma-Solv,53,C1CCCCC1,Cyclohexane,1142,0.5867216574845935,0.7219627609157481,0.9192278007867246
HistGradientBoosting,Sigma-Solv,53,CN1CCCC1=O,NMP,1049,0.7072650288831891,0.32480896897821027,0.424129070059884
HistGradientBoosting,Sigma-Solv,53,CCCOC(C)=O,n-Propyl acetate,1046,0.9129461140328801,0.16604465287674547,0.23688905549259592
HistGradientBoosting,Sigma-Solv,53,CS(C)=O,DMSO,1076,0.6344719142517146,0.4771533844618598,0.6236135312810508
HistGradientBoosting,Sigma-Solv,53,OCCO,Ethylene glycol,1111,0.7136006266916142,0.4030818510638127,0.5626898726144043
XGBoost,CAT-Solv-47,53,C1CCCCC1,Cyclohexane,1142,0.6177181784741401,0.6943607802576464,0.884084243237511
XGBoost,CAT-Solv-47,53,CN1CCCC1=O,NMP,1049,0.7420348130192329,0.30996913856555414,0.398145018943894
XGBoost,CAT-Solv-47,53,CCCOC(C)=O,n-Propyl acetate,1046,0.9164420993772002,0.18224624029265293,0.23208371901934258
XGBoost,CAT-Solv-47,53,CS(C)=O,DMSO,1076,0.6625843444784392,0.4592060476946446,0.5991530419619926
XGBoost,CAT-Solv-47,53,OCCO,Ethylene glycol,1111,0.7271199851045265,0.40779660867873263,0.5492485664931364
RandomForest,CAT-Solv-47,53,C1CCCCC1,Cyclohexane,1142,0.527961786135804,0.7511250770125456,0.9824046426207379
RandomForest,CAT-Solv-47,53,CN1CCCC1=O,NMP,1049,0.2969257074215198,0.5261974959478364,0.6572965392079576
RandomForest,CAT-Solv-47,53,CCCOC(C)=O,n-Propyl acetate,1046,0.9367697932753962,0.1513964589081048,0.2018892599607722
RandomForest,CAT-Solv-47,53,CS(C)=O,DMSO,1076,0.39286662661933447,0.5855591110159358,0.803705993601094
RandomForest,CAT-Solv-47,53,OCCO,Ethylene glycol,1111,0.6848586741473679,0.44577588576245386,0.5902496605283619
ExtraTrees,CAT-Solv-47,53,C1CCCCC1,Cyclohexane,1142,0.6473246963761417,0.6426931300329883,0.8491596540596359
ExtraTrees,CAT-Solv-47,53,CN1CCCC1=O,NMP,1049,0.644054624886759,0.36668421623842296,0.4676838935161403
ExtraTrees,CAT-Solv-47,53,CCCOC(C)=O,n-Propyl acetate,1046,0.9620058480112974,0.1085190819623292,0.15649818066162444
ExtraTrees,CAT-Solv-47,53,CS(C)=O,DMSO,1076,0.5295971028366331,0.5410905860216484,0.7074408729608991
ExtraTrees,CAT-Solv-47,53,OCCO,Ethylene glycol,1111,0.6705415628285545,0.449654380492889,0.6035084900319001
HistGradientBoosting,CAT-Solv-47,53,C1CCCCC1,Cyclohexane,1142,0.664871237268081,0.6361901432817032,0.8277661801676475
HistGradientBoosting,CAT-Solv-47,53,CN1CCCC1=O,NMP,1049,0.7329282702313078,0.3109498636353764,0.40511161586933553
HistGradientBoosting,CAT-Solv-47,53,CCCOC(C)=O,n-Propyl acetate,1046,0.9263566907987246,0.15213961263519907,0.2178800985385337
HistGradientBoosting,CAT-Solv-47,53,CS(C)=O,DMSO,1076,0.6715666458394676,0.455909829698111,0.5911242578789568
HistGradientBoosting,CAT-Solv-47,53,OCCO,Ethylene glycol,1111,0.734664433384584,0.3932538600336915,0.5416026757253072
XGBoost,2D-Min,54,C1CCCCC1,Cyclohexane,1142,0.23596225408202043,1.0088372470210134,1.249853855714587
XGBoost,2D-Min,54,CN1CCCC1=O,NMP,1049,-0.5049685754377664,0.8389459290709571,0.9616664218853267
XGBoost,2D-Min,54,CCCOC(C)=O,n-Propyl acetate,1046,0.8922733604353579,0.1868946603454657,0.2635193263226953
XGBoost,2D-Min,54,CS(C)=O,DMSO,1076,0.42253185970761853,0.6169899604300416,0.7838251031621263
XGBoost,2D-Min,54,OCCO,Ethylene glycol,1111,0.5321873029072698,0.5491442041651082,0.7191493124127443
RandomForest,2D-Min,54,C1CCCCC1,Cyclohexane,1142,0.39160024490464906,0.8550058768244142,1.1153119161034268
RandomForest,2D-Min,54,CN1CCCC1=O,NMP,1049,-0.9317697921270869,0.9324958609279389,1.0895280649572745
RandomForest,2D-Min,54,CCCOC(C)=O,n-Propyl acetate,1046,0.9363969406770326,0.12933439296863317,0.20248363008620818
RandomForest,2D-Min,54,CS(C)=O,DMSO,1076,-0.11518565352074295,0.838845019035662,1.0892529401151614
RandomForest,2D-Min,54,OCCO,Ethylene glycol,1111,0.7139326517711484,0.41074525893541275,0.5623636125976482
ExtraTrees,2D-Min,54,C1CCCCC1,Cyclohexane,1142,0.2198300840344657,1.011032585478818,1.2629798645986403
ExtraTrees,2D-Min,54,CN1CCCC1=O,NMP,1049,-0.06002951553129554,0.6802924114921889,0.8070858167594965
ExtraTrees,2D-Min,54,CCCOC(C)=O,n-Propyl acetate,1046,0.9454537558826833,0.11561191160194005,0.18751384585072195
ExtraTrees,2D-Min,54,CS(C)=O,DMSO,1076,0.15861103171891888,0.7247333935577154,0.9461359853511053
ExtraTrees,2D-Min,54,OCCO,Ethylene glycol,1111,0.6828633788437632,0.42155373772322957,0.5921152744459369
HistGradientBoosting,2D-Min,54,C1CCCCC1,Cyclohexane,1142,0.32278513302532896,0.9302873496003294,1.1766981450170355
HistGradientBoosting,2D-Min,54,CN1CCCC1=O,NMP,1049,-0.42424207865183616,0.7931543784321481,0.9355190655730944
HistGradientBoosting,2D-Min,54,CCCOC(C)=O,n-Propyl acetate,1046,0.8892047276519431,0.19581373674507607,0.26724619464086286
HistGradientBoosting,2D-Min,54,CS(C)=O,DMSO,1076,0.060975363266465576,0.805203051948111,0.9995249684023801
HistGradientBoosting,2D-Min,54,OCCO,Ethylene glycol,1111,0.5544985938866922,0.5158924861687029,0.7017906965876166
XGBoost,2D-Elec,54,C1CCCCC1,Cyclohexane,1142,0.4823610320520265,0.8179811080122279,1.0287629338723288
XGBoost,2D-Elec,54,CN1CCCC1=O,NMP,1049,0.3255184696587796,0.5096113143632925,0.643792283915294
XGBoost,2D-Elec,54,CCCOC(C)=O,n-Propyl acetate,1046,0.9296927930645366,0.15387141107735872,0.21288783133203412
XGBoost,2D-Elec,54,CS(C)=O,DMSO,1076,0.3169886643880997,0.7047669296848112,0.8524503820607027
XGBoost,2D-Elec,54,OCCO,Ethylene glycol,1111,0.725969211703678,0.4144492825924872,0.5504054772882756
RandomForest,2D-Elec,54,C1CCCCC1,Cyclohexane,1142,0.516102512643648,0.7519372946754322,0.9946688342750897
RandomForest,2D-Elec,54,CN1CCCC1=O,NMP,1049,-0.0014792122677187436,0.6087748432207845,0.784479692915693
RandomForest,2D-Elec,54,CCCOC(C)=O,n-Propyl acetate,1046,0.9588364711355913,0.11001131334867846,0.1628947977092484
RandomForest,2D-Elec,54,CS(C)=O,DMSO,1076,-0.208046630532428,0.9112358715605811,1.1336970150354924
RandomForest,2D-Elec,54,OCCO,Ethylene glycol,1111,0.6964196005365835,0.42590297776845204,0.57932187964465
ExtraTrees,2D-Elec,54,C1CCCCC1,Cyclohexane,1142,0.4554429644419282,0.8305131612264601,1.0551726205788459
ExtraTrees,2D-Elec,54,CN1CCCC1=O,NMP,1049,0.34894109530504447,0.5172776357581679,0.6325150710504844
ExtraTrees,2D-Elec,54,CCCOC(C)=O,n-Propyl acetate,1046,0.960653532813054,0.10035962509979189,0.15925892775228195
ExtraTrees,2D-Elec,54,CS(C)=O,DMSO,1076,-0.040993754184734055,0.8501948763829308,1.0523960658297449
ExtraTrees,2D-Elec,54,OCCO,Ethylene glycol,1111,0.6609496583156829,0.4350514420192014,0.6122307803018161
HistGradientBoosting,2D-Elec,54,C1CCCCC1,Cyclohexane,1142,0.5138131486797802,0.8052195722177687,0.997018993176949
HistGradientBoosting,2D-Elec,54,CN1CCCC1=O,NMP,1049,0.35189395749918306,0.49195000430666014,0.631079062415699
HistGradientBoosting,2D-Elec,54,CCCOC(C)=O,n-Propyl acetate,1046,0.920535107910793,0.15468528587104338,0.2263281451589788
HistGradientBoosting,2D-Elec,54,CS(C)=O,DMSO,1076,-0.10956588164342107,0.8779799596839,1.086504929337709
HistGradientBoosting,2D-Elec,54,OCCO,Ethylene glycol,1111,0.6883269132823577,0.4409733787920229,0.5869927241220091
XGBoost,Sigma-Solv,54,C1CCCCC1,Cyclohexane,1142,0.5719656915603238,0.7397882068453895,0.9354942388880982
XGBoost,Sigma-Solv,54,CN1CCCC1=O,NMP,1049,0.6203873022904385,0.37072522543114994,0.48298217369752744
XGBoost,Sigma-Solv,54,CCCOC(C)=O,n-Propyl acetate,1046,0.9036448708823853,0.193797642955106,0.24922312315549056
XGBoost,Sigma-Solv,54,CS(C)=O,DMSO,1076,0.622139955904073,0.49448610188371117,0.6340458136853814
XGBoost,Sigma-Solv,54,OCCO,Ethylene glycol,1111,0.7226593763500366,0.4190614576252691,0.5537194909443275
RandomForest,Sigma-Solv,54,C1CCCCC1,Cyclohexane,1142,0.5201624655868317,0.7671887606801316,0.9904873547763506
RandomForest,Sigma-Solv,54,CN1CCCC1=O,NMP,1049,0.5806348353093952,0.3996043107445807,0.5076412589178066
RandomForest,Sigma-Solv,54,CCCOC(C)=O,n-Propyl acetate,1046,0.9555462138101843,0.11379549953259965,0.1692798608740289
RandomForest,Sigma-Solv,54,CS(C)=O,DMSO,1076,0.49184464733906363,0.5572416479971996,0.7352811058722221
RandomForest,Sigma-Solv,54,OCCO,Ethylene glycol,1111,0.6882319528560414,0.43619530934790357,0.5870821396611701
ExtraTrees,Sigma-Solv,54,C1CCCCC1,Cyclohexane,1142,0.4863296063652258,0.784765233266634,1.024811746091528
ExtraTrees,Sigma-Solv,54,CN1CCCC1=O,NMP,1049,0.6837290177378432,0.34759889042881426,0.44084955837045015
ExtraTrees,Sigma-Solv,54,CCCOC(C)=O,n-Propyl acetate,1046,0.9653070623163134,0.101596577614439,0.14954484717651267
ExtraTrees,Sigma-Solv,54,CS(C)=O,DMSO,1076,0.5289826311522746,0.539693358624294,0.7079027754286908
ExtraTrees,Sigma-Solv,54,OCCO,Ethylene glycol,1111,0.6565767985530144,0.45200206024495293,0.6161662170594311
HistGradientBoosting,Sigma-Solv,54,C1CCCCC1,Cyclohexane,1142,0.5825641609336047,0.7115166655217373,0.9238398536253781
HistGradientBoosting,Sigma-Solv,54,CN1CCCC1=O,NMP,1049,0.7111786480263353,0.33016598053936214,0.42128440678671464
HistGradientBoosting,Sigma-Solv,54,CCCOC(C)=O,n-Propyl acetate,1046,0.9119787713189365,0.17150924307376894,0.23820157488842295
HistGradientBoosting,Sigma-Solv,54,CS(C)=O,DMSO,1076,0.6585382608350931,0.4605112783271439,0.6027346764823456
HistGradientBoosting,Sigma-Solv,54,OCCO,Ethylene glycol,1111,0.7210209018172586,0.41720888601072054,0.5553527159004976
XGBoost,CAT-Solv-47,54,C1CCCCC1,Cyclohexane,1142,0.6816745931954722,0.6304348511987942,0.806747221564166
XGBoost,CAT-Solv-47,54,CN1CCCC1=O,NMP,1049,0.7163742039610852,0.32610420962873776,0.41747800580005195
XGBoost,CAT-Solv-47,54,CCCOC(C)=O,n-Propyl acetate,1046,0.9131329710696133,0.18377122785061997,0.23663468335957732
XGBoost,CAT-Solv-47,54,CS(C)=O,DMSO,1076,0.6701597626489539,0.4558671209131198,0.5923889803313442
XGBoost,CAT-Solv-47,54,OCCO,Ethylene glycol,1111,0.7361108445598589,0.39401761265497054,0.5401244519550493
RandomForest,CAT-Solv-47,54,C1CCCCC1,Cyclohexane,1142,0.49853527583601354,0.7732826336762125,1.0125629231522166
RandomForest,CAT-Solv-47,54,CN1CCCC1=O,NMP,1049,0.30679669267380705,0.5168580823386917,0.6526660905902059
RandomForest,CAT-Solv-47,54,CCCOC(C)=O,n-Propyl acetate,1046,0.9324454583810302,0.15348117057851715,0.20867873289102096
RandomForest,CAT-Solv-47,54,CS(C)=O,DMSO,1076,0.34351891057740214,0.6059847909724817,0.8357305233066017
RandomForest,CAT-Solv-47,54,OCCO,Ethylene glycol,1111,0.6920792488586621,0.43424580990330275,0.5834485244067287
ExtraTrees,CAT-Solv-47,54,C1CCCCC1,Cyclohexane,1142,0.6100109520099318,0.6672820953291194,0.892951831703722
ExtraTrees,CAT-Solv-47,54,CN1CCCC1=O,NMP,1049,0.6399457762366354,0.3653580779228879,0.4703754982353832
ExtraTrees,CAT-Solv-47,54,CCCOC(C)=O,n-Propyl acetate,1046,0.9605083220062252,0.10830737005529498,0.15955253504667952
ExtraTrees,CAT-Solv-47,54,CS(C)=O,DMSO,1076,0.5382683645295574,0.531454158946763,0.7008901708807289
ExtraTrees,CAT-Solv-47,54,OCCO,Ethylene glycol,1111,0.6754845021184067,0.44619297629048527,0.5989640934204279
HistGradientBoosting,CAT-Solv-47,54,C1CCCCC1,Cyclohexane,1142,0.6566277111811861,0.6566380944903919,0.8378850636974007
HistGradientBoosting,CAT-Solv-47,54,CN1CCCC1=O,NMP,1049,0.7399457396478792,0.3060778639849516,0.3997539123902899
HistGradientBoosting,CAT-Solv-47,54,CCCOC(C)=O,n-Propyl acetate,1046,0.92351416892844,0.16233564069196132,0.2220452106659095
HistGradientBoosting,CAT-Solv-47,54,CS(C)=O,DMSO,1076,0.6642348347232736,0.4573519020062149,0.5976858478442766
HistGradientBoosting,CAT-Solv-47,54,OCCO,Ethylene glycol,1111,0.7074994031550759,0.4165462927574314,0.5686518355654206
XGBoost,2D-Min,55,C1CCCCC1,Cyclohexane,1142,0.24249545974429787,1.0140784502916254,1.2444986994701857
XGBoost,2D-Min,55,CN1CCCC1=O,NMP,1049,-0.2190548175276128,0.7359579956292265,0.8655105258902935
XGBoost,2D-Min,55,CCCOC(C)=O,n-Propyl acetate,1046,0.8944012023296233,0.18553040607195273,0.2609037984538174
XGBoost,2D-Min,55,CS(C)=O,DMSO,1076,0.44181549655236196,0.6081460594630377,0.7706266815851062
XGBoost,2D-Min,55,OCCO,Ethylene glycol,1111,0.47737370995922135,0.5743814266317112,0.7601139330923202
RandomForest,2D-Min,55,C1CCCCC1,Cyclohexane,1142,0.3947401559990735,0.8606705008132435,1.112430167467423
RandomForest,2D-Min,55,CN1CCCC1=O,NMP,1049,-0.8333094188016723,0.9064339360979086,1.061398870672809
RandomForest,2D-Min,55,CCCOC(C)=O,n-Propyl acetate,1046,0.9367233588422792,0.12770872475069395,0.20196337716949828
RandomForest,2D-Min,55,CS(C)=O,DMSO,1076,-0.12325321606563144,0.8416313433446309,1.0931858190976018
RandomForest,2D-Min,55,OCCO,Ethylene glycol,1111,0.7129943125652382,0.4143322688423432,0.563285171481425
ExtraTrees,2D-Min,55,C1CCCCC1,Cyclohexane,1142,0.23791018572242717,1.0021808160322299,1.2482595734609663
ExtraTrees,2D-Min,55,CN1CCCC1=O,NMP,1049,-0.05301590575901227,0.6795241055485092,0.804411372695945
ExtraTrees,2D-Min,55,CCCOC(C)=O,n-Propyl acetate,1046,0.9473050076979876,0.11331889587919393,0.18430435096834613
ExtraTrees,2D-Min,55,CS(C)=O,DMSO,1076,0.165283605835008,0.7259912573908517,0.9423768863363611
ExtraTrees,2D-Min,55,OCCO,Ethylene glycol,1111,0.6881912851120845,0.41945154385516753,0.587120428587536
HistGradientBoosting,2D-Min,55,C1CCCCC1,Cyclohexane,1142,0.21901295836590584,1.0084085876164122,1.263641094390963
HistGradientBoosting,2D-Min,55,CN1CCCC1=O,NMP,1049,-0.17845645110617037,0.7198534591155847,0.8509763792672498
HistGradientBoosting,2D-Min,55,CCCOC(C)=O,n-Propyl acetate,1046,0.8920994690727662,0.1911647542063557,0.2637319258141229
HistGradientBoosting,2D-Min,55,CS(C)=O,DMSO,1076,0.03278295027253053,0.8145418599897073,1.0144184179575777
HistGradientBoosting,2D-Min,55,OCCO,Ethylene glycol,1111,0.5044124242601198,0.5636202814993031,0.7401901000258861
XGBoost,2D-Elec,55,C1CCCCC1,Cyclohexane,1142,0.50811578723851,0.7809167508511378,1.0028437424780046
XGBoost,2D-Elec,55,CN1CCCC1=O,NMP,1049,0.34195717258395053,0.5018136378829599,0.6358985229753432
XGBoost,2D-Elec,55,CCCOC(C)=O,n-Propyl acetate,1046,0.9277966641270855,0.1551410319952631,0.21573943981113294
XGBoost,2D-Elec,55,CS(C)=O,DMSO,1076,0.3706423205918441,0.6715714241237812,0.8182837408261969
XGBoost,2D-Elec,55,OCCO,Ethylene glycol,1111,0.723181054265347,0.4263128143279836,0.5531984724368479
RandomForest,2D-Elec,55,C1CCCCC1,Cyclohexane,1142,0.5360966869309625,0.7398709589695891,0.9739026870132369
RandomForest,2D-Elec,55,CN1CCCC1=O,NMP,1049,0.013293011417980671,0.5968737902470647,0.7786725022792067
RandomForest,2D-Elec,55,CCCOC(C)=O,n-Propyl acetate,1046,0.9565893822953041,0.11156945397771602,0.1672818789968121
RandomForest,2D-Elec,55,CS(C)=O,DMSO,1076,-0.19004785382762335,0.9027114573862143,1.1252198027612985
RandomForest,2D-Elec,55,OCCO,Ethylene glycol,1111,0.7144893545033937,0.41665601586530826,0.5618161509203476
ExtraTrees,2D-Elec,55,C1CCCCC1,Cyclohexane,1142,0.45749117119510874,0.8254911266291403,1.0531863752612483
ExtraTrees,2D-Elec,55,CN1CCCC1=O,NMP,1049,0.3855304594283352,0.49688667186170526,0.6144844768673525
ExtraTrees,2D-Elec,55,CCCOC(C)=O,n-Propyl acetate,1046,0.963706876148124,0.09769765038614299,0.1529547930089047
ExtraTrees,2D-Elec,55,CS(C)=O,DMSO,1076,-0.060097889812322336,0.8543049896394737,1.0620088576976092
ExtraTrees,2D-Elec,55,OCCO,Ethylene glycol,1111,0.6546628300565862,0.4361037843772113,0.6178808422414799
HistGradientBoosting,2D-Elec,55,C1CCCCC1,Cyclohexane,1142,0.4899731498177671,0.8130747452188183,1.0211707039700726
HistGradientBoosting,2D-Elec,55,CN1CCCC1=O,NMP,1049,0.3338673988145031,0.5047081165415976,0.6397953522487542
HistGradientBoosting,2D-Elec,55,CCCOC(C)=O,n-Propyl acetate,1046,0.9212800984608897,0.15631165687716198,0.22526472345618373
HistGradientBoosting,2D-Elec,55,CS(C)=O,DMSO,1076,0.010123887327379011,0.8380481115109361,1.0262320551626696
HistGradientBoosting,2D-Elec,55,OCCO,Ethylene glycol,1111,0.6607277039301782,0.4606947902418838,0.6124311415137632
XGBoost,Sigma-Solv,55,C1CCCCC1,Cyclohexane,1142,0.6036696901020523,0.7155462862750238,0.9001823023442397
XGBoost,Sigma-Solv,55,CN1CCCC1=O,NMP,1049,0.6051924250704193,0.37657485485125153,0.4925535739895627
XGBoost,Sigma-Solv,55,CCCOC(C)=O,n-Propyl acetate,1046,0.9179103219215409,0.17588600528189413,0.23003567387836069
XGBoost,Sigma-Solv,55,CS(C)=O,DMSO,1076,0.6179776059282909,0.48213017146068804,0.6375284423855642
XGBoost,Sigma-Solv,55,OCCO,Ethylene glycol,1111,0.7227863872310059,0.41731631173926503,0.553592685766691
RandomForest,Sigma-Solv,55,C1CCCCC1,Cyclohexane,1142,0.5197686590242164,0.7675665950504148,0.9908937219255574
RandomForest,Sigma-Solv,55,CN1CCCC1=O,NMP,1049,0.5604891938930625,0.3989627153836211,0.5196913820635275
RandomForest,Sigma-Solv,55,CCCOC(C)=O,n-Propyl acetate,1046,0.9542337048398691,0.11599014100477562,0.17176069701834693
RandomForest,Sigma-Solv,55,CS(C)=O,DMSO,1076,0.45006698577018034,0.58399829170796,0.7649094920164946
RandomForest,Sigma-Solv,55,OCCO,Ethylene glycol,1111,0.7027685610575588,0.42606179133213823,0.5732320167184293
ExtraTrees,Sigma-Solv,55,C1CCCCC1,Cyclohexane,1142,0.5054847004200904,0.7796677637113801,1.0055222691158472
ExtraTrees,Sigma-Solv,55,CN1CCCC1=O,NMP,1049,0.6738155090471509,0.3518886436615955,0.44770545941705603
ExtraTrees,Sigma-Solv,55,CCCOC(C)=O,n-Propyl acetate,1046,0.9660108776980523,0.09652828482523516,0.14802016713229002
ExtraTrees,Sigma-Solv,55,CS(C)=O,DMSO,1076,0.5414395968533481,0.5319218017991678,0.698479121930088
ExtraTrees,Sigma-Solv,55,OCCO,Ethylene glycol,1111,0.6792859495748392,0.4393857001532314,0.5954455588550217
HistGradientBoosting,Sigma-Solv,55,C1CCCCC1,Cyclohexane,1142,0.6316529593610555,0.6727756365029047,0.8678215281005524
HistGradientBoosting,Sigma-Solv,55,CN1CCCC1=O,NMP,1049,0.695540527175946,0.3321661148151753,0.43253920919709543
HistGradientBoosting,Sigma-Solv,55,CCCOC(C)=O,n-Propyl acetate,1046,0.8981895257502739,0.19494020585820307,0.2561811350248879
HistGradientBoosting,Sigma-Solv,55,CS(C)=O,DMSO,1076,0.6360239283031875,0.4825264945023272,0.6222882069680723
HistGradientBoosting,Sigma-Solv,55,OCCO,Ethylene glycol,1111,0.738019405817808,0.3989539976938416,0.5381676999224778
XGBoost,CAT-Solv-47,55,C1CCCCC1,Cyclohexane,1142,0.6520020061764826,0.6644622344984957,0.8435099252608622
XGBoost,CAT-Solv-47,55,CN1CCCC1=O,NMP,1049,0.7109320626657545,0.3286054597201682,0.42146420721230293
XGBoost,CAT-Solv-47,55,CCCOC(C)=O,n-Propyl acetate,1046,0.9082970841775418,0.19137391101279053,0.24313220439481806
XGBoost,CAT-Solv-47,55,CS(C)=O,DMSO,1076,0.6526757858825212,0.4696427411853305,0.6078867606373797
XGBoost,CAT-Solv-47,55,OCCO,Ethylene glycol,1111,0.7233431530402689,0.4060558617107867,0.5530364786003052
RandomForest,CAT-Solv-47,55,C1CCCCC1,Cyclohexane,1142,0.5204021751171894,0.7596075894763309,0.9902399179859875
RandomForest,CAT-Solv-47,55,CN1CCCC1=O,NMP,1049,0.30392515288267596,0.5199797341863498,0.6540165023329837
RandomForest,CAT-Solv-47,55,CCCOC(C)=O,n-Propyl acetate,1046,0.9382089172921523,0.14565697587325946,0.1995785292038271
RandomForest,CAT-Solv-47,55,CS(C)=O,DMSO,1076,0.36087027900362745,0.5922905519453916,0.8246120196462815
RandomForest,CAT-Solv-47,55,OCCO,Ethylene glycol,1111,0.6900388424857957,0.4381303314886355,0.5853784145713629
ExtraTrees,CAT-Solv-47,55,C1CCCCC1,Cyclohexane,1142,0.6195133398834771,0.6670938716977248,0.8820060101073663
ExtraTrees,CAT-Solv-47,55,CN1CCCC1=O,NMP,1049,0.6366943416681996,0.37106310178947083,0.47249456502229453
ExtraTrees,CAT-Solv-47,55,CCCOC(C)=O,n-Propyl acetate,1046,0.9649597675754022,0.10440043178963582,0.1502914949361791
ExtraTrees,CAT-Solv-47,55,CS(C)=O,DMSO,1076,0.5447057231312407,0.5310838376483203,0.6959871952997776
ExtraTrees,CAT-Solv-47,55,OCCO,Ethylene glycol,1111,0.6882749031693416,0.4333004404340624,0.5870416989704668
HistGradientBoosting,CAT-Solv-47,55,C1CCCCC1,Cyclohexane,1142,0.6637459728150694,0.6426180650876651,0.8291547140421288
HistGradientBoosting,CAT-Solv-47,55,CN1CCCC1=O,NMP,1049,0.7236152981127251,0.3213106798712931,0.4121143496862469
HistGradientBoosting,CAT-Solv-47,55,CCCOC(C)=O,n-Propyl acetate,1046,0.9316825474774103,0.15181271014272613,0.20985375618477656
HistGradientBoosting,CAT-Solv-47,55,CS(C)=O,DMSO,1076,0.6437244192363243,0.47006183862363793,0.6156702697342121
HistGradientBoosting,CAT-Solv-47,55,OCCO,Ethylene glycol,1111,0.7136397405816621,0.4112457130182136,0.5626514477026212
XGBoost,2D-Min,56,C1CCCCC1,Cyclohexane,1142,0.1664481176716257,1.0488578679238385,1.3054737550061
XGBoost,2D-Min,56,CN1CCCC1=O,NMP,1049,-0.3763722110252916,0.7882397603851206,0.9196629363351944
XGBoost,2D-Min,56,CCCOC(C)=O,n-Propyl acetate,1046,0.9065913888111967,0.1791202959516279,0.24538294406070935
XGBoost,2D-Min,56,CS(C)=O,DMSO,1076,0.43534667586651277,0.6171962183061326,0.7750792290019888
XGBoost,2D-Min,56,OCCO,Ethylene glycol,1111,0.5631419678286758,0.5184942259507497,0.6949494725454154
RandomForest,2D-Min,56,C1CCCCC1,Cyclohexane,1142,0.39188054984269494,0.861328364749063,1.1150549604981377
RandomForest,2D-Min,56,CN1CCCC1=O,NMP,1049,-0.9189801203577284,0.931438203863122,1.0859153551396539
RandomForest,2D-Min,56,CCCOC(C)=O,n-Propyl acetate,1046,0.9401645332126579,0.12577774245104303,0.19639492312976048
RandomForest,2D-Min,56,CS(C)=O,DMSO,1076,-0.10365237188360132,0.8327361201859678,1.0836057589511887
RandomForest,2D-Min,56,OCCO,Ethylene glycol,1111,0.709553368647149,0.4170451087299521,0.566651756034494
ExtraTrees,2D-Min,56,C1CCCCC1,Cyclohexane,1142,0.24770861060386384,0.9948632626974233,1.240208982448894
ExtraTrees,2D-Min,56,CN1CCCC1=O,NMP,1049,-0.04577476894456556,0.6765358357819764,0.8016408062198648
ExtraTrees,2D-Min,56,CCCOC(C)=O,n-Propyl acetate,1046,0.9459862408823073,0.11373151826630234,0.1865963382351629
ExtraTrees,2D-Min,56,CS(C)=O,DMSO,1076,0.17302309735427923,0.7188021244452577,0.9379978522219163
ExtraTrees,2D-Min,56,OCCO,Ethylene glycol,1111,0.6885397961133854,0.41811998698371455,0.5867922223405448
HistGradientBoosting,2D-Min,56,C1CCCCC1,Cyclohexane,1142,0.3590468667788316,0.8982464434158299,1.144761366589112
HistGradientBoosting,2D-Min,56,CN1CCCC1=O,NMP,1049,-0.31502661277456,0.7642001112690642,0.8989344149164549
HistGradientBoosting,2D-Min,56,CCCOC(C)=O,n-Propyl acetate,1046,0.9013709961143442,0.18624444611516155,0.2521466710126287
HistGradientBoosting,2D-Min,56,CS(C)=O,DMSO,1076,0.029486131269166438,0.8201728767509627,1.0161458011266842
HistGradientBoosting,2D-Min,56,OCCO,Ethylene glycol,1111,0.5567782116855153,0.512201394394256,0.6999928724448781
XGBoost,2D-Elec,56,C1CCCCC1,Cyclohexane,1142,0.5173945619439742,0.7740716286113855,0.993340019571732
XGBoost,2D-Elec,56,CN1CCCC1=O,NMP,1049,0.43399506340790217,0.46021586065147346,0.5897539330845747
XGBoost,2D-Elec,56,CCCOC(C)=O,n-Propyl acetate,1046,0.9306749478824439,0.15609457112442202,0.21139563601554634
XGBoost,2D-Elec,56,CS(C)=O,DMSO,1076,0.3553270552331491,0.6777052406814337,0.8281802628095708
XGBoost,2D-Elec,56,OCCO,Ethylene glycol,1111,0.7506824918462001,0.39170086827344097,0.5250001842995132
RandomForest,2D-Elec,56,C1CCCCC1,Cyclohexane,1142,0.5233212756534269,0.7540458599522496,0.987221741475059
RandomForest,2D-Elec,56,CN1CCCC1=O,NMP,1049,0.043316645595355974,0.6019708217401367,0.7667342174520724
RandomForest,2D-Elec,56,CCCOC(C)=O,n-Propyl acetate,1046,0.9590826126111497,0.10879685182315488,0.1624070445315503
RandomForest,2D-Elec,56,CS(C)=O,DMSO,1076,-0.15928240868285015,0.9003065088862311,1.1105798177140378
RandomForest,2D-Elec,56,OCCO,Ethylene glycol,1111,0.7125236171008877,0.412737345218678,0.5637468821180425
ExtraTrees,2D-Elec,56,C1CCCCC1,Cyclohexane,1142,0.46338115853705886,0.8149436485872819,1.047453580504709
ExtraTrees,2D-Elec,56,CN1CCCC1=O,NMP,1049,0.3418396107489291,0.5201212831698986,0.6359553232742823
ExtraTrees,2D-Elec,56,CCCOC(C)=O,n-Propyl acetate,1046,0.9625724927816894,0.09687753043806226,0.15532678981631634
ExtraTrees,2D-Elec,56,CS(C)=O,DMSO,1076,-0.015473205465373008,0.8471232933471741,1.0394159772290903
ExtraTrees,2D-Elec,56,OCCO,Ethylene glycol,1111,0.6711974420055054,0.42597698628146086,0.6029074645226178
HistGradientBoosting,2D-Elec,56,C1CCCCC1,Cyclohexane,1142,0.5349865134300207,0.7768995859689926,0.9750673207189534
HistGradientBoosting,2D-Elec,56,CN1CCCC1=O,NMP,1049,0.31899402686354505,0.4923082425674292,0.646898578681486
HistGradientBoosting,2D-Elec,56,CCCOC(C)=O,n-Propyl acetate,1046,0.9231371724265317,0.15609660896684185,0.22259176529284744
HistGradientBoosting,2D-Elec,56,CS(C)=O,DMSO,1076,-0.045157594999837736,0.856672495568209,1.0544986896678334
HistGradientBoosting,2D-Elec,56,OCCO,Ethylene glycol,1111,0.6768384881397712,0.44811033441132575,0.5977132491416991
XGBoost,Sigma-Solv,56,C1CCCCC1,Cyclohexane,1142,0.5690914367154234,0.7344596203512189,0.9386299104636389
XGBoost,Sigma-Solv,56,CN1CCCC1=O,NMP,1049,0.6492506637249522,0.358883630912386,0.4642577532316374
XGBoost,Sigma-Solv,56,CCCOC(C)=O,n-Propyl acetate,1046,0.9162124077419791,0.18096796462934023,0.2324024866315597
XGBoost,Sigma-Solv,56,CS(C)=O,DMSO,1076,0.5644394011197194,0.5349994014400741,0.6807371422212595
XGBoost,Sigma-Solv,56,OCCO,Ethylene glycol,1111,0.7213216428157124,0.41469666021565027,0.555053298548016
RandomForest,Sigma-Solv,56,C1CCCCC1,Cyclohexane,1142,0.5219375035972181,0.766636481817279,0.9886536281997439
RandomForest,Sigma-Solv,56,CN1CCCC1=O,NMP,1049,0.5406784557317705,0.4197819957323996,0.5312747119642836
RandomForest,Sigma-Solv,56,CCCOC(C)=O,n-Propyl acetate,1046,0.954222177947351,0.11363188041622277,0.17178232584407674
RandomForest,Sigma-Solv,56,CS(C)=O,DMSO,1076,0.459792990914647,0.5790746608776957,0.7581152997902874
RandomForest,Sigma-Solv,56,OCCO,Ethylene glycol,1111,0.6985187988878663,0.4292314710199342,0.577315457080125
ExtraTrees,Sigma-Solv,56,C1CCCCC1,Cyclohexane,1142,0.5059200645625622,0.7738827212224165,1.005079547996326
ExtraTrees,Sigma-Solv,56,CN1CCCC1=O,NMP,1049,0.6784017699991569,0.35402752662964876,0.44454687461116166
ExtraTrees,Sigma-Solv,56,CCCOC(C)=O,n-Propyl acetate,1046,0.963920874475037,0.09986731923713654,0.1525031859365646
ExtraTrees,Sigma-Solv,56,CS(C)=O,DMSO,1076,0.5636604869604678,0.5086094308474656,0.6813455523441875
ExtraTrees,Sigma-Solv,56,OCCO,Ethylene glycol,1111,0.668186209816282,0.44143315500740754,0.6056619391925694
HistGradientBoosting,Sigma-Solv,56,C1CCCCC1,Cyclohexane,1142,0.6144513580208006,0.6997958307328317,0.8878537142554479
HistGradientBoosting,Sigma-Solv,56,CN1CCCC1=O,NMP,1049,0.7168641385751158,0.31963018724265146,0.4171172746288509
HistGradientBoosting,Sigma-Solv,56,CCCOC(C)=O,n-Propyl acetate,1046,0.9242714361561091,0.15625757628179712,0.22094326911201967
HistGradientBoosting,Sigma-Solv,56,CS(C)=O,DMSO,1076,0.6149110412116279,0.4899355578278628,0.6400821075554906
HistGradientBoosting,Sigma-Solv,56,OCCO,Ethylene glycol,1111,0.7216126614840226,0.4177122841577957,0.5547634068851359
XGBoost,CAT-Solv-47,56,C1CCCCC1,Cyclohexane,1142,0.6447527110995035,0.6570828089655087,0.8522503987909692
XGBoost,CAT-Solv-47,56,CN1CCCC1=O,NMP,1049,0.7343698652569418,0.3157422345640899,0.4040167843227182
XGBoost,CAT-Solv-47,56,CCCOC(C)=O,n-Propyl acetate,1046,0.8968013020322817,0.19983477496359323,0.25792178408844385
XGBoost,CAT-Solv-47,56,CS(C)=O,DMSO,1076,0.6652482731555807,0.46259419885950764,0.5967831699890052
XGBoost,CAT-Solv-47,56,OCCO,Ethylene glycol,1111,0.7149125439123811,0.41966102066534605,0.5613996291284158
RandomForest,CAT-Solv-47,56,C1CCCCC1,Cyclohexane,1142,0.5316842291828425,0.7554396587144339,0.9785234065663208
RandomForest,CAT-Solv-47,56,CN1CCCC1=O,NMP,1049,0.2893835299595279,0.5228706930949363,0.6608126845648938
RandomForest,CAT-Solv-47,56,CCCOC(C)=O,n-Propyl acetate,1046,0.937242868960855,0.1473224107254807,0.2011325945865304
RandomForest,CAT-Solv-47,56,CS(C)=O,DMSO,1076,0.36340521458307296,0.5965545163090555,0.8229750943942897
RandomForest,CAT-Solv-47,56,OCCO,Ethylene glycol,1111,0.688533946057805,0.4453168287550309,0.5867977330782779
ExtraTrees,CAT-Solv-47,56,C1CCCCC1,Cyclohexane,1142,0.5963850662111807,0.6784884820530951,0.9084173920562696
ExtraTrees,CAT-Solv-47,56,CN1CCCC1=O,NMP,1049,0.639669066771033,0.37256341842837876,0.47055621039841217
ExtraTrees,CAT-Solv-47,56,CCCOC(C)=O,n-Propyl acetate,1046,0.9619849355449204,0.10887169986341962,0.15654124403521147
ExtraTrees,CAT-Solv-47,56,CS(C)=O,DMSO,1076,0.5599985998516821,0.5132757697032688,0.6841986031903784
ExtraTrees,CAT-Solv-47,56,OCCO,Ethylene glycol,1111,0.6820254821823114,0.44193688217977173,0.5928969630108706
HistGradientBoosting,CAT-Solv-47,56,C1CCCCC1,Cyclohexane,1142,0.6592774707036257,0.6522484151216402,0.834645877189453
HistGradientBoosting,CAT-Solv-47,56,CN1CCCC1=O,NMP,1049,0.7502089947603809,0.29955586332490564,0.3917861996342424
HistGradientBoosting,CAT-Solv-47,56,CCCOC(C)=O,n-Propyl acetate,1046,0.9199138258197428,0.1594082941229974,0.2272111756906834
HistGradientBoosting,CAT-Solv-47,56,CS(C)=O,DMSO,1076,0.6813869634566547,0.43714477717557493,0.5822197384301915
HistGradientBoosting,CAT-Solv-47,56,OCCO,Ethylene glycol,1111,0.7210725857149709,0.4018662221775335,0.5553012709667218
XGBoost,2D-Min,57,C1CCCCC1,Cyclohexane,1142,0.29061611893369466,0.9712527663681407,1.204321625864189
XGBoost,2D-Min,57,CN1CCCC1=O,NMP,1049,-0.4817227998232807,0.8244265097882973,0.9542105593105047
XGBoost,2D-Min,57,CCCOC(C)=O,n-Propyl acetate,1046,0.9061868023746198,0.17856765855664047,0.2459137909439849
XGBoost,2D-Min,57,CS(C)=O,DMSO,1076,0.4054789463981141,0.6267071122250136,0.7953142672205047
XGBoost,2D-Min,57,OCCO,Ethylene glycol,1111,0.5504870310404895,0.5260009917369372,0.7049432884836836
RandomForest,2D-Min,57,C1CCCCC1,Cyclohexane,1142,0.39166787685771565,0.8631585291483509,1.1152499232944733
RandomForest,2D-Min,57,CN1CCCC1=O,NMP,1049,-0.8445541721418715,0.915939367242394,1.0646489829978294
RandomForest,2D-Min,57,CCCOC(C)=O,n-Propyl acetate,1046,0.9404088479775357,0.12537636495949428,0.19599356201887103
RandomForest,2D-Min,57,CS(C)=O,DMSO,1076,-0.09462158514515462,0.8297423382172754,1.0791632761873955
RandomForest,2D-Min,57,OCCO,Ethylene glycol,1111,0.7175166977170084,0.41647241793426604,0.5588296722482808
ExtraTrees,2D-Min,57,C1CCCCC1,Cyclohexane,1142,0.24684195558575406,0.9938809741625968,1.240923149840672
ExtraTrees,2D-Min,57,CN1CCCC1=O,NMP,1049,-0.01735609303909169,0.6654790346548111,0.7906735878475596
ExtraTrees,2D-Min,57,CCCOC(C)=O,n-Propyl acetate,1046,0.9429178072213684,0.11840177152366733,0.19182324752091615
ExtraTrees,2D-Min,57,CS(C)=O,DMSO,1076,0.1555399916307909,0.7231728426240532,0.9478610941431592
ExtraTrees,2D-Min,57,OCCO,Ethylene glycol,1111,0.6828782205959086,0.41698523556583844,0.5921014190120653
HistGradientBoosting,2D-Min,57,C1CCCCC1,Cyclohexane,1142,0.354498582636498,0.9044343982067045,1.148815871887284
HistGradientBoosting,2D-Min,57,CN1CCCC1=O,NMP,1049,-0.4420382633716269,0.8066279434037568,0.9413456682452357
HistGradientBoosting,2D-Min,57,CCCOC(C)=O,n-Propyl acetate,1046,0.880822602298523,0.19950770502863466,0.2771710482585454
HistGradientBoosting,2D-Min,57,CS(C)=O,DMSO,1076,0.12276452013611905,0.7784102791979935,0.9660803489412185
HistGradientBoosting,2D-Min,57,OCCO,Ethylene glycol,1111,0.5141717590766188,0.5485372316840968,0.732865783086418
XGBoost,2D-Elec,57,C1CCCCC1,Cyclohexane,1142,0.45650456793807737,0.8209657024073476,1.0541435994271962
XGBoost,2D-Elec,57,CN1CCCC1=O,NMP,1049,0.4993366416662408,0.44404368181753096,0.5546686759409672
XGBoost,2D-Elec,57,CCCOC(C)=O,n-Propyl acetate,1046,0.928993747966401,0.15973026581297428,0.21394355601884682
XGBoost,2D-Elec,57,CS(C)=O,DMSO,1076,0.35378586109980026,0.6817781480363142,0.8291696207712498
XGBoost,2D-Elec,57,OCCO,Ethylene glycol,1111,0.7226867709902581,0.4155487368599413,0.5536921431280584
RandomForest,2D-Elec,57,C1CCCCC1,Cyclohexane,1142,0.5317110219457744,0.744187213344972,0.978495415067551
RandomForest,2D-Elec,57,CN1CCCC1=O,NMP,1049,0.034214633965690466,0.5935614282147117,0.7703729882467187
RandomForest,2D-Elec,57,CCCOC(C)=O,n-Propyl acetate,1046,0.9601185157857504,0.10869706089152467,0.1603380404025677
RandomForest,2D-Elec,57,CS(C)=O,DMSO,1076,-0.18328890508307993,0.9051165939450823,1.1220198757926272
RandomForest,2D-Elec,57,OCCO,Ethylene glycol,1111,0.7166148098997762,0.41691833288164387,0.5597210524238604
ExtraTrees,2D-Elec,57,C1CCCCC1,Cyclohexane,1142,0.4619790016432126,0.8132300126204794,1.0488211583752614
ExtraTrees,2D-Elec,57,CN1CCCC1=O,NMP,1049,0.36782756528824756,0.5164543783485748,0.623273287072166
ExtraTrees,2D-Elec,57,CCCOC(C)=O,n-Propyl acetate,1046,0.9599156396031083,0.10067288080935423,0.16074534101865626
ExtraTrees,2D-Elec,57,CS(C)=O,DMSO,1076,-0.04909378573950218,0.8560923286899242,1.0564825088167207
ExtraTrees,2D-Elec,57,OCCO,Ethylene glycol,1111,0.6778993061581265,0.42573228657871215,0.5967314085350757
HistGradientBoosting,2D-Elec,57,C1CCCCC1,Cyclohexane,1142,0.5114825051483467,0.8009037523736711,0.9994058509549385
HistGradientBoosting,2D-Elec,57,CN1CCCC1=O,NMP,1049,0.3279536316145787,0.4955719434792731,0.6426290525919217
HistGradientBoosting,2D-Elec,57,CCCOC(C)=O,n-Propyl acetate,1046,0.9197613533883616,0.15675061467979795,0.22742736136447983
HistGradientBoosting,2D-Elec,57,CS(C)=O,DMSO,1076,-0.06726485951433947,0.8753682427355535,1.0655927550767714
HistGradientBoosting,2D-Elec,57,OCCO,Ethylene glycol,1111,0.6350436637760699,0.46382717559164705,0.635189808212923
XGBoost,Sigma-Solv,57,C1CCCCC1,Cyclohexane,1142,0.5458488805729991,0.7625188335319548,0.9636116046157585
XGBoost,Sigma-Solv,57,CN1CCCC1=O,NMP,1049,0.6669588347868942,0.34812662163162356,0.4523865611437905
XGBoost,Sigma-Solv,57,CCCOC(C)=O,n-Propyl acetate,1046,0.9164945349054066,0.18004052321717462,0.2320108872338956
XGBoost,Sigma-Solv,57,CS(C)=O,DMSO,1076,0.5719229844903193,0.5216140907836849,0.6748637627743289
XGBoost,Sigma-Solv,57,OCCO,Ethylene glycol,1111,0.7335138307793946,0.40763911690503457,0.5427757098186768
RandomForest,Sigma-Solv,57,C1CCCCC1,Cyclohexane,1142,0.517745288619829,0.7680887433147505,0.9929790060650241
RandomForest,Sigma-Solv,57,CN1CCCC1=O,NMP,1049,0.5506888631013581,0.4082720647270651,0.5254535470571718
RandomForest,Sigma-Solv,57,CCCOC(C)=O,n-Propyl acetate,1046,0.9561356984016489,0.11215432706710908,0.1681537375209433
RandomForest,Sigma-Solv,57,CS(C)=O,DMSO,1076,0.4768320530070642,0.5649159847567925,0.7460633707071597
RandomForest,Sigma-Solv,57,OCCO,Ethylene glycol,1111,0.6914500306754365,0.43418016685832983,0.5840443417806356
ExtraTrees,Sigma-Solv,57,C1CCCCC1,Cyclohexane,1142,0.5134676899062849,0.7690000189548586,0.9973731448740346
ExtraTrees,Sigma-Solv,57,CN1CCCC1=O,NMP,1049,0.6569631258046504,0.36662491619519577,0.4591252095135607
ExtraTrees,Sigma-Solv,57,CCCOC(C)=O,n-Propyl acetate,1046,0.9659284463456399,0.09795553789255154,0.1481995497235072
ExtraTrees,Sigma-Solv,57,CS(C)=O,DMSO,1076,0.5491344009071454,0.5269721454048307,0.6925939666778441
ExtraTrees,Sigma-Solv,57,OCCO,Ethylene glycol,1111,0.6816687321611954,0.43450451304584936,0.5932294687591851
HistGradientBoosting,Sigma-Solv,57,C1CCCCC1,Cyclohexane,1142,0.657159791913945,0.657556341389655,0.837235629605235
HistGradientBoosting,Sigma-Solv,57,CN1CCCC1=O,NMP,1049,0.7462696405582936,0.30583487019280947,0.39486346636615643
HistGradientBoosting,Sigma-Solv,57,CCCOC(C)=O,n-Propyl acetate,1046,0.915115798230096,0.17540653136797735,0.23391838117113617
HistGradientBoosting,Sigma-Solv,57,CS(C)=O,DMSO,1076,0.6363545562424633,0.47038575471307137,0.622005506224111
HistGradientBoosting,Sigma-Solv,57,OCCO,Ethylene glycol,1111,0.7203996081014561,0.4165867782198052,0.5559707644686859
XGBoost,CAT-Solv-47,57,C1CCCCC1,Cyclohexane,1142,0.6486828969858423,0.6471131689791199,0.8475229620397479
XGBoost,CAT-Solv-47,57,CN1CCCC1=O,NMP,1049,0.7082174630708474,0.3299377426997632,0.4234385407826308
XGBoost,CAT-Solv-47,57,CCCOC(C)=O,n-Propyl acetate,1046,0.8981161019894396,0.19565896644025438,0.25627349483578005
XGBoost,CAT-Solv-47,57,CS(C)=O,DMSO,1076,0.6525455339505289,0.47201218519770316,0.6080007334038854
XGBoost,CAT-Solv-47,57,OCCO,Ethylene glycol,1111,0.7188927625241404,0.42185875748025803,0.5574668932455541
RandomForest,CAT-Solv-47,57,C1CCCCC1,Cyclohexane,1142,0.5354568459832768,0.7499755274524867,0.9745740856436282
RandomForest,CAT-Solv-47,57,CN1CCCC1=O,NMP,1049,0.20718490086995134,0.5715333159335795,0.697985969379082
RandomForest,CAT-Solv-47,57,CCCOC(C)=O,n-Propyl acetate,1046,0.9147836308399742,0.1733735128411946,0.2343756169776265
RandomForest,CAT-Solv-47,57,CS(C)=O,DMSO,1076,0.3406333730061478,0.6111615545832118,0.8375652202401164
RandomForest,CAT-Solv-47,57,OCCO,Ethylene glycol,1111,0.6804056152783278,0.4522181443968208,0.594405250708968
ExtraTrees,CAT-Solv-47,57,C1CCCCC1,Cyclohexane,1142,0.6012904298164872,0.6806616939613666,0.9028802580410973
ExtraTrees,CAT-Solv-47,57,CN1CCCC1=O,NMP,1049,0.5848984690198438,0.4038173129450045,0.5050541033801179
ExtraTrees,CAT-Solv-47,57,CCCOC(C)=O,n-Propyl acetate,1046,0.95594729917827,0.1171508551835452,0.16851446467781822
ExtraTrees,CAT-Solv-47,57,CS(C)=O,DMSO,1076,0.5351492255832886,0.5352225772896386,0.7032535503967478
ExtraTrees,CAT-Solv-47,57,OCCO,Ethylene glycol,1111,0.6982578680090143,0.4329301377419365,0.5775652352564484
HistGradientBoosting,CAT-Solv-47,57,C1CCCCC1,Cyclohexane,1142,0.6463980597671557,0.6556276626162681,0.8502744843749322
HistGradientBoosting,CAT-Solv-47,57,CN1CCCC1=O,NMP,1049,0.7252457631243032,0.31529775637061713,0.41089696691984545
HistGradientBoosting,CAT-Solv-47,57,CCCOC(C)=O,n-Propyl acetate,1046,0.9253114331990365,0.16280634356226809,0.21942089297737485
HistGradientBoosting,CAT-Solv-47,57,CS(C)=O,DMSO,1076,0.6916591259378189,0.4315772030781631,0.5727573928960823
HistGradientBoosting,CAT-Solv-47,57,OCCO,Ethylene glycol,1111,0.7290417964145531,0.40770971890395286,0.5473110534724681
XGBoost,2D-Min,58,C1CCCCC1,Cyclohexane,1142,0.31063856524407785,0.9521563125463187,1.1872039117460549
XGBoost,2D-Min,58,CN1CCCC1=O,NMP,1049,-0.4498400673406098,0.8000603418505738,0.9438886963447836
XGBoost,2D-Min,58,CCCOC(C)=O,n-Propyl acetate,1046,0.8939638379463174,0.1859234253346741,0.2614435400111238
XGBoost,2D-Min,58,CS(C)=O,DMSO,1076,0.44943240106780913,0.614990074348483,0.7653506911271444
XGBoost,2D-Min,58,OCCO,Ethylene glycol,1111,0.5975372789757207,0.5050087334812452,0.6670308134839524
RandomForest,2D-Min,58,C1CCCCC1,Cyclohexane,1142,0.3818130407376741,0.8698671611081342,1.124247024086767
RandomForest,2D-Min,58,CN1CCCC1=O,NMP,1049,-0.8527381909055529,0.9112978253318191,1.0670082153989637
RandomForest,2D-Min,58,CCCOC(C)=O,n-Propyl acetate,1046,0.9419496807728871,0.12329411068847151,0.19344309024960324
RandomForest,2D-Min,58,CS(C)=O,DMSO,1076,-0.07314308779866274,0.8259226123073744,1.068523234905198
RandomForest,2D-Min,58,OCCO,Ethylene glycol,1111,0.7185435433143827,0.41077475307579586,0.5578130560215248
ExtraTrees,2D-Min,58,C1CCCCC1,Cyclohexane,1142,0.24614341018769803,0.9985326344099746,1.241498487420184
ExtraTrees,2D-Min,58,CN1CCCC1=O,NMP,1049,-0.038202749951560255,0.6705426240924112,0.7987333603690436
ExtraTrees,2D-Min,58,CCCOC(C)=O,n-Propyl acetate,1046,0.942108370670637,0.11663086304256673,0.19317850538201917
ExtraTrees,2D-Min,58,CS(C)=O,DMSO,1076,0.18941885558652638,0.7121949008191987,0.9286528641287255
ExtraTrees,2D-Min,58,OCCO,Ethylene glycol,1111,0.6970422497270801,0.4093468198718246,0.5787274745909434
HistGradientBoosting,2D-Min,58,C1CCCCC1,Cyclohexane,1142,0.4173209328105715,0.8695421757995863,1.0914818922582374
HistGradientBoosting,2D-Min,58,CN1CCCC1=O,NMP,1049,-0.5109229119168655,0.8421615754322055,0.9635669376104965
HistGradientBoosting,2D-Min,58,CCCOC(C)=O,n-Propyl acetate,1046,0.8846362032540921,0.20640747945968965,0.27270034388716474
HistGradientBoosting,2D-Min,58,CS(C)=O,DMSO,1076,0.1219774279184005,0.7759452957365206,0.9665136555355721
HistGradientBoosting,2D-Min,58,OCCO,Ethylene glycol,1111,0.5478444612330402,0.5378859445180302,0.7070123411879731
XGBoost,2D-Elec,58,C1CCCCC1,Cyclohexane,1142,0.5392950094308243,0.7767033100119223,0.9705396562709265
XGBoost,2D-Elec,58,CN1CCCC1=O,NMP,1049,0.4183279032056867,0.4713751036403047,0.5978604873585526
XGBoost,2D-Elec,58,CCCOC(C)=O,n-Propyl acetate,1046,0.9303481873419808,0.15400278919406196,0.21189325228170944
XGBoost,2D-Elec,58,CS(C)=O,DMSO,1076,0.3142046728077128,0.7211166454340591,0.8541859325125243
XGBoost,2D-Elec,58,OCCO,Ethylene glycol,1111,0.7311147503112281,0.41383164244149234,0.5452134442031347
RandomForest,2D-Elec,58,C1CCCCC1,Cyclohexane,1142,0.5150246222676026,0.7543278041093612,0.9957760394175684
RandomForest,2D-Elec,58,CN1CCCC1=O,NMP,1049,0.08037368913994702,0.5893009182494032,0.7517378723243091
RandomForest,2D-Elec,58,CCCOC(C)=O,n-Propyl acetate,1046,0.9537016758468911,0.11320753582180682,0.17275616351811549
RandomForest,2D-Elec,58,CS(C)=O,DMSO,1076,-0.17162046906741124,0.8948518227549118,1.1164740395853168
RandomForest,2D-Elec,58,OCCO,Ethylene glycol,1111,0.7121449974591785,0.4166343698211469,0.564118000272474
ExtraTrees,2D-Elec,58,C1CCCCC1,Cyclohexane,1142,0.4771707501456107,0.7994476564595736,1.03390768910495
ExtraTrees,2D-Elec,58,CN1CCCC1=O,NMP,1049,0.3780132121187999,0.5029656131500503,0.6182317659049752
ExtraTrees,2D-Elec,58,CCCOC(C)=O,n-Propyl acetate,1046,0.9641421792496898,0.09863151953959728,0.1520347489094599
ExtraTrees,2D-Elec,58,CS(C)=O,DMSO,1076,-0.0193286077153787,0.8386343033370101,1.0413872602876773
ExtraTrees,2D-Elec,58,OCCO,Ethylene glycol,1111,0.6710951386159145,0.43269620725220825,0.6030012513237694
HistGradientBoosting,2D-Elec,58,C1CCCCC1,Cyclohexane,1142,0.45246100157720526,0.8414640148862227,1.058057708481073
HistGradientBoosting,2D-Elec,58,CN1CCCC1=O,NMP,1049,0.36041025374147495,0.4766775491744756,0.6269190729058853
HistGradientBoosting,2D-Elec,58,CCCOC(C)=O,n-Propyl acetate,1046,0.9176827270395209,0.15551254822429578,0.2303543418569753
HistGradientBoosting,2D-Elec,58,CS(C)=O,DMSO,1076,-0.10439542007789715,0.8899804769127666,1.0839704733511382
HistGradientBoosting,2D-Elec,58,OCCO,Ethylene glycol,1111,0.6314249645307823,0.475501777813718,0.6383311307781222
XGBoost,Sigma-Solv,58,C1CCCCC1,Cyclohexane,1142,0.5734057377212953,0.7434459636012535,0.9339192601572043
XGBoost,Sigma-Solv,58,CN1CCCC1=O,NMP,1049,0.634845109810146,0.37250232177790626,0.47369554132148534
XGBoost,Sigma-Solv,58,CCCOC(C)=O,n-Propyl acetate,1046,0.9313494681645879,0.1625597893995121,0.21036470143480795
XGBoost,Sigma-Solv,58,CS(C)=O,DMSO,1076,0.6306448624351988,0.48230592359863556,0.6268696243089764
XGBoost,Sigma-Solv,58,OCCO,Ethylene glycol,1111,0.7253620453795615,0.4131997324946221,0.551014902899736
RandomForest,Sigma-Solv,58,C1CCCCC1,Cyclohexane,1142,0.5355177097340946,0.7569309385225695,0.9745102399311282
RandomForest,Sigma-Solv,58,CN1CCCC1=O,NMP,1049,0.5785448839467487,0.40721709204731965,0.5089046292207411
RandomForest,Sigma-Solv,58,CCCOC(C)=O,n-Propyl acetate,1046,0.9538522353590717,0.11629637878952635,0.17247503818084103
RandomForest,Sigma-Solv,58,CS(C)=O,DMSO,1076,0.47051737639230107,0.5700915525760732,0.7505523862503918
RandomForest,Sigma-Solv,58,OCCO,Ethylene glycol,1111,0.6967278248962482,0.4310795070794601,0.5790277129891507
ExtraTrees,Sigma-Solv,58,C1CCCCC1,Cyclohexane,1142,0.5128790923670477,0.7705651322428396,0.9979762640533957
ExtraTrees,Sigma-Solv,58,CN1CCCC1=O,NMP,1049,0.6713307517567952,0.3580100394070095,0.44940745464390724
ExtraTrees,Sigma-Solv,58,CCCOC(C)=O,n-Propyl acetate,1046,0.9653771373621683,0.09788883046554767,0.14939374064304917
ExtraTrees,Sigma-Solv,58,CS(C)=O,DMSO,1076,0.5351496508827556,0.538792829108366,0.7032532286876694
ExtraTrees,Sigma-Solv,58,OCCO,Ethylene glycol,1111,0.6826356463852732,0.43393890260741463,0.592327832156658
HistGradientBoosting,Sigma-Solv,58,C1CCCCC1,Cyclohexane,1142,0.629620586028637,0.6834770741866615,0.8702123592299285
HistGradientBoosting,Sigma-Solv,58,CN1CCCC1=O,NMP,1049,0.7118989064635655,0.3308307718656686,0.4207587824566101
HistGradientBoosting,Sigma-Solv,58,CCCOC(C)=O,n-Propyl acetate,1046,0.9173324199427141,0.17354808865815582,0.2308439662664479
HistGradientBoosting,Sigma-Solv,58,CS(C)=O,DMSO,1076,0.6520800887804263,0.46750308108257665,0.6084078317766876
HistGradientBoosting,Sigma-Solv,58,OCCO,Ethylene glycol,1111,0.7242745000555584,0.41133942312178556,0.5521048134402199
XGBoost,CAT-Solv-47,58,C1CCCCC1,Cyclohexane,1142,0.6064673701445675,0.696845919902448,0.8969994998746232
XGBoost,CAT-Solv-47,58,CN1CCCC1=O,NMP,1049,0.723412089917444,0.3178221211796026,0.41226582266074646
XGBoost,CAT-Solv-47,58,CCCOC(C)=O,n-Propyl acetate,1046,0.9034090887973275,0.19725869574165414,0.24952786273730643
XGBoost,CAT-Solv-47,58,CS(C)=O,DMSO,1076,0.6819480188636051,0.4424024261495086,0.5817068883160197
XGBoost,CAT-Solv-47,58,OCCO,Ethylene glycol,1111,0.7410781584255239,0.39655151567028685,0.5350167891890913
RandomForest,CAT-Solv-47,58,C1CCCCC1,Cyclohexane,1142,0.5272276056547457,0.7665422040612321,0.9831683329932305
RandomForest,CAT-Solv-47,58,CN1CCCC1=O,NMP,1049,0.3405886000029452,0.5037558280658228,0.6365594383642574
RandomForest,CAT-Solv-47,58,CCCOC(C)=O,n-Propyl acetate,1046,0.9383367582721048,0.143735543272816,0.1993719660227956
RandomForest,CAT-Solv-47,58,CS(C)=O,DMSO,1076,0.38731699284085763,0.585031777694115,0.8073708619148979
RandomForest,CAT-Solv-47,58,OCCO,Ethylene glycol,1111,0.6831699973552381,0.44486731555121484,0.5918289665959194
ExtraTrees,CAT-Solv-47,58,C1CCCCC1,Cyclohexane,1142,0.6200275191725831,0.6564065028523077,0.881409849204202
ExtraTrees,CAT-Solv-47,58,CN1CCCC1=O,NMP,1049,0.620644155339908,0.37693555964348985,0.4828187486638512
ExtraTrees,CAT-Solv-47,58,CCCOC(C)=O,n-Propyl acetate,1046,0.9626889629659834,0.1062106040352993,0.15508492177107128
ExtraTrees,CAT-Solv-47,58,CS(C)=O,DMSO,1076,0.5538539621474887,0.526436217919062,0.6889594702513874
ExtraTrees,CAT-Solv-47,58,OCCO,Ethylene glycol,1111,0.6768824163178317,0.44454641596986644,0.597672623409037
HistGradientBoosting,CAT-Solv-47,58,C1CCCCC1,Cyclohexane,1142,0.693663590555019,0.6235385775604675,0.791409275229158
HistGradientBoosting,CAT-Solv-47,58,CN1CCCC1=O,NMP,1049,0.6948095942901555,0.33413064483157096,0.43305810848256127
HistGradientBoosting,CAT-Solv-47,58,CCCOC(C)=O,n-Propyl acetate,1046,0.9268003484260334,0.15447317481664186,0.21722280736714844
HistGradientBoosting,CAT-Solv-47,58,CS(C)=O,DMSO,1076,0.6817526120693971,0.4406723195554509,0.5818855572617782
HistGradientBoosting,CAT-Solv-47,58,OCCO,Ethylene glycol,1111,0.7128768323035581,0.41299639667200694,0.5634004446655009
XGBoost,2D-Min,59,C1CCCCC1,Cyclohexane,1142,0.24368083233304327,1.0053248680573847,1.2435245982409922
XGBoost,2D-Min,59,CN1CCCC1=O,NMP,1049,-0.4201811973571352,0.7985998454501079,0.9341844105297213
XGBoost,2D-Min,59,CCCOC(C)=O,n-Propyl acetate,1046,0.889096630178009,0.1936189027980337,0.2673765323126695
XGBoost,2D-Min,59,CS(C)=O,DMSO,1076,0.4661565500231686,0.5869864406503039,0.7536368284248495
XGBoost,2D-Min,59,OCCO,Ethylene glycol,1111,0.5557362088930942,0.5308825405395925,0.7008152218344182
RandomForest,2D-Min,59,C1CCCCC1,Cyclohexane,1142,0.37368043258962724,0.8826408225180346,1.1316179221555305
RandomForest,2D-Min,59,CN1CCCC1=O,NMP,1049,-0.8526451741860852,0.9169794923065564,1.0669814304894534
RandomForest,2D-Min,59,CCCOC(C)=O,n-Propyl acetate,1046,0.9429618345279769,0.12268841382748877,0.1917492569326136
RandomForest,2D-Min,59,CS(C)=O,DMSO,1076,-0.08696042651228608,0.8246377952054638,1.0753801614889982
RandomForest,2D-Min,59,OCCO,Ethylene glycol,1111,0.711810619646102,0.4087747018043808,0.564445550245127
ExtraTrees,2D-Min,59,C1CCCCC1,Cyclohexane,1142,0.22549941965074494,1.008207811232005,1.2583825889971674
ExtraTrees,2D-Min,59,CN1CCCC1=O,NMP,1049,-0.06669119658638789,0.6798075940658337,0.8096178819145461
ExtraTrees,2D-Min,59,CCCOC(C)=O,n-Propyl acetate,1046,0.9411378440703186,0.11693389973148892,0.19479104957985963
ExtraTrees,2D-Min,59,CS(C)=O,DMSO,1076,0.1631972731295921,0.7197918755823813,0.9435538637597828
ExtraTrees,2D-Min,59,OCCO,Ethylene glycol,1111,0.6944337030613168,0.4111822282396379,0.5812136330450306
HistGradientBoosting,2D-Min,59,C1CCCCC1,Cyclohexane,1142,0.32158579865455683,0.9340257201248352,1.177739638880145
HistGradientBoosting,2D-Min,59,CN1CCCC1=O,NMP,1049,-0.31217027721899204,0.7618641111847294,0.8979576080180283
HistGradientBoosting,2D-Min,59,CCCOC(C)=O,n-Propyl acetate,1046,0.8889528331340744,0.19704570048780248,0.2675498160470469
HistGradientBoosting,2D-Min,59,CS(C)=O,DMSO,1076,0.12083252896162477,0.7765869231982565,0.9671435937745005
HistGradientBoosting,2D-Min,59,OCCO,Ethylene glycol,1111,0.5067279618007765,0.5608054314557436,0.7384588775842474
XGBoost,2D-Elec,59,C1CCCCC1,Cyclohexane,1142,0.4688865136838207,0.8289101212683699,1.0420666370532357
XGBoost,2D-Elec,59,CN1CCCC1=O,NMP,1049,0.4003324137680637,0.4734044528840337,0.6070382031224564
XGBoost,2D-Elec,59,CCCOC(C)=O,n-Propyl acetate,1046,0.9306934680775736,0.1566533688058709,0.21136739694595325
XGBoost,2D-Elec,59,CS(C)=O,DMSO,1076,0.3779916891017785,0.6769020194752347,0.8134919276307313
XGBoost,2D-Elec,59,OCCO,Ethylene glycol,1111,0.7471106097252471,0.39559134383803507,0.5287475544776657
RandomForest,2D-Elec,59,C1CCCCC1,Cyclohexane,1142,0.5184464392944517,0.7494041675838534,0.9922568968462667
RandomForest,2D-Elec,59,CN1CCCC1=O,NMP,1049,0.035662231601335304,0.5948582498403999,0.7697954229027694
RandomForest,2D-Elec,59,CCCOC(C)=O,n-Propyl acetate,1046,0.9609229880872054,0.1080742943806182,0.1587126667535074
RandomForest,2D-Elec,59,CS(C)=O,DMSO,1076,-0.1658912372854746,0.8987565430444564,1.1137409115471522
RandomForest,2D-Elec,59,OCCO,Ethylene glycol,1111,0.716255109100737,0.408632694208815,0.5600761667164091
ExtraTrees,2D-Elec,59,C1CCCCC1,Cyclohexane,1142,0.43838231521263893,0.8405926843637843,1.0715741154656713
ExtraTrees,2D-Elec,59,CN1CCCC1=O,NMP,1049,0.38898884717478843,0.5012688780617893,0.6127528009474967
ExtraTrees,2D-Elec,59,CCCOC(C)=O,n-Propyl acetate,1046,0.9636893600302805,0.09660716206604582,0.15299169877383878
ExtraTrees,2D-Elec,59,CS(C)=O,DMSO,1076,-0.021117902222778318,0.844491522781056,1.042300867289968
ExtraTrees,2D-Elec,59,OCCO,Ethylene glycol,1111,0.6713501267556549,0.43010346796105464,0.6027674633842355
HistGradientBoosting,2D-Elec,59,C1CCCCC1,Cyclohexane,1142,0.47031585250731855,0.832105059303421,1.0406634814119078
HistGradientBoosting,2D-Elec,59,CN1CCCC1=O,NMP,1049,0.31643106367997387,0.50173639897048,0.6481147355779842
HistGradientBoosting,2D-Elec,59,CCCOC(C)=O,n-Propyl acetate,1046,0.9270882602734405,0.15543484937225313,0.21679519168262978
HistGradientBoosting,2D-Elec,59,CS(C)=O,DMSO,1076,-0.10959824264859686,0.8797201272209789,1.086520773433071
HistGradientBoosting,2D-Elec,59,OCCO,Ethylene glycol,1111,0.7127713241653667,0.4203401788936481,0.5635039505452161
XGBoost,Sigma-Solv,59,C1CCCCC1,Cyclohexane,1142,0.5739154170173771,0.7418154589148587,0.9333611870478399
XGBoost,Sigma-Solv,59,CN1CCCC1=O,NMP,1049,0.5935612580258759,0.38851682002941595,0.49975630919217784
XGBoost,Sigma-Solv,59,CCCOC(C)=O,n-Propyl acetate,1046,0.9137286547745181,0.1796571104392526,0.23582193591524228
XGBoost,Sigma-Solv,59,CS(C)=O,DMSO,1076,0.6189616674982729,0.4826624285728626,0.636706799749143
XGBoost,Sigma-Solv,59,OCCO,Ethylene glycol,1111,0.6979925929436404,0.4366086425870188,0.5778190612552768
RandomForest,Sigma-Solv,59,C1CCCCC1,Cyclohexane,1142,0.5338355619165236,0.7570928347284542,0.9762732660060808
RandomForest,Sigma-Solv,59,CN1CCCC1=O,NMP,1049,0.5705003443703436,0.40726078295342905,0.513738539039158
RandomForest,Sigma-Solv,59,CCCOC(C)=O,n-Propyl acetate,1046,0.9532145722867422,0.11685811713291419,0.173662567423078
RandomForest,Sigma-Solv,59,CS(C)=O,DMSO,1076,0.4738971662621021,0.5691348065252674,0.748153090894342
RandomForest,Sigma-Solv,59,OCCO,Ethylene glycol,1111,0.695724039791138,0.42907340090414925,0.5799851685333507
ExtraTrees,Sigma-Solv,59,C1CCCCC1,Cyclohexane,1142,0.5196641757587497,0.760435227075402,0.9910015097480696
ExtraTrees,Sigma-Solv,59,CN1CCCC1=O,NMP,1049,0.6704379803886692,0.35557373088872984,0.4500174082984367
ExtraTrees,Sigma-Solv,59,CCCOC(C)=O,n-Propyl acetate,1046,0.9679380937479877,0.09650200154812377,0.14376248965713465
ExtraTrees,Sigma-Solv,59,CS(C)=O,DMSO,1076,0.5505058770835556,0.5278903423362995,0.6915397727244089
ExtraTrees,Sigma-Solv,59,OCCO,Ethylene glycol,1111,0.6831286080719456,0.43420965261500105,0.5918676223049979
HistGradientBoosting,Sigma-Solv,59,C1CCCCC1,Cyclohexane,1142,0.6394750057632221,0.6667257032560435,0.858557756781325
HistGradientBoosting,Sigma-Solv,59,CN1CCCC1=O,NMP,1049,0.7037225008608362,0.3237624794375898,0.42668764859320407
HistGradientBoosting,Sigma-Solv,59,CCCOC(C)=O,n-Propyl acetate,1046,0.915567719613816,0.1672063262526634,0.23329486233569766
HistGradientBoosting,Sigma-Solv,59,CS(C)=O,DMSO,1076,0.6573751638605547,0.471845954627408,0.6037603300740879
HistGradientBoosting,Sigma-Solv,59,OCCO,Ethylene glycol,1111,0.7325598737487486,0.4140911602805615,0.5437463458314706
XGBoost,CAT-Solv-47,59,C1CCCCC1,Cyclohexane,1142,0.6229152782139515,0.6818805497020388,0.8780541407389878
XGBoost,CAT-Solv-47,59,CN1CCCC1=O,NMP,1049,0.7209678636320465,0.3170839860848759,0.414083426561658
XGBoost,CAT-Solv-47,59,CCCOC(C)=O,n-Propyl acetate,1046,0.9003656676594225,0.19704511022582136,0.2534284822757115
XGBoost,CAT-Solv-47,59,CS(C)=O,DMSO,1076,0.6612543662062584,0.4644944138864311,0.6003327098577521
XGBoost,CAT-Solv-47,59,OCCO,Ethylene glycol,1111,0.7308708665070874,0.4222708054645799,0.5454606474085876
RandomForest,CAT-Solv-47,59,C1CCCCC1,Cyclohexane,1142,0.5226787634523818,0.7661261334491776,0.9878868523586294
RandomForest,CAT-Solv-47,59,CN1CCCC1=O,NMP,1049,0.2808536492748478,0.5368827155371867,0.6647668845242259
RandomForest,CAT-Solv-47,59,CCCOC(C)=O,n-Propyl acetate,1046,0.917182251102153,0.1672987935634438,0.231053539609392
RandomForest,CAT-Solv-47,59,CS(C)=O,DMSO,1076,0.34815166857099955,0.6084579162846034,0.8327764457229824
RandomForest,CAT-Solv-47,59,OCCO,Ethylene glycol,1111,0.6956411590975801,0.44337644548039357,0.5800641532485041
ExtraTrees,CAT-Solv-47,59,C1CCCCC1,Cyclohexane,1142,0.6212478450338679,0.6580831261558837,0.8799933357897609
ExtraTrees,CAT-Solv-47,59,CN1CCCC1=O,NMP,1049,0.6136635377549637,0.384248199410736,0.4872407305155486
ExtraTrees,CAT-Solv-47,59,CCCOC(C)=O,n-Propyl acetate,1046,0.9566650030609268,0.11833961567504521,0.16713611399430187
ExtraTrees,CAT-Solv-47,59,CS(C)=O,DMSO,1076,0.5198988513582111,0.53733993863862,0.7146962880590263
ExtraTrees,CAT-Solv-47,59,OCCO,Ethylene glycol,1111,0.6871369933150728,0.4375344719399633,0.588112180686361
HistGradientBoosting,CAT-Solv-47,59,C1CCCCC1,Cyclohexane,1142,0.6454924112169718,0.6671683948178015,0.8513626534885419
HistGradientBoosting,CAT-Solv-47,59,CN1CCCC1=O,NMP,1049,0.7261490736790783,0.31183782735149507,0.41022095706800166
HistGradientBoosting,CAT-Solv-47,59,CCCOC(C)=O,n-Propyl acetate,1046,0.932861480085275,0.149646819627183,0.20803518657004988
HistGradientBoosting,CAT-Solv-47,59,CS(C)=O,DMSO,1076,0.6671016078361457,0.4599876763822973,0.5951288483074165
HistGradientBoosting,CAT-Solv-47,59,OCCO,Ethylene glycol,1111,0.7378401308244632,0.4046530655368523,0.5383518042285548
XGBoost,2D-Min,60,C1CCCCC1,Cyclohexane,1142,0.4394818989421444,0.8520596380039768,1.0705245912102332
XGBoost,2D-Min,60,CN1CCCC1=O,NMP,1049,-0.1568469862644044,0.7101464064132936,0.84313806378251
XGBoost,2D-Min,60,CCCOC(C)=O,n-Propyl acetate,1046,0.8945235770525549,0.18573686975103088,0.260752578524316
XGBoost,2D-Min,60,CS(C)=O,DMSO,1076,0.41372491689976176,0.6311634127263782,0.7897795285654751
XGBoost,2D-Min,60,OCCO,Ethylene glycol,1111,0.5487841476296514,0.5281507167877267,0.7062772894624781
RandomForest,2D-Min,60,C1CCCCC1,Cyclohexane,1142,0.3779117508030374,0.8678193128472649,1.127788926262159
RandomForest,2D-Min,60,CN1CCCC1=O,NMP,1049,-0.8862632943271351,0.9196838513589337,1.0766186363424357
RandomForest,2D-Min,60,CCCOC(C)=O,n-Propyl acetate,1046,0.9432581050723866,0.12342104448922128,0.19125061168876173
RandomForest,2D-Min,60,CS(C)=O,DMSO,1076,-0.0800268110984863,0.8188175382035168,1.0719448012550148
RandomForest,2D-Min,60,OCCO,Ethylene glycol,1111,0.7167125893235187,0.4116832466202956,0.5596244808216035
ExtraTrees,2D-Min,60,C1CCCCC1,Cyclohexane,1142,0.1982349948791371,1.029675523308088,1.280340181196166
ExtraTrees,2D-Min,60,CN1CCCC1=O,NMP,1049,-0.021566995151668156,0.6676538628568709,0.7923082224730011
ExtraTrees,2D-Min,60,CCCOC(C)=O,n-Propyl acetate,1046,0.9455952784970084,0.11308646410641639,0.18727043142662814
ExtraTrees,2D-Min,60,CS(C)=O,DMSO,1076,0.16659072412400788,0.7225494050428817,0.941638743009355
ExtraTrees,2D-Min,60,OCCO,Ethylene glycol,1111,0.7035816960438012,0.40142890765798256,0.5724473853318942
HistGradientBoosting,2D-Min,60,C1CCCCC1,Cyclohexane,1142,0.3769135620227345,0.9028763945731623,1.1286933759357967
HistGradientBoosting,2D-Min,60,CN1CCCC1=O,NMP,1049,-0.06017178196922823,0.652411784521653,0.8071399743892119
HistGradientBoosting,2D-Min,60,CCCOC(C)=O,n-Propyl acetate,1046,0.88480703281498,0.19819328189080931,0.2724983631104832
HistGradientBoosting,2D-Min,60,CS(C)=O,DMSO,1076,0.09950464842157902,0.7898018017875802,0.9788043519483427
HistGradientBoosting,2D-Min,60,OCCO,Ethylene glycol,1111,0.5649329119739974,0.5227624660060252,0.6935235013761107
XGBoost,2D-Elec,60,C1CCCCC1,Cyclohexane,1142,0.5046529182377181,0.7926274345876725,1.0063675656158342
XGBoost,2D-Elec,60,CN1CCCC1=O,NMP,1049,0.47438887567866694,0.4465504955301233,0.568320092587141
XGBoost,2D-Elec,60,CCCOC(C)=O,n-Propyl acetate,1046,0.9263739859137186,0.15881784713703234,0.2178545124895783
XGBoost,2D-Elec,60,CS(C)=O,DMSO,1076,0.2924396195146295,0.7207565651114967,0.8676346892450605
XGBoost,2D-Elec,60,OCCO,Ethylene glycol,1111,0.7371147107680587,0.40570840187511903,0.5390961237381872
RandomForest,2D-Elec,60,C1CCCCC1,Cyclohexane,1142,0.523888756627593,0.747542917230632,0.9866339279613553
RandomForest,2D-Elec,60,CN1CCCC1=O,NMP,1049,-0.005719192208679669,0.6074152419417406,0.7861385716171055
RandomForest,2D-Elec,60,CCCOC(C)=O,n-Propyl acetate,1046,0.9597165987566112,0.10970504739553204,0.1611439412294525
RandomForest,2D-Elec,60,CS(C)=O,DMSO,1076,-0.18037852355896855,0.8978868070016793,1.120639183254174
RandomForest,2D-Elec,60,OCCO,Ethylene glycol,1111,0.7043046660656,0.4222057406000497,0.571748853972836
ExtraTrees,2D-Elec,60,C1CCCCC1,Cyclohexane,1142,0.46182977931852953,0.824730631343167,1.0489665957108032
ExtraTrees,2D-Elec,60,CN1CCCC1=O,NMP,1049,0.32809540057234654,0.5258718570129273,0.6425612673463803
ExtraTrees,2D-Elec,60,CCCOC(C)=O,n-Propyl acetate,1046,0.9637594738020769,0.09731641271160266,0.15284391828455784
ExtraTrees,2D-Elec,60,CS(C)=O,DMSO,1076,-0.028796678231873374,0.8442994724585556,1.0462125627411278
ExtraTrees,2D-Elec,60,OCCO,Ethylene glycol,1111,0.6779715260454331,0.42199487491331794,0.5966645066440527
HistGradientBoosting,2D-Elec,60,C1CCCCC1,Cyclohexane,1142,0.5320325524522067,0.7804418187478208,0.978159436468807
HistGradientBoosting,2D-Elec,60,CN1CCCC1=O,NMP,1049,0.32888336780009364,0.4935090409560192,0.6421843792046471
HistGradientBoosting,2D-Elec,60,CCCOC(C)=O,n-Propyl acetate,1046,0.9197969849387364,0.15565411780416646,0.22737685895906343
HistGradientBoosting,2D-Elec,60,CS(C)=O,DMSO,1076,-0.01571044578394165,0.834672721235726,1.0395373871173161
HistGradientBoosting,2D-Elec,60,OCCO,Ethylene glycol,1111,0.6506972285176467,0.46152990897875984,0.6214183633276753
XGBoost,Sigma-Solv,60,C1CCCCC1,Cyclohexane,1142,0.586237642330757,0.7118277326098716,0.9197659247913877
XGBoost,Sigma-Solv,60,CN1CCCC1=O,NMP,1049,0.5956932965164543,0.38755526103632365,0.49844381044939473
XGBoost,Sigma-Solv,60,CCCOC(C)=O,n-Propyl acetate,1046,0.9084016092948852,0.1817197262053813,0.24299360101564035
XGBoost,Sigma-Solv,60,CS(C)=O,DMSO,1076,0.6112575797828386,0.5039580434078225,0.643111271121974
XGBoost,Sigma-Solv,60,OCCO,Ethylene glycol,1111,0.7187851749110111,0.42886929842775107,0.5575735621371212
RandomForest,Sigma-Solv,60,C1CCCCC1,Cyclohexane,1142,0.5294036022391668,0.7593680692885271,0.980903143311055
RandomForest,Sigma-Solv,60,CN1CCCC1=O,NMP,1049,0.5806540332498806,0.4056970309462928,0.5076296392375905
RandomForest,Sigma-Solv,60,CCCOC(C)=O,n-Propyl acetate,1046,0.9547060509512391,0.11381257375068297,0.17087204175573092
RandomForest,Sigma-Solv,60,CS(C)=O,DMSO,1076,0.4874043303401331,0.5633921130217325,0.7384866019337142
RandomForest,Sigma-Solv,60,OCCO,Ethylene glycol,1111,0.6922060092045152,0.4357674038872366,0.5833284192343143
ExtraTrees,Sigma-Solv,60,C1CCCCC1,Cyclohexane,1142,0.526282484637323,0.7548883024059159,0.984150570039634
ExtraTrees,Sigma-Solv,60,CN1CCCC1=O,NMP,1049,0.6957321852398471,0.3483959673730581,0.4324030454621982
ExtraTrees,Sigma-Solv,60,CCCOC(C)=O,n-Propyl acetate,1046,0.9649876609032365,0.09940438741051265,0.15023166421797512
ExtraTrees,Sigma-Solv,60,CS(C)=O,DMSO,1076,0.5495500629537975,0.5322108377063595,0.6922746349206456
ExtraTrees,Sigma-Solv,60,OCCO,Ethylene glycol,1111,0.6920827182890972,0.4336608045753772,0.5834452374574693
HistGradientBoosting,Sigma-Solv,60,C1CCCCC1,Cyclohexane,1142,0.6017495042396339,0.6993403435758117,0.902360319915508
HistGradientBoosting,Sigma-Solv,60,CN1CCCC1=O,NMP,1049,0.6943254497484022,0.3354849438399007,0.4334014673019269
HistGradientBoosting,Sigma-Solv,60,CCCOC(C)=O,n-Propyl acetate,1046,0.9045169504446178,0.17971310885602257,0.24809274013162624
HistGradientBoosting,Sigma-Solv,60,CS(C)=O,DMSO,1076,0.6132104211684276,0.4896266701689134,0.6414939077268589
HistGradientBoosting,Sigma-Solv,60,OCCO,Ethylene glycol,1111,0.752295730790157,0.40598046415809097,0.5232988892842113
XGBoost,CAT-Solv-47,60,C1CCCCC1,Cyclohexane,1142,0.6444037070897293,0.6555355620019253,0.8526689323009962
XGBoost,CAT-Solv-47,60,CN1CCCC1=O,NMP,1049,0.726887944271345,0.3219195534105117,0.4096671796375294
XGBoost,CAT-Solv-47,60,CCCOC(C)=O,n-Propyl acetate,1046,0.90254907487592,0.19565696814491196,0.2506362582968714
XGBoost,CAT-Solv-47,60,CS(C)=O,DMSO,1076,0.646837066692554,0.47789337495931006,0.6129749285031938
XGBoost,CAT-Solv-47,60,OCCO,Ethylene glycol,1111,0.7137193568433535,0.42075189667793444,0.5625732257470354
RandomForest,CAT-Solv-47,60,C1CCCCC1,Cyclohexane,1142,0.5472314814905022,0.7362558352604525,0.9621436947374118
RandomForest,CAT-Solv-47,60,CN1CCCC1=O,NMP,1049,0.32873195986864345,0.5094669586068749,0.642256815440317
RandomForest,CAT-Solv-47,60,CCCOC(C)=O,n-Propyl acetate,1046,0.9312401268107044,0.15270367203967564,0.21053216124284496
RandomForest,CAT-Solv-47,60,CS(C)=O,DMSO,1076,0.3521470422877002,0.5988377904212323,0.8302203547733763
RandomForest,CAT-Solv-47,60,OCCO,Ethylene glycol,1111,0.6764182282421725,0.4519892522059228,0.5981017751344926
ExtraTrees,CAT-Solv-47,60,C1CCCCC1,Cyclohexane,1142,0.6191464374924857,0.6563342442107959,0.8824311657979128
ExtraTrees,CAT-Solv-47,60,CN1CCCC1=O,NMP,1049,0.6595412251763537,0.3566649604740043,0.4573966740794551
ExtraTrees,CAT-Solv-47,60,CCCOC(C)=O,n-Propyl acetate,1046,0.9617772008026153,0.10819083445597348,0.15696837405624642
ExtraTrees,CAT-Solv-47,60,CS(C)=O,DMSO,1076,0.5435498312452411,0.5368899178634771,0.696870114366216
ExtraTrees,CAT-Solv-47,60,OCCO,Ethylene glycol,1111,0.6900530078494329,0.4303293902731854,0.5853650383907558
HistGradientBoosting,CAT-Solv-47,60,C1CCCCC1,Cyclohexane,1142,0.6343407178836782,0.6686731233957789,0.8646495666236116
HistGradientBoosting,CAT-Solv-47,60,CN1CCCC1=O,NMP,1049,0.7397552021992471,0.3140852015335899,0.39990033211011816
HistGradientBoosting,CAT-Solv-47,60,CCCOC(C)=O,n-Propyl acetate,1046,0.9372742526285742,0.13846064198115204,0.20108229697276137
HistGradientBoosting,CAT-Solv-47,60,CS(C)=O,DMSO,1076,0.6862437223225712,0.4469324452559454,0.5777651815761807
HistGradientBoosting,CAT-Solv-47,60,OCCO,Ethylene glycol,1111,0.716580733170442,0.41533036230009823,0.5597547043049689
XGBoost,2D-Min,61,C1CCCCC1,Cyclohexane,1142,0.22699780026502214,1.0182746999559693,1.257164740381777
XGBoost,2D-Min,61,CN1CCCC1=O,NMP,1049,-0.29907031873724477,0.752098430659749,0.8934640166191411
XGBoost,2D-Min,61,CCCOC(C)=O,n-Propyl acetate,1046,0.8843831066172343,0.19825475853547825,0.272999318642806
XGBoost,2D-Min,61,CS(C)=O,DMSO,1076,0.4096460789908235,0.6279929237404803,0.7925220970474197
XGBoost,2D-Min,61,OCCO,Ethylene glycol,1111,0.5970814714983833,0.4946271996230376,0.6674084280816488
RandomForest,2D-Min,61,C1CCCCC1,Cyclohexane,1142,0.37398930262927677,0.8799284550050108,1.13133885856469
RandomForest,2D-Min,61,CN1CCCC1=O,NMP,1049,-0.8262300012401083,0.9086294367220922,1.0593475655920614
RandomForest,2D-Min,61,CCCOC(C)=O,n-Propyl acetate,1046,0.9422087071654618,0.12330968450245568,0.19301102642089946
RandomForest,2D-Min,61,CS(C)=O,DMSO,1076,-0.09486048443689188,0.831803303417166,1.0792810325338178
RandomForest,2D-Min,61,OCCO,Ethylene glycol,1111,0.7154916099489117,0.4102372888071874,0.5608291853971092
ExtraTrees,2D-Min,61,C1CCCCC1,Cyclohexane,1142,0.28109541195340615,0.9679231089058165,1.2123763463717734
ExtraTrees,2D-Min,61,CN1CCCC1=O,NMP,1049,-0.036892328159665366,0.6694947059305888,0.7982291197042571
ExtraTrees,2D-Min,61,CCCOC(C)=O,n-Propyl acetate,1046,0.9461227882221638,0.11378652088222885,0.1863603302498167
ExtraTrees,2D-Min,61,CS(C)=O,DMSO,1076,0.1647401365239659,0.7197845495302122,0.9426836190089216
ExtraTrees,2D-Min,61,OCCO,Ethylene glycol,1111,0.6778072930516539,0.42303504471289616,0.5968166352839926
HistGradientBoosting,2D-Min,61,C1CCCCC1,Cyclohexane,1142,0.31803669517175315,0.9528367522639658,1.1808162750396873
HistGradientBoosting,2D-Min,61,CN1CCCC1=O,NMP,1049,-0.33855689114890897,0.7729442728128177,0.9069412464886204
HistGradientBoosting,2D-Min,61,CCCOC(C)=O,n-Propyl acetate,1046,0.8836089215763794,0.20608358534286192,0.2739118122773922
HistGradientBoosting,2D-Min,61,CS(C)=O,DMSO,1076,0.058500701702516866,0.7962609280226828,1.0008411524732201
HistGradientBoosting,2D-Min,61,OCCO,Ethylene glycol,1111,0.5319392466348974,0.5533903975039661,0.7193399505222579
XGBoost,2D-Elec,61,C1CCCCC1,Cyclohexane,1142,0.5312841966293811,0.7659636936614885,0.9789412418019985
XGBoost,2D-Elec,61,CN1CCCC1=O,NMP,1049,0.43248173339029994,0.4586869183351039,0.5905418207011364
XGBoost,2D-Elec,61,CCCOC(C)=O,n-Propyl acetate,1046,0.9255919397683186,0.16018868839709666,0.21900846773637422
XGBoost,2D-Elec,61,CS(C)=O,DMSO,1076,0.35474736764475756,0.6857649172175939,0.8285525274972957
XGBoost,2D-Elec,61,OCCO,Ethylene glycol,1111,0.7306121840454103,0.41799751737500435,0.5457227283127686
RandomForest,2D-Elec,61,C1CCCCC1,Cyclohexane,1142,0.5008879107211871,0.7559495856268548,1.010184897996487
RandomForest,2D-Elec,61,CN1CCCC1=O,NMP,1049,0.05757207515125817,0.5789250099825581,0.7610002674836436
RandomForest,2D-Elec,61,CCCOC(C)=O,n-Propyl acetate,1046,0.9587825666680769,0.10798375759166783,0.16300141981879168
RandomForest,2D-Elec,61,CS(C)=O,DMSO,1076,-0.11961503624145808,0.878313035517437,1.0914139869451058
RandomForest,2D-Elec,61,OCCO,Ethylene glycol,1111,0.7054955653947048,0.42423866842385893,0.5705963463052085
ExtraTrees,2D-Elec,61,C1CCCCC1,Cyclohexane,1142,0.4552365864357011,0.8248449342730021,1.0553725480236156
ExtraTrees,2D-Elec,61,CN1CCCC1=O,NMP,1049,0.34574798042119703,0.5190774072306767,0.6340642572558755
ExtraTrees,2D-Elec,61,CCCOC(C)=O,n-Propyl acetate,1046,0.9652777656057681,0.09472714007041051,0.14960797598392506
ExtraTrees,2D-Elec,61,CS(C)=O,DMSO,1076,-0.023056604036571837,0.8450475154191721,1.0432898580583436
ExtraTrees,2D-Elec,61,OCCO,Ethylene glycol,1111,0.6770821414926598,0.42275944693299944,0.5974878784010339
HistGradientBoosting,2D-Elec,61,C1CCCCC1,Cyclohexane,1142,0.4850246992061763,0.8144493221271228,1.0261126152698132
HistGradientBoosting,2D-Elec,61,CN1CCCC1=O,NMP,1049,0.4020024629621527,0.47103254835690883,0.6061923257513354
HistGradientBoosting,2D-Elec,61,CCCOC(C)=O,n-Propyl acetate,1046,0.9180993341839175,0.1583767452513741,0.22977069159893618
HistGradientBoosting,2D-Elec,61,CS(C)=O,DMSO,1076,0.014420975838170591,0.8416813517137556,1.024002177039668
HistGradientBoosting,2D-Elec,61,OCCO,Ethylene glycol,1111,0.6489623104489841,0.4678243253297454,0.6229596831495098
XGBoost,Sigma-Solv,61,C1CCCCC1,Cyclohexane,1142,0.5524157767329838,0.7527314642479693,0.956619461459344
XGBoost,Sigma-Solv,61,CN1CCCC1=O,NMP,1049,0.6751324352081916,0.34648831220229387,0.44680076996153506
XGBoost,Sigma-Solv,61,CCCOC(C)=O,n-Propyl acetate,1046,0.9047746067314917,0.19600884525473936,0.2477577810167269
XGBoost,Sigma-Solv,61,CS(C)=O,DMSO,1076,0.6238025649643681,0.4902345606068553,0.6326493542106891
XGBoost,Sigma-Solv,61,OCCO,Ethylene glycol,1111,0.7297326298083491,0.4224642111431431,0.546612897712483
RandomForest,Sigma-Solv,61,C1CCCCC1,Cyclohexane,1142,0.5341184789036233,0.7517574288204978,0.9759769690467686
RandomForest,Sigma-Solv,61,CN1CCCC1=O,NMP,1049,0.575618415915761,0.3974900609360377,0.5106684193594164
RandomForest,Sigma-Solv,61,CCCOC(C)=O,n-Propyl acetate,1046,0.9564164746731956,0.11524305774665893,0.1676146958139803
RandomForest,Sigma-Solv,61,CS(C)=O,DMSO,1076,0.45528086423171277,0.577002636151083,0.7612748283983203
RandomForest,Sigma-Solv,61,OCCO,Ethylene glycol,1111,0.6905005113057685,0.43203637821230106,0.5849423088512459
ExtraTrees,Sigma-Solv,61,C1CCCCC1,Cyclohexane,1142,0.539859414257049,0.7434391744121746,0.9699449751309982
ExtraTrees,Sigma-Solv,61,CN1CCCC1=O,NMP,1049,0.6932227327937655,0.3489525915117392,0.43418250860827257
ExtraTrees,Sigma-Solv,61,CCCOC(C)=O,n-Propyl acetate,1046,0.9653510730353527,0.10066017927453054,0.14944996237676403
ExtraTrees,Sigma-Solv,61,CS(C)=O,DMSO,1076,0.575652524534968,0.5092584718451864,0.6719175201352425
ExtraTrees,Sigma-Solv,61,OCCO,Ethylene glycol,1111,0.6798214858211771,0.44244194127293973,0.5949482062914708
HistGradientBoosting,Sigma-Solv,61,C1CCCCC1,Cyclohexane,1142,0.580654027332739,0.7279202687712852,0.925951128310438
HistGradientBoosting,Sigma-Solv,61,CN1CCCC1=O,NMP,1049,0.6918326994533711,0.3402881854081262,0.43516505541441025
HistGradientBoosting,Sigma-Solv,61,CCCOC(C)=O,n-Propyl acetate,1046,0.9184339142947364,0.16727697294837887,0.22930088236395027
HistGradientBoosting,Sigma-Solv,61,CS(C)=O,DMSO,1076,0.6638004812879579,0.45882718329631456,0.5980723128859285
HistGradientBoosting,Sigma-Solv,61,OCCO,Ethylene glycol,1111,0.7131726562658014,0.42334122910691985,0.5631101331855525
XGBoost,CAT-Solv-47,61,C1CCCCC1,Cyclohexane,1142,0.6461454829796651,0.6629790617434359,0.8505781044014039
XGBoost,CAT-Solv-47,61,CN1CCCC1=O,NMP,1049,0.7181114516441836,0.3207711558492249,0.41619748635037984
XGBoost,CAT-Solv-47,61,CCCOC(C)=O,n-Propyl acetate,1046,0.9188603551930616,0.17675945419977676,0.22870068550906436
XGBoost,CAT-Solv-47,61,CS(C)=O,DMSO,1076,0.6501494203612628,0.47066937038297985,0.6100935771057605
XGBoost,CAT-Solv-47,61,OCCO,Ethylene glycol,1111,0.717521255840039,0.40827294173596285,0.5588251636195334
RandomForest,CAT-Solv-47,61,C1CCCCC1,Cyclohexane,1142,0.5109569558300189,0.7692602483439006,0.999943289104106
RandomForest,CAT-Solv-47,61,CN1CCCC1=O,NMP,1049,0.3080159154746729,0.5182570381546826,0.6520918755131159
RandomForest,CAT-Solv-47,61,CCCOC(C)=O,n-Propyl acetate,1046,0.9411884206861632,0.1449459997876612,0.19470734563532222
RandomForest,CAT-Solv-47,61,CS(C)=O,DMSO,1076,0.3381929132649034,0.6044915707721796,0.8391137944670883
RandomForest,CAT-Solv-47,61,OCCO,Ethylene glycol,1111,0.6752610039309875,0.44870765955036124,0.5991703152325575
ExtraTrees,CAT-Solv-47,61,C1CCCCC1,Cyclohexane,1142,0.6024244524902229,0.6696334482676416,0.9015953431042186
ExtraTrees,CAT-Solv-47,61,CN1CCCC1=O,NMP,1049,0.623606768092575,0.3778550485435963,0.4809297456617842
ExtraTrees,CAT-Solv-47,61,CCCOC(C)=O,n-Propyl acetate,1046,0.9669977605381467,0.10033553434097112,0.14585543634373474
ExtraTrees,CAT-Solv-47,61,CS(C)=O,DMSO,1076,0.5354220832929673,0.5411361678072977,0.7030471225165548
ExtraTrees,CAT-Solv-47,61,OCCO,Ethylene glycol,1111,0.6837378111993075,0.43036077776451376,0.5912983991353368
HistGradientBoosting,CAT-Solv-47,61,C1CCCCC1,Cyclohexane,1142,0.6557922210157794,0.658272784104684,0.8389038113293312
HistGradientBoosting,CAT-Solv-47,61,CN1CCCC1=O,NMP,1049,0.7134279539517387,0.3206631837232009,0.4196407442439698
HistGradientBoosting,CAT-Solv-47,61,CCCOC(C)=O,n-Propyl acetate,1046,0.9316143098401739,0.14368439904232447,0.20995853431938688
HistGradientBoosting,CAT-Solv-47,61,CS(C)=O,DMSO,1076,0.6438338801648018,0.4706136800888127,0.615575684222172
HistGradientBoosting,CAT-Solv-47,61,OCCO,Ethylene glycol,1111,0.7445918860287218,0.3776028171682702,0.5313741363442058
