delta_abs_error,Solvent_Name
-0.292261004447937,Cyclohexane
-0.3211907148361206,Cyclohexane
-0.318827748298645,Cyclohexane
-0.3378565311431885,Cyclohexane
-0.1847211122512816,Cyclohexane
-0.1336888074874878,Cyclohexane
-0.0716258287429809,Cyclohexane
-0.0513290166854858,Cyclohexane
-0.0127558112144471,Cyclohexane
0.2989783287048341,NMP
0.2439920902252197,NMP
0.1798183917999267,NMP
0.1798183917999267,NMP
0.1798183917999267,NMP
0.0553827881813049,n-Propyl acetate
0.1223189234733582,n-Propyl acetate
0.0869677662849427,n-Propyl acetate
0.1117002367973328,n-Propyl acetate
0.1311201453208924,n-Propyl acetate
0.0920504331588746,n-Propyl acetate
0.1297795176506043,n-Propyl acetate
0.1158530116081237,n-Propyl acetate
0.1632528007030487,n-Propyl acetate
0.1962162256240845,n-Propyl acetate
0.0059517845511437,NMP
-0.0931186731904745,NMP
-0.1105091553181409,NMP
-0.0716712456196547,NMP
-0.1216665245592594,NMP
-0.0356853380799294,NMP
-0.0453741848468781,NMP
0.0785733759403229,NMP
0.0505776554346085,NMP
-0.0005454719066619,NMP
-0.2466696500778198,Cyclohexane
-0.2571500539779664,Cyclohexane
-0.1954665184020995,Cyclohexane
-0.2593261003494262,Cyclohexane
-0.3512648344039917,Cyclohexane
-0.3281896710395813,Cyclohexane
-0.3392718434333802,Cyclohexane
-0.317386269569397,Cyclohexane
-0.4720577464023057,Cyclohexane
0.0519952947954633,Cyclohexane
0.5028376579284668,Cyclohexane
0.3228921890258789,Cyclohexane
-0.040433645248413,NMP
-0.0617613792419433,NMP
0.0052278041839599,NMP
-0.0833307504653931,NMP
-0.0425658226013183,NMP
-0.0981168746948243,NMP
-0.1412792103581752,NMP
-0.0978445842037696,NMP
0.2124228775501251,DMSO
-0.0400125086307525,DMSO
-0.0964647233486175,DMSO
-0.0924731791019439,DMSO
-0.1055514216423034,DMSO
-0.6989960074424746,Ethylene glycol
-0.7015869617462158,Ethylene glycol
-0.7491612434387207,Ethylene glycol
-0.5595226287841797,Ethylene glycol
-0.4690420627593992,Ethylene glycol
-0.4835928566753865,DMSO
-0.3405883423984051,DMSO
-0.3363088145852089,DMSO
-0.3176868110895157,DMSO
-0.4779417514801025,DMSO
-0.4850677847862243,DMSO
-0.4050508141517639,DMSO
-0.2549003679305315,DMSO
-0.2039091289043426,DMSO
-0.1562589854001999,DMSO
0.042759895324707,Cyclohexane
0.1552850008010864,Cyclohexane
0.1812115907669069,Cyclohexane
0.1597998142242431,Cyclohexane
0.1361527442932129,Cyclohexane
0.1564035415649416,Cyclohexane
0.2141585350036621,Cyclohexane
0.1210603713989258,Cyclohexane
0.055351972579956,Cyclohexane
-0.0051572322845458,Cyclohexane
0.0394243001937866,Ethylene glycol
0.0420171022415161,Ethylene glycol
0.0068467855453491,Ethylene glycol
-0.0422279238700866,Ethylene glycol
0.0277630686759948,Ethylene glycol
0.0743573904037475,Ethylene glycol
0.149574875831604,Ethylene glycol
0.1060836315155029,Ethylene glycol
0.1214329302310943,Ethylene glycol
0.0360644161701201,Ethylene glycol
-0.2293211296200752,NMP
-0.2549766451120376,NMP
-0.2658604383468628,NMP
-0.2276962399482728,NMP
-0.2579369843006134,NMP
-0.2004493474960326,NMP
-0.108813852071762,NMP
-0.1296720504760742,NMP
-0.1691464185714722,NMP
-0.463960237801075,DMSO
-0.3945633172988891,DMSO
-0.2631564438343048,DMSO
-0.1626393795013427,DMSO
-0.1415278911590576,DMSO
-0.1607705950736999,DMSO
0.1612816452980041,Ethylene glycol
0.1656997948301713,Ethylene glycol
0.1024351793631655,Ethylene glycol
-0.0225678524368685,Ethylene glycol
-0.0206923146249577,Ethylene glycol
-0.0471601395233023,Ethylene glycol
-0.0742775946855545,Ethylene glycol
-0.0556037127971649,Ethylene glycol
-0.1115881386213005,Ethylene glycol
0.1126407980918884,DMSO
0.0362681429833173,DMSO
0.0013921111822128,DMSO
0.0482183843851088,DMSO
-0.0455734282732009,DMSO
-0.0414810925722121,DMSO
-0.0718917846679687,DMSO
-0.0743956863880158,DMSO
-0.7078025341033936,Cyclohexane
-0.4385108851410662,Cyclohexane
-0.2650742309087449,Cyclohexane
-0.1514511014067859,Cyclohexane
-0.1536479316053807,Cyclohexane
-0.0779133196862646,Cyclohexane
-0.1647667116410591,Cyclohexane
-0.1992862590216094,Cyclohexane
-0.3188054561614991,Cyclohexane
0.4185528755187988,DMSO
0.3698302507400512,DMSO
0.1965755224227904,DMSO
0.2935880422592163,DMSO
0.2272249460220335,DMSO
0.1003929376602172,DMSO
-0.0140832662582397,DMSO
-0.1908645629882813,Ethylene glycol
-0.1577295064926147,Ethylene glycol
-0.1546210050582886,Ethylene glycol
-0.2131733894348144,Ethylene glycol
-0.19939124584198,Ethylene glycol
-0.1826189756393433,Ethylene glycol
-0.1595014333724975,Ethylene glycol
-0.0060200691223143,Ethylene glycol
0.0539077520370483,Ethylene glycol
0.4384206533432007,NMP
0.4384206533432007,NMP
0.4654340147972107,NMP
0.4654340147972107,NMP
0.3520192503929138,NMP
0.3520192503929139,NMP
0.3188631534576416,NMP
0.3188631534576417,NMP
0.3041921854019165,NMP
0.3041921854019165,NMP
0.0616774559020996,n-Propyl acetate
0.0740627646446228,n-Propyl acetate
0.076332688331604,n-Propyl acetate
0.1644112765789032,n-Propyl acetate
0.1589507460594177,n-Propyl acetate
0.1572810560464859,n-Propyl acetate
0.0740068256855011,n-Propyl acetate
-0.0088765919208527,n-Propyl acetate
0.0871625319123268,n-Propyl acetate
0.0881737302988767,n-Propyl acetate
0.2453318238258361,DMSO
0.2120370455086231,DMSO
0.2935700714588165,DMSO
0.2857566028833389,DMSO
0.2214997783303261,DMSO
-0.6419663727283478,Ethylene glycol
-0.7164482474327087,Ethylene glycol
-0.6899562776088715,Ethylene glycol
-0.5568171590566635,Ethylene glycol
-0.542535457178019,Ethylene glycol
0.1571397781372069,n-Propyl acetate
0.1056827306747437,n-Propyl acetate
0.044721484184265,n-Propyl acetate
0.0777797698974608,n-Propyl acetate
0.1106287837028504,n-Propyl acetate
0.1565386652946472,n-Propyl acetate
0.1911202073097229,n-Propyl acetate
0.1964030861854553,n-Propyl acetate
0.1447541117668152,n-Propyl acetate
0.3608999252319336,n-Propyl acetate
0.3821619749069214,n-Propyl acetate
0.2828963994979859,n-Propyl acetate
0.3468511104583741,n-Propyl acetate
0.4513864517211914,n-Propyl acetate
0.4456213712692261,n-Propyl acetate
0.3977702856063843,n-Propyl acetate
0.4702956676483154,n-Propyl acetate
0.4777615666389465,n-Propyl acetate
0.0512077808380126,n-Propyl acetate
0.2344350814819336,n-Propyl acetate
0.2070369720458985,n-Propyl acetate
0.274316668510437,n-Propyl acetate
0.2412072420120239,n-Propyl acetate
0.2000850439071655,n-Propyl acetate
0.1726192831993103,n-Propyl acetate
0.0866940021514892,n-Propyl acetate
0.1630675196647644,n-Propyl acetate
-0.9460568428039552,Cyclohexane
-0.900223970413208,Cyclohexane
-0.7359752655029297,Cyclohexane
-0.7357420921325684,Cyclohexane
-0.6912879943847656,Cyclohexane
-0.6860370635986328,Cyclohexane
-0.7144293785095215,Cyclohexane
-0.9039676189422609,Cyclohexane
0.2489185333251952,n-Propyl acetate
0.3267529010772705,n-Propyl acetate
0.3291233777999878,n-Propyl acetate
0.3212836980819703,n-Propyl acetate
0.2993377447128296,n-Propyl acetate
0.2365953922271729,n-Propyl acetate
0.2568804025650025,n-Propyl acetate
0.2531270980834961,n-Propyl acetate
0.0997272729873658,n-Propyl acetate
0.0968984365463256,n-Propyl acetate
-0.4168073559344304,NMP
-0.3633128165498283,NMP
-0.3267502383807782,NMP
-0.273084865300521,NMP
-0.228641464394725,NMP
-0.1753933218212244,NMP
-0.2751107744065457,NMP
-0.2141224314110837,NMP
-0.2973256707191467,NMP
-0.2973256707191468,NMP
-0.3082854747772217,NMP
-0.3082854747772217,NMP
-0.3685063871975405,NMP
-0.2757399780391097,NMP
-0.3156553445292789,NMP
-0.2215230851503035,NMP
-0.318110004067421,NMP
-0.2291580365781561,NMP
-0.6856454610824585,DMSO
-0.6308557093143463,DMSO
-0.563156932592392,DMSO
-0.5985512584447862,DMSO
-0.5409249365329742,DMSO
-0.4760236293077469,DMSO
-0.417408287525177,DMSO
-0.0873503684997558,Cyclohexane
-0.1698441505432129,Cyclohexane
-0.0983366966247558,Cyclohexane
-0.130234956741333,Cyclohexane
-0.0436103343963623,Cyclohexane
0.0407544374465937,Cyclohexane
0.0180926322937007,Cyclohexane
-0.0396817922592163,Cyclohexane
0.0213088989257812,Cyclohexane
-0.3033803701400757,NMP
-0.2823536768555641,NMP
-0.2315358016639948,NMP
-0.1402902416884899,NMP
-0.1455499669536948,NMP
-0.2407646179199218,NMP
-0.2076438702642918,NMP
-0.1889525875449181,NMP
-0.2226629401557148,NMP
-0.2557705380022526,NMP
-0.2856396436691284,Ethylene glycol
-0.3251194953918457,Ethylene glycol
-0.3282902240753175,Ethylene glycol
-0.4098499417304992,Ethylene glycol
-0.4205474257469178,Ethylene glycol
-0.3820819854736329,Ethylene glycol
-0.2707698941230774,Ethylene glycol
-0.3288406133651734,Ethylene glycol
-0.2307182550430297,Ethylene glycol
-0.1784442663192749,Ethylene glycol
0.1939963102340698,Cyclohexane
0.170119047164917,Cyclohexane
0.2625045776367188,Cyclohexane
0.355963945388794,Cyclohexane
0.4244897365570069,Cyclohexane
0.4270226955413818,Cyclohexane
0.4523666363124127,Cyclohexane
0.4358466267585754,Cyclohexane
0.3752009868621825,Cyclohexane
-0.1428043468051384,NMP
-0.1263856125855277,NMP
-0.1722737981351865,NMP
-0.1674577745067856,NMP
-0.1733500063419342,NMP
-0.2273562848567963,NMP
-0.2604106068611145,NMP
-0.3215294480323792,NMP
-0.2964349389076233,NMP
-0.3066423535346985,NMP
-0.3692471981048584,Ethylene glycol
-0.4115356206893921,Ethylene glycol
-0.3653992712497711,Ethylene glycol
-0.4222001135349274,Ethylene glycol
-0.4928495585918427,Ethylene glycol
-0.4881260842084885,Ethylene glycol
-0.4384930133819581,Ethylene glycol
-0.371979514013687,Ethylene glycol
-0.2850478142499924,Ethylene glycol
-0.303628214634955,Ethylene glycol
0.3887464123014816,Cyclohexane
0.3426648378372193,Cyclohexane
0.1836867332458496,Cyclohexane
0.1607518196105957,Cyclohexane
0.2008570432662964,Cyclohexane
0.1609432697296143,Cyclohexane
0.1048829555511475,Cyclohexane
0.1938191652297973,Cyclohexane
-0.1143040657043457,Cyclohexane
-0.0473244190216065,Cyclohexane
-0.0554230213165283,Cyclohexane
-0.0512264966964721,Cyclohexane
-0.0700169801712036,Cyclohexane
-0.1152555942535401,Cyclohexane
-0.0871099233627319,Cyclohexane
-0.1534944772720337,Cyclohexane
-0.1561812162399292,Cyclohexane
-0.1846565008163452,Cyclohexane
-0.168367862701416,Cyclohexane
-0.180648922920227,Cyclohexane
-0.2824418544769287,Cyclohexane
-0.331002414226532,Cyclohexane
-0.2106512784957886,Cyclohexane
-0.1004090905189514,Cyclohexane
-0.2859923839569092,Cyclohexane
-0.2673593759536743,Cyclohexane
-0.3370932489633561,Cyclohexane
-0.2850669622421264,Cyclohexane
-0.2609473839402199,Cyclohexane
-0.3444351702928543,Cyclohexane
0.2123943565922585,n-Propyl acetate
0.1457050845183634,n-Propyl acetate
0.1484511757530052,n-Propyl acetate
0.1371143279556058,n-Propyl acetate
0.0598001181978534,n-Propyl acetate
0.1216508130826188,n-Propyl acetate
0.106539082739431,n-Propyl acetate
0.1639483979425535,n-Propyl acetate
0.1713565610895924,n-Propyl acetate
0.1205478808490197,n-Propyl acetate
-0.143910825252533,n-Propyl acetate
-0.1732254624366761,n-Propyl acetate
-0.2057514786720277,n-Propyl acetate
-0.1744916737079621,n-Propyl acetate
-0.1657633632421494,n-Propyl acetate
-0.1164955943822861,n-Propyl acetate
-0.1281784288585186,n-Propyl acetate
-0.1641577929258347,n-Propyl acetate
-0.1170335449278354,n-Propyl acetate
0.0946146249771118,NMP
0.0685361623764038,NMP
0.0835247635841369,NMP
-0.1040908098220825,NMP
0.1040908098220825,NMP
0.0026339292526245,NMP
-0.0026339292526245,NMP
0.0699607729911804,NMP
-0.0699607729911804,NMP
-0.0208035707473754,NMP
0.0208035707473754,NMP
0.0565491914749145,NMP
-0.0565491914749145,NMP
-0.0258840322494506,NMP
-0.1702532768249512,NMP
-0.1453539729118348,NMP
-0.1453539729118348,NMP
-0.1409493088722229,NMP
-0.1409493088722229,NMP
-0.0992160737514495,NMP
-0.0992160737514495,NMP
-0.0047337710857391,NMP
-0.004733771085739,NMP
0.0919280499219893,NMP
0.0919280499219893,NMP
0.0822119414806366,NMP
0.0822119414806366,NMP
0.0367580056190489,NMP
0.036758005619049,NMP
0.0759305581450463,NMP
0.0759305581450463,NMP
0.0500037781894207,NMP
0.0534211057238281,NMP
0.0795992016792297,DMSO
0.0527310669422149,DMSO
0.0361388623714447,DMSO
0.0590451657772064,DMSO
0.1001784950494766,DMSO
0.1834707409143448,DMSO
0.1973796486854553,DMSO
0.1601584181189537,DMSO
0.145916037261486,DMSO
0.1055591478943825,DMSO
0.1055591478943825,DMSO
0.0350280441343784,DMSO
0.349123775959015,DMSO
0.2965622544288635,DMSO
0.2335318326950073,DMSO
0.1976283788681031,DMSO
0.1690257787704468,DMSO
0.095991133757151,DMSO
0.0147092419794225,DMSO
-0.0093939146270683,DMSO
-0.0194009476567744,DMSO
-0.0373119115829467,DMSO
-0.0616249442100525,DMSO
-0.0598524212837219,DMSO
-0.4158653020858765,Cyclohexane
-0.4795509576797486,Cyclohexane
-0.4286223649978638,Cyclohexane
-0.3221159230147875,Cyclohexane
-0.3042061924934388,Cyclohexane
-0.2362660765647888,Cyclohexane
-0.268697738647461,Cyclohexane
-0.1854541897773742,Cyclohexane
-0.1396787762641907,Cyclohexane
0.2549991607666015,DMSO
0.2253940105438232,DMSO
0.2414474487304687,DMSO
0.1813211441040039,DMSO
0.1756489276885985,DMSO
0.0280086994171143,DMSO
-0.0312528610229492,DMSO
-0.0607407093048096,DMSO
-0.0038061141967773,DMSO
0.5500428359955553,Cyclohexane
0.5138772651553156,Cyclohexane
0.5515970662236214,Cyclohexane
0.568187266588211,Cyclohexane
0.3909056931734085,Cyclohexane
0.2605684101581573,Cyclohexane
0.116401970386505,Cyclohexane
-0.0245605111122133,Cyclohexane
0.1127236485481262,Cyclohexane
0.0777813792228698,Cyclohexane
0.0006576609369448,Cyclohexane
-0.010808797197591,Cyclohexane
-0.0038017630577086,Cyclohexane
-0.070908099412918,Cyclohexane
-0.0549069344997406,Cyclohexane
-0.1326389256864787,Cyclohexane
-0.1360153947025538,Cyclohexane
-0.1333082150667905,Cyclohexane
0.041160449385643,n-Propyl acetate
-0.0389522891491651,n-Propyl acetate
-0.0225252360105513,n-Propyl acetate
-0.0920568592846394,n-Propyl acetate
-0.1226069703698157,n-Propyl acetate
-0.1551041643374097,n-Propyl acetate
-0.1475905343246742,n-Propyl acetate
-0.0651582716703144,n-Propyl acetate
-0.1058560012222139,n-Propyl acetate
-0.3000484445553964,Cyclohexane
-0.3010705153632336,Cyclohexane
-0.2774228653512303,Cyclohexane
-0.29694102677625,Cyclohexane
-0.3772487044334411,Cyclohexane
-0.3637243509292603,Cyclohexane
-0.1832332611083985,Cyclohexane
-0.1262451410293579,Cyclohexane
-0.3097184896469115,Cyclohexane
-0.2604615390300751,Cyclohexane
-0.2735445648431778,Cyclohexane
0.1859297156333924,Ethylene glycol
0.0962638854980468,Ethylene glycol
-0.0011361837387084,Ethylene glycol
0.0455893278121948,Ethylene glycol
0.0284612178802489,Ethylene glycol
0.0672166645526886,Ethylene glycol
0.0223565101623534,Ethylene glycol
-0.0510281920433045,Ethylene glycol
0.0274321734905242,Ethylene glycol
0.0280857533216476,Ethylene glycol
0.136711594357621,Ethylene glycol
-0.1614277958869934,Cyclohexane
-0.0608606934547424,Cyclohexane
-0.2077952325344084,Cyclohexane
-0.2446602284908293,Cyclohexane
-0.1801516413688659,Cyclohexane
-0.186381310224533,Cyclohexane
-0.1822392642498016,Cyclohexane
-0.2471262761391697,Cyclohexane
0.0841250419616699,Cyclohexane
0.065909743309021,Cyclohexane
0.0056921984662312,Cyclohexane
-0.0393098592758179,Cyclohexane
-0.0020389556884765,Cyclohexane
0.0382428169250488,Cyclohexane
0.0448894382729054,Cyclohexane
0.0938545450578622,Cyclohexane
-0.0194990914980215,Cyclohexane
-0.0886991892109866,Cyclohexane
-0.1706642359495163,Cyclohexane
-0.1571600474417209,Cyclohexane
-0.3947304487228396,Cyclohexane
-0.3475196063518524,Cyclohexane
-0.3909394443035126,Cyclohexane
-0.3809361159801484,Cyclohexane
-0.312463089823723,Cyclohexane
-0.203910544514656,Cyclohexane
-0.16282320022583,Cyclohexane
-0.2034444566816091,Cyclohexane
0.0115987472236157,NMP
0.0789855569601059,NMP
0.0682646483182907,NMP
0.0139780044555664,NMP
-0.0992295593023299,NMP
-0.1186743080615997,NMP
-0.1227334141731263,NMP
-0.0461192727088929,NMP
-0.034860908985138,NMP
0.0443530959575603,n-Propyl acetate
0.008081292630325,n-Propyl acetate
0.0671143686605988,n-Propyl acetate
0.0748189029827092,n-Propyl acetate
-0.0280841142179312,n-Propyl acetate
0.084549445031671,n-Propyl acetate
-0.0459931707956764,n-Propyl acetate
-0.1380100636383646,n-Propyl acetate
-0.1033086627721786,n-Propyl acetate
-0.0921115875244141,n-Propyl acetate
-0.1942119391016765,Ethylene glycol
-0.0873852821638787,Ethylene glycol
0.0689352576369613,Ethylene glycol
-0.1109507104853398,Ethylene glycol
-0.1788548001534703,Ethylene glycol
-0.0331946006502697,Ethylene glycol
0.2004055340031028,Ethylene glycol
0.1402601865030875,Ethylene glycol
-0.2078105211257934,Cyclohexane
-0.2182103395462037,Cyclohexane
-0.1851498484611511,Cyclohexane
-0.1122745871543884,Cyclohexane
-0.0486416816711426,Cyclohexane
-0.0036151111125945,Cyclohexane
0.0410065948955934,Cyclohexane
0.0022473782300948,Cyclohexane
-0.0279802829027176,Cyclohexane
-0.0346233826130628,Cyclohexane
0.0508719086647034,n-Propyl acetate
0.0309398770332337,n-Propyl acetate
0.0242294669151306,n-Propyl acetate
0.007793664932251,n-Propyl acetate
-0.0199750661849976,n-Propyl acetate
-0.0011292099952697,n-Propyl acetate
-0.0565396547317504,n-Propyl acetate
0.0156288409196272,n-Propyl acetate
-0.0632690489292145,n-Propyl acetate
-0.0448229676053654,n-Propyl acetate
-0.174788236618042,Ethylene glycol
-0.2172765731811523,Ethylene glycol
-0.1449511051177978,Ethylene glycol
-0.0878215432167053,Ethylene glycol
-0.1295649409294128,Ethylene glycol
-0.1715696454048156,Ethylene glycol
-0.179292619228363,Ethylene glycol
-0.2116861939430236,Ethylene glycol
-0.1526670157909393,Ethylene glycol
-0.1458640992641449,Ethylene glycol
0.3241865038871765,NMP
0.2693121433258056,NMP
0.3191154003143311,NMP
0.4597950875759125,NMP
0.4593238085508347,NMP
0.0046561956405638,DMSO
-0.1049739122390747,DMSO
-0.141608789884699,DMSO
-0.1733425823180365,DMSO
0.0379720709985182,DMSO
0.0667583942413329,Ethylene glycol
-0.0290315747261047,Ethylene glycol
-0.1137258112430572,Ethylene glycol
-0.078359454870224,Ethylene glycol
0.0915808677673339,Ethylene glycol
0.172992467880249,Ethylene glycol
0.1788669303059578,Ethylene glycol
0.2898392304778099,Ethylene glycol
0.2260247170925141,Ethylene glycol
0.1225191619576835,Ethylene glycol
0.3754386901855469,n-Propyl acetate
0.3917404413223266,n-Propyl acetate
0.2816518545150757,n-Propyl acetate
0.1280049085617066,n-Propyl acetate
0.1348345279693604,n-Propyl acetate
0.157436728477478,n-Propyl acetate
0.1196155548095703,n-Propyl acetate
0.089020848274231,n-Propyl acetate
0.1764439344406128,n-Propyl acetate
0.2473503351211547,DMSO
0.2533906698226928,DMSO
0.2299885749816894,DMSO
0.2031754255294799,DMSO
0.121611475944519,DMSO
0.0819376707077026,DMSO
0.0432640314102172,DMSO
-0.681005597114563,DMSO
-0.59244629368186,DMSO
-0.6130898967385292,DMSO
-0.6027042865753174,DMSO
-0.4890722632408142,DMSO
-0.364423394203186,DMSO
-0.268172025680542,DMSO
-0.2258731722831726,Ethylene glycol
-0.2501094937324523,Ethylene glycol
-0.2910410761833191,Ethylene glycol
-0.2851535081863403,Ethylene glycol
-0.430927276611328,Ethylene glycol
-0.4207681119441986,Ethylene glycol
-0.3918784558773041,Ethylene glycol
-0.4228842556476593,Ethylene glycol
-0.3230115696787834,Ethylene glycol
-0.1984084313735366,Ethylene glycol
-0.84171986579895,Cyclohexane
-0.8134377002716063,Cyclohexane
-0.5679318904876707,Cyclohexane
-0.6267426013946533,Cyclohexane
-0.5823616981506348,Cyclohexane
-0.7211709022521973,Cyclohexane
-0.9853672981262208,Cyclohexane
-1.0463271141052246,Cyclohexane
-0.056441992521286,NMP
-0.0530495941638947,NMP
-0.0830484032630919,NMP
-0.0184887051582335,NMP
0.0334505438804626,NMP
-0.0291323289275169,NMP
-0.1251710578799248,NMP
-0.0627019740641117,NMP
-0.0704694800078869,NMP
-0.0978376790881157,NMP
-0.6746901012957096,DMSO
-0.772224731743336,DMSO
-0.6868778988718987,DMSO
-0.5765871778130534,DMSO
-0.6536118090152743,DMSO
-0.6092763245105746,DMSO
-0.612223446369171,DMSO
-0.4852233827114105,DMSO
-0.4795993715524674,DMSO
-0.4084262549877165,DMSO
-0.0243387818336487,n-Propyl acetate
-0.0445231795310974,n-Propyl acetate
0.0494131743907927,n-Propyl acetate
0.0242781043052673,n-Propyl acetate
0.0432918965816497,n-Propyl acetate
0.043321043252945,n-Propyl acetate
0.1520181596279145,n-Propyl acetate
0.1604788899421692,n-Propyl acetate
0.1177183616476354,n-Propyl acetate
0.2022819519042969,n-Propyl acetate
0.122570605029578,n-Propyl acetate
-0.3682298660278319,Cyclohexane
-0.1886582374572751,Cyclohexane
-0.2707633972167969,Cyclohexane
-0.2348515987396241,Cyclohexane
-0.2796785831451416,Cyclohexane
-0.3415834903717041,Cyclohexane
-0.3236587047576904,Cyclohexane
-0.4634978771209717,n-Propyl acetate
-0.4392228126525879,n-Propyl acetate
-0.4661548137664796,n-Propyl acetate
-0.3765029907226562,n-Propyl acetate
-0.4064533710479736,n-Propyl acetate
-0.2414383888244629,n-Propyl acetate
-0.2972925901412964,n-Propyl acetate
-0.2050644159317017,n-Propyl acetate
-0.2156997919082641,n-Propyl acetate
-0.0347985637473536,n-Propyl acetate
0.0509071052074431,n-Propyl acetate
0.0777284801006318,n-Propyl acetate
-0.0022468864917755,n-Propyl acetate
-0.0688850730657578,n-Propyl acetate
-0.1275441609323024,n-Propyl acetate
-0.1238377764821052,n-Propyl acetate
0.0332207679748535,n-Propyl acetate
0.0417416095733643,n-Propyl acetate
0.0479750037193298,n-Propyl acetate
0.1567376852035523,n-Propyl acetate
0.1229983568191528,n-Propyl acetate
0.1652042865753174,n-Propyl acetate
0.1369684934616089,n-Propyl acetate
0.1907366216182708,n-Propyl acetate
0.2073373794555664,n-Propyl acetate
0.1659198999404908,NMP
0.1644223928451538,NMP
0.1995828151702881,NMP
0.1511062383651733,NMP
0.125097145872481,NMP
0.0526275489738812,NMP
0.120855969735556,NMP
0.0540457519232892,NMP
-0.0592841460710065,NMP
-0.0546404868539233,NMP
-0.0350913288520357,NMP
0.3160768747329712,Ethylene glycol
0.2527934312820434,Ethylene glycol
0.2937294731098481,Ethylene glycol
0.2568625687420939,Ethylene glycol
0.2470876389325612,Ethylene glycol
0.2357220649719238,Ethylene glycol
0.1096405386924743,Ethylene glycol
0.0593706965446473,Ethylene glycol
0.0569695830345153,Ethylene glycol
0.0507525205612182,Ethylene glycol
0.0086346268653869,Ethylene glycol
0.0775825977325438,n-Propyl acetate
0.0871995687484741,n-Propyl acetate
0.1082392930984497,n-Propyl acetate
0.0470832586288452,n-Propyl acetate
0.128126859664917,n-Propyl acetate
0.0831160545349121,n-Propyl acetate
0.0552027225494384,n-Propyl acetate
0.1058883666992187,n-Propyl acetate
0.0756798982620239,n-Propyl acetate
0.0818369388580322,n-Propyl acetate
-0.6153028011322021,Cyclohexane
-0.6599403023719788,Cyclohexane
-0.4138102645611301,Cyclohexane
-0.1086999429696491,Cyclohexane
-0.170982847304531,Cyclohexane
-0.1134241932627053,Cyclohexane
0.2899094524223001,Cyclohexane
0.2720474004745484,Cyclohexane
0.1930598616600037,Cyclohexane
0.0144691467285156,Cyclohexane
0.0171093940734863,Cyclohexane
0.1521813869476318,Cyclohexane
0.1354815959930421,Cyclohexane
0.0815849304199218,Cyclohexane
-0.0310463905334472,Cyclohexane
-0.1644942760467529,Cyclohexane
-0.1223379150032998,n-Propyl acetate
-0.0951258535496891,n-Propyl acetate
-0.2213083393871784,n-Propyl acetate
-0.1312211900949478,n-Propyl acetate
-0.174950748682022,n-Propyl acetate
-0.1392322480678558,n-Propyl acetate
-0.1200153529644013,n-Propyl acetate
-0.0123057961463928,n-Propyl acetate
-0.0866560590220615,DMSO
-0.0433680498972535,DMSO
-0.0185828357934952,DMSO
-0.0447325780987739,DMSO
-0.1288947910070418,DMSO
-0.0585060715675354,Cyclohexane
-0.0611405968666075,Cyclohexane
-0.0921495556831359,Cyclohexane
-0.1760509312152862,Cyclohexane
-0.0614510178565979,Cyclohexane
-0.1083220764994621,Cyclohexane
-0.185640128212981,Cyclohexane
0.1590199470520019,Ethylene glycol
0.1129260063171386,Ethylene glycol
0.1811573505401613,Ethylene glycol
0.3949899673461917,Ethylene glycol
0.4212756156921386,Ethylene glycol
0.5084376335144043,Ethylene glycol
0.4884240627288818,Ethylene glycol
0.5814037322998047,Ethylene glycol
0.5445404052734375,Ethylene glycol
0.5731945037841799,Ethylene glycol
-0.5569784641265869,Cyclohexane
-0.5273043513298035,Cyclohexane
-0.5587903261184695,Cyclohexane
-0.4402927160263061,Cyclohexane
-0.4849473237991331,Cyclohexane
-0.4774405360221863,Cyclohexane
-0.4875186681747436,Cyclohexane
-0.3548662066459653,Cyclohexane
-0.3486500382423401,Cyclohexane
-0.3633444905281067,Cyclohexane
-0.2826700806617737,Cyclohexane
-0.326700747013092,Cyclohexane
-0.3218557834625242,Cyclohexane
0.0729690194129944,n-Propyl acetate
0.0724785327911377,n-Propyl acetate
0.1079198718070983,n-Propyl acetate
0.0421605110168456,n-Propyl acetate
0.079802930355072,n-Propyl acetate
0.0706946053077673,n-Propyl acetate
-0.0676736624973942,n-Propyl acetate
-0.0578441321849823,n-Propyl acetate
-0.0350407063961029,n-Propyl acetate
0.2325770035386085,NMP
0.2616344094276428,NMP
0.2517167031764984,NMP
0.2021966129541396,NMP
0.2499923519790172,DMSO
-0.0967361785761202,DMSO
-0.2281783223152161,DMSO
-0.1967804431915283,DMSO
0.1417591571807861,NMP
0.1857507228851318,NMP
0.1727765798568726,NMP
0.2428126335144043,NMP
0.1955628395080566,NMP
0.3381270170211792,NMP
0.3330109119415283,NMP
0.2047865390777588,NMP
0.1582475900650024,NMP
-0.3537181615829468,DMSO
-0.1844809055328369,DMSO
-0.2461929321289062,DMSO
-0.2382940053939819,DMSO
-0.1091101765632629,DMSO
-0.0259940028190613,DMSO
-0.1260232925415039,Ethylene glycol
-0.1490025520324707,Ethylene glycol
-0.2226599454879761,Ethylene glycol
-0.2459465265274049,Ethylene glycol
-0.2639282941818237,Ethylene glycol
-0.2469290494918823,Ethylene glycol
-0.2882930040359497,Ethylene glycol
-0.2502756118774415,Ethylene glycol
-0.2156497240066529,Ethylene glycol
-0.1962658166885376,Ethylene glycol
-0.6881279945373535,Cyclohexane
-0.6850273609161377,Cyclohexane
-0.6899881362915039,Cyclohexane
-0.6131289005279542,Cyclohexane
-0.4987867881275498,Cyclohexane
-0.3566713333129883,Cyclohexane
-0.2988912582415253,Cyclohexane
-0.337650643547657,Cyclohexane
-0.2898974461248863,Cyclohexane
-0.0311571126236913,n-Propyl acetate
-0.0591337846450897,n-Propyl acetate
-0.0544565380172978,n-Propyl acetate
-0.0172894373153653,n-Propyl acetate
-0.0505280293051935,n-Propyl acetate
-0.0171114582057694,n-Propyl acetate
0.0018111133031617,n-Propyl acetate
0.0156766176223754,n-Propyl acetate
0.0069759488105773,n-Propyl acetate
-0.0314223468303681,n-Propyl acetate
-0.1368815898895264,NMP
0.540064811706543,DMSO
0.5236151218414307,DMSO
0.3238409757614136,DMSO
-0.3527212142944336,DMSO
0.3527212142944336,DMSO
0.4493495225906372,DMSO
0.4859915971755982,DMSO
0.3539708852767944,DMSO
0.211156964302063,DMSO
0.1694045066833495,DMSO
0.0244950056076049,DMSO
0.0985229015350342,DMSO
0.0946366786956787,DMSO
0.1122034788131713,DMSO
0.1168529987335205,DMSO
0.0901618003845214,DMSO
0.1778446435928345,DMSO
0.0877133607864379,Cyclohexane
0.0125603675842285,Cyclohexane
-0.0085367504102914,Cyclohexane
-0.0834659337997437,Cyclohexane
-0.2540021646040178,Cyclohexane
-0.2836768627166748,Cyclohexane
-0.2836768627166748,Cyclohexane
-0.3010329008102417,Cyclohexane
-0.3192017078399658,Cyclohexane
-0.3027687072753906,Cyclohexane
-0.2613386511802672,Cyclohexane
-0.3322320580482483,Cyclohexane
-0.3802858591079712,Cyclohexane
-0.2545093595981598,Cyclohexane
-0.0123869337777195,n-Propyl acetate
-0.0792966379172762,n-Propyl acetate
-0.0945421159267424,n-Propyl acetate
-0.0610138773918151,n-Propyl acetate
-0.0364817380905151,n-Propyl acetate
-0.1152930809184909,n-Propyl acetate
-0.149252139031887,n-Propyl acetate
-0.1545169949531556,n-Propyl acetate
-0.1875420212745666,n-Propyl acetate
-0.2530542612075805,n-Propyl acetate
-0.0611239671707153,Cyclohexane
-0.0742197036743164,Cyclohexane
-0.2010476589202881,Cyclohexane
-0.1672964096069336,Cyclohexane
-0.2922301292419433,Cyclohexane
-0.3088620901107788,Cyclohexane
-0.2624008059501648,Cyclohexane
0.0898196697235107,Cyclohexane
-0.0860795974731444,Cyclohexane
-0.1272319555282592,Cyclohexane
-0.1923246383666992,Cyclohexane
-0.2409992218017578,Cyclohexane
-0.2433029413223266,Cyclohexane
-0.2843124866485595,Cyclohexane
0.1700520217418671,Cyclohexane
0.2367912158370018,Cyclohexane
0.1984949111938476,Cyclohexane
0.1647411733865738,Cyclohexane
0.1244129836559295,Cyclohexane
0.1106032729148864,Cyclohexane
0.1137367486953735,Cyclohexane
0.0384843945503234,Cyclohexane
0.2463507279753685,Cyclohexane
0.3115213384153322,Cyclohexane
0.2831478863954544,Cyclohexane
0.1865815818309784,Cyclohexane
0.138761430978775,Cyclohexane
0.1782668828964233,Cyclohexane
0.0114845215490744,Cyclohexane
-0.0277187593760493,Cyclohexane
-0.0454268149606819,Cyclohexane
-0.1383974573833733,Cyclohexane
-0.1735440009118827,Cyclohexane
-0.1932918361862775,Cyclohexane
-0.0313147114174015,Cyclohexane
0.0300921912430935,Cyclohexane
-0.0468084787994934,Cyclohexane
-0.0405467214788664,Cyclohexane
0.3746998310089112,Cyclohexane
0.2658371222287714,Cyclohexane
0.3712832532008008,Cyclohexane
0.2638879001501522,Cyclohexane
0.2407077249425962,Cyclohexane
0.1774682961100212,Cyclohexane
0.3417890025034404,Cyclohexane
0.3821754557615904,Cyclohexane
0.3524509936548163,Cyclohexane
0.3772073782457338,Cyclohexane
-0.0442997217178344,Ethylene glycol
-0.0559955835342407,Ethylene glycol
-0.1195205450057983,Ethylene glycol
-0.121940553188324,Ethylene glycol
-0.0530255436897277,Ethylene glycol
-0.0104544162750244,Ethylene glycol
-0.0704781413078308,Ethylene glycol
-0.1379944682121276,Ethylene glycol
-0.0511207580566406,Ethylene glycol
-0.1405739486217498,Ethylene glycol
0.0083645582199095,n-Propyl acetate
0.0083645582199096,n-Propyl acetate
0.0094270706176758,n-Propyl acetate
0.0094270706176758,n-Propyl acetate
0.0263799428939819,n-Propyl acetate
0.0263799428939819,n-Propyl acetate
0.0446670055389403,n-Propyl acetate
0.0446670055389404,n-Propyl acetate
-0.0458807945251464,n-Propyl acetate
-0.0458807945251465,n-Propyl acetate
-0.0744524002075195,n-Propyl acetate
-0.0744524002075196,n-Propyl acetate
-0.0538048744201659,n-Propyl acetate
-0.053804874420166,n-Propyl acetate
-0.05205500125885,n-Propyl acetate
-0.0520550012588501,n-Propyl acetate
-0.0823606848716736,n-Propyl acetate
-0.0823606848716735,n-Propyl acetate
-0.005451500415802,n-Propyl acetate
-0.005451500415802,n-Propyl acetate
0.3141754035093479,n-Propyl acetate
0.2546547234792058,n-Propyl acetate
0.2100233040593795,n-Propyl acetate
0.1417328119277953,n-Propyl acetate
0.0140148401260375,n-Propyl acetate
0.0708456039428711,n-Propyl acetate
0.019537091255188,n-Propyl acetate
0.124901533126831,n-Propyl acetate
0.1282016038894653,n-Propyl acetate
-0.1050796524100784,n-Propyl acetate
-0.0914549937576847,n-Propyl acetate
-0.014367157868341,n-Propyl acetate
0.0147904157638549,n-Propyl acetate
-0.0628227612324626,n-Propyl acetate
0.0137507915496826,n-Propyl acetate
-0.015662670135498,n-Propyl acetate
0.000446319580078,n-Propyl acetate
0.0243659019470215,n-Propyl acetate
0.1239566802978515,Ethylene glycol
0.176854133605957,Ethylene glycol
0.2232310771942138,Ethylene glycol
0.2130675315856933,Ethylene glycol
0.1603081226348877,Ethylene glycol
0.089928388595581,Ethylene glycol
0.1338359117507934,Ethylene glycol
0.1676584482192993,Ethylene glycol
0.1016466617584228,Ethylene glycol
0.1989346742630005,Ethylene glycol
-0.0942885875701903,Cyclohexane
0.2671349048614503,Cyclohexane
0.1592614650726318,Cyclohexane
0.1590006351470947,Cyclohexane
0.0833919048309326,Cyclohexane
0.0188903808593747,Cyclohexane
-0.032239776015053,n-Propyl acetate
-0.1192993227557782,n-Propyl acetate
-0.0961492329834641,n-Propyl acetate
-0.0444502384208801,n-Propyl acetate
-0.0059769480294162,n-Propyl acetate
-0.066012420816049,n-Propyl acetate
-0.1044215755515695,n-Propyl acetate
-0.0451289862394332,n-Propyl acetate
-0.0341668128967285,n-Propyl acetate
-0.0643227100372314,n-Propyl acetate
-0.0097434520721435,n-Propyl acetate
-0.008446216583252,n-Propyl acetate
0.0884026288986206,n-Propyl acetate
0.1057093143463134,n-Propyl acetate
0.0977004766464234,n-Propyl acetate
0.1016410589218139,n-Propyl acetate
0.2159191370010376,n-Propyl acetate
0.0927916765213013,n-Propyl acetate
0.2008370757102966,n-Propyl acetate
0.165911316871643,n-Propyl acetate
0.1184757351875304,n-Propyl acetate
0.1611173152923584,n-Propyl acetate
0.1364969276167989,n-Propyl acetate
0.1958903239825656,n-Propyl acetate
0.0838549446538395,n-Propyl acetate
-0.0570184864766828,n-Propyl acetate
-0.0439515709877014,n-Propyl acetate
0.2679275274276734,DMSO
0.2760227918624878,DMSO
0.3495196104049682,DMSO
0.1847987174987793,DMSO
0.1320667266845703,DMSO
0.0815589427947998,DMSO
0.1816092133522033,DMSO
0.1433097720146179,DMSO
0.0719703918519392,NMP
-0.0201393424101084,NMP
-0.2290653471223165,NMP
-0.2452628974676055,NMP
-0.2970250546932221,NMP
-0.2377400472760201,NMP
-0.2580213919281959,NMP
-0.3088556006550789,NMP
-0.2732336074113846,NMP
-0.2876323908567428,DMSO
-0.2190921045839786,DMSO
-0.2423921842128038,DMSO
-0.2721556723117828,DMSO
-0.3274944722652435,DMSO
-0.2136802934110164,DMSO
-0.1885608583688737,DMSO
-0.1472727879881858,DMSO
-0.0872903615236282,DMSO
0.3043600607935948,Ethylene glycol
0.3482466614812985,Ethylene glycol
0.3943174481391907,Ethylene glycol
0.3585297465324402,Ethylene glycol
0.3205967545509339,Ethylene glycol
0.2250383496284485,Ethylene glycol
0.1820425987243651,Ethylene glycol
0.2177879512310029,Ethylene glycol
0.2712086737155914,Ethylene glycol
0.0936216115951538,Ethylene glycol
0.207339346408844,Ethylene glycol
0.1591457724571228,Ethylene glycol
0.2256327271461486,Ethylene glycol
0.3513103127479554,Ethylene glycol
0.3843846991658211,Ethylene glycol
0.2725987583398819,Ethylene glycol
0.2205398380756378,Ethylene glycol
0.2385622411966323,Ethylene glycol
0.2663142681121827,Ethylene glycol
-0.4226407408714291,NMP
-0.2728300094604492,NMP
-0.3207501769065856,NMP
-0.3611170649528503,NMP
-0.3472580909729005,NMP
-0.4090569913387298,NMP
-0.3524312376976013,NMP
-0.3403931260108949,NMP
-0.088264559725494,n-Propyl acetate
-0.1622018725242631,n-Propyl acetate
-0.1194868257214394,n-Propyl acetate
-0.0131043261229804,n-Propyl acetate
0.0729754878340323,n-Propyl acetate
-0.0748488706297803,n-Propyl acetate
-0.0887388628060215,n-Propyl acetate
-0.0424625002896333,n-Propyl acetate
-0.0102449642436065,n-Propyl acetate
0.4711081981658935,Cyclohexane
0.5518066883087158,Cyclohexane
0.4914736747741697,Cyclohexane
0.439788341522217,Cyclohexane
0.3731045722961427,Cyclohexane
0.43478524684906,Cyclohexane
0.4614464044570923,Cyclohexane
0.3698853254318236,Cyclohexane
0.3316528797149658,Cyclohexane
-0.5983530282974243,Cyclohexane
-0.5722165107727051,Cyclohexane
-0.5682815313339233,Cyclohexane
-0.4865354299545288,Cyclohexane
-0.4845510721206665,Cyclohexane
-0.510144114494324,Cyclohexane
-0.5222002267837524,Cyclohexane
-0.4433306455612182,Cyclohexane
-0.4265769720077514,Cyclohexane
-0.3607966899871826,Cyclohexane
-0.3733369112014773,Cyclohexane
-0.2753782272338867,Cyclohexane
-0.2707012891769407,Cyclohexane
-0.1933028697967527,Cyclohexane
-0.2145972251892089,Cyclohexane
-0.073142468929291,Cyclohexane
-0.057912528514862,Cyclohexane
-0.1538149118423462,Cyclohexane
-0.0442907810211181,Cyclohexane
0.0005817413330078,Cyclohexane
0.1263388991355896,Cyclohexane
-0.0560761877019179,DMSO
-0.1456330671859898,DMSO
-0.1279878330818853,DMSO
-0.1180181925783348,DMSO
-0.1290576607653976,DMSO
0.037797212600708,Ethylene glycol
-0.0382039546966553,Ethylene glycol
-0.0369232892990112,Ethylene glycol
0.032260537147522,Ethylene glycol
0.1066275835037232,Ethylene glycol
0.125117838382721,n-Propyl acetate
0.02288019657135,n-Propyl acetate
0.0992173552513123,n-Propyl acetate
0.0846545100212097,n-Propyl acetate
0.0548979043960571,n-Propyl acetate
0.0677686333656311,n-Propyl acetate
0.0238173007965087,n-Propyl acetate
0.039468765258789,n-Propyl acetate
0.0900945067405701,n-Propyl acetate
0.0502239465713501,n-Propyl acetate
0.0486400797963142,n-Propyl acetate
0.0263179913163184,n-Propyl acetate
0.0161113142967224,n-Propyl acetate
0.043086513876915,n-Propyl acetate
0.026242196559906,n-Propyl acetate
0.0138002634048461,n-Propyl acetate
-0.0061404742770472,n-Propyl acetate
-0.1013589070776916,n-Propyl acetate
0.0547497272491455,n-Propyl acetate
0.0460970401763916,n-Propyl acetate
-0.0165944695472716,n-Propyl acetate
0.0266010761260986,n-Propyl acetate
0.0085055828094483,n-Propyl acetate
-0.0815311968326568,n-Propyl acetate
-0.020136922597885,n-Propyl acetate
-0.0121035873889922,n-Propyl acetate
0.0790111944079399,n-Propyl acetate
0.0964196547865868,n-Propyl acetate
-0.0285882278622508,n-Propyl acetate
-0.1578280772708089,n-Propyl acetate
-0.2388122789561749,n-Propyl acetate
-0.1901459097862243,n-Propyl acetate
-0.1112805306911469,n-Propyl acetate
-0.1538433432579041,n-Propyl acetate
-0.1411371529102325,n-Propyl acetate
-0.1603111624717713,n-Propyl acetate
0.2391571402549744,n-Propyl acetate
0.3147305846214295,n-Propyl acetate
0.3518250584602356,n-Propyl acetate
0.1828787922859192,n-Propyl acetate
0.1627760529518128,n-Propyl acetate
0.1425531506538391,n-Propyl acetate
0.0928021669387816,n-Propyl acetate
0.1364994347095489,n-Propyl acetate
0.1438482403755188,n-Propyl acetate
0.1999454067147859,n-Propyl acetate
0.1934191888421056,n-Propyl acetate
0.2742433774805808,n-Propyl acetate
0.2404642040696969,n-Propyl acetate
0.3014278890783006,n-Propyl acetate
0.2696979631777055,n-Propyl acetate
0.2052347660064697,n-Propyl acetate
0.2233001589775086,n-Propyl acetate
0.1322498321533203,n-Propyl acetate
0.095457911491394,n-Propyl acetate
-0.2297217547893524,NMP
-0.2725927829742433,NMP
-0.2105335891246796,NMP
-0.1649106740951538,NMP
-0.2220940291881561,NMP
-0.3063781447708606,NMP
-0.1471571382135153,NMP
-0.1851157769560814,NMP
-0.1835931017994881,NMP
-0.2367376647889614,NMP
0.1391749382019043,Ethylene glycol
0.2345013618469238,Ethylene glycol
0.0559923648834228,Ethylene glycol
0.1218264102935791,Ethylene glycol
0.009810447692871,Ethylene glycol
-0.0054388046264648,Ethylene glycol
0.0660977363586425,Ethylene glycol
0.1236600875854492,Ethylene glycol
0.1979739665985107,Ethylene glycol
0.267397403717041,Ethylene glycol
-0.2651956081390381,Cyclohexane
-0.2497451305389408,Cyclohexane
-0.2960948944091797,Cyclohexane
-0.2928464412689207,Cyclohexane
-0.1959357261657714,Cyclohexane
-0.3566709756851194,Cyclohexane
-0.4989708662033079,Cyclohexane
-0.5223513245582581,Cyclohexane
-0.4646934866905212,Cyclohexane
0.1181859970092773,n-Propyl acetate
0.0618330240249633,n-Propyl acetate
0.0528875589370727,n-Propyl acetate
0.0670734643936157,n-Propyl acetate
0.0960482358932495,n-Propyl acetate
0.0366284847259522,n-Propyl acetate
0.059732437133789,n-Propyl acetate
0.0623246431350708,n-Propyl acetate
0.0490330457687377,n-Propyl acetate
0.0190758109092711,n-Propyl acetate
-0.1396005302667617,NMP
-0.142331063747406,NMP
-0.2385601177811623,NMP
-0.2155086547136306,NMP
-0.2692827954888344,NMP
-0.3276739344000817,NMP
-0.3126878291368485,NMP
-0.2718434380367399,NMP
-0.2501901611685753,NMP
-0.3050838336348534,NMP
-0.269648190587759,DMSO
-0.292048029601574,DMSO
-0.3244702890515327,DMSO
-0.2738509736955166,DMSO
-0.254205908626318,DMSO
-0.2106330990791321,DMSO
-0.228024423122406,DMSO
-0.2033891081809997,NMP
-0.2222037166357041,NMP
-0.2693696860224009,NMP
0.0035013705492019,NMP
-0.1182617172598838,NMP
-0.1162237636744976,NMP
-0.0308675467967987,NMP
0.0266661643981934,n-Propyl acetate
0.0025925636291503,n-Propyl acetate
-0.0074973106384277,n-Propyl acetate
0.0246633291244506,n-Propyl acetate
0.0468033552169799,n-Propyl acetate
0.0087752342224121,n-Propyl acetate
0.0221551656723023,n-Propyl acetate
-0.0027451515197754,n-Propyl acetate
0.0458488464355468,n-Propyl acetate
-0.7613223195075989,Cyclohexane
-0.6115880012512209,Cyclohexane
-0.5431154370307922,Cyclohexane
-0.5668923258781433,Cyclohexane
-0.3763693571090698,Cyclohexane
-0.2418274879455566,Cyclohexane
-0.2473626732826233,Cyclohexane
-0.1324937343597412,Cyclohexane
-0.1062654256820678,Cyclohexane
-0.0729897022247314,Cyclohexane
-0.5491346120834351,NMP
-0.4739629030227661,NMP
-0.503976285457611,NMP
-0.4992799758911129,NMP
-0.4503095149993896,NMP
-0.4812766313552856,NMP
-0.4508624970912934,NMP
-0.4512855112552643,NMP
-0.4662601351737976,NMP
0.0884099006652832,Cyclohexane
0.0840091705322266,Cyclohexane
0.1492660045623778,Cyclohexane
0.2964768409729004,Cyclohexane
0.1176989078521729,Cyclohexane
-0.0390996932983399,Cyclohexane
-0.069843053817749,Cyclohexane
-0.0345363616943359,Cyclohexane
0.064828872680664,Cyclohexane
0.2997131943702698,DMSO
0.2090504201313192,DMSO
0.1196038126945495,DMSO
0.0546468496322631,DMSO
0.1192933320999146,DMSO
-0.001695841550827,DMSO
-0.0745476484298706,DMSO
-0.329490065574646,Ethylene glycol
-0.2375136148608946,Ethylene glycol
-0.0920087398208231,Ethylene glycol
0.0208793940372485,Ethylene glycol
0.0994073152542115,Ethylene glycol
0.3821013489711605,NMP
0.4675872586667537,NMP
0.3784450516104698,NMP
0.3699971139431001,NMP
0.4272298216819762,NMP
0.0824580192565918,Ethylene glycol
0.0463237762451171,Ethylene glycol
-0.06451416015625,Ethylene glycol
-0.2341489791870117,Ethylene glycol
-0.3684186935424804,Ethylene glycol
0.1919879913330078,Ethylene glycol
0.1223616600036621,Ethylene glycol
0.1636664867401123,Ethylene glycol
0.2061396837234497,Ethylene glycol
0.2823437452316285,Ethylene glycol
-0.5455104112625122,DMSO
-0.6285878419876099,DMSO
-0.5283997058868408,DMSO
-0.3902292251586913,DMSO
-0.3495124578475953,DMSO
-0.4972112178802491,DMSO
-0.4533599615097046,DMSO
-0.2845159769058227,DMSO
-0.3747788667678833,DMSO
0.3284848928451538,n-Propyl acetate
0.2339804172515869,n-Propyl acetate
0.2022846937179566,n-Propyl acetate
0.1452759231700709,n-Propyl acetate
0.1422108613271585,n-Propyl acetate
0.1181415319442748,n-Propyl acetate
0.0790313482284545,n-Propyl acetate
0.1101307868957519,n-Propyl acetate
0.02834061250554,n-Propyl acetate
0.1764644384384155,n-Propyl acetate
0.1735633611679077,n-Propyl acetate
0.1245037317276001,n-Propyl acetate
0.1386200189590454,n-Propyl acetate
0.1188091635704041,n-Propyl acetate
0.1405099034309387,n-Propyl acetate
0.1620926856994629,n-Propyl acetate
0.1081977486610412,n-Propyl acetate
0.0981093347072601,n-Propyl acetate
0.1527247726917266,n-Propyl acetate
-0.0271582156419754,NMP
0.0405692309141159,NMP
-0.0486020967364311,NMP
-0.047668769955635,NMP
-0.0225599482655526,NMP
0.0649068504571915,NMP
0.0477240979671477,NMP
0.0264964997768401,NMP
0.0578315630555152,NMP
0.0741604325104894,NMP
0.1265577673912049,NMP
-0.2204429507255554,DMSO
-0.2185986638069152,DMSO
-0.24318528175354,DMSO
-0.3471609279513359,DMSO
-0.3365140296518802,DMSO
-0.2946771904826164,DMSO
-0.3094513714313507,DMSO
-0.3628387749195099,DMSO
-0.4257754758000375,DMSO
-0.0252222120761871,NMP
-0.0528051853179931,NMP
-0.0466760993003845,NMP
-0.0324194133281707,NMP
-0.0439113229513168,NMP
-0.1295337602496147,NMP
0.0232446081936358,NMP
0.033041825518012,NMP
0.0792245250195264,NMP
0.0515551827847957,NMP
-0.6082315444946289,DMSO
-0.608231544494629,DMSO
-0.5500833094120026,DMSO
-0.5500833094120026,DMSO
-0.5359156131744385,DMSO
-0.5359156131744385,DMSO
-0.5775181762874126,DMSO
-0.5775181762874128,DMSO
-0.521538320928812,DMSO
-0.521538320928812,DMSO
-0.4300684705376625,DMSO
-0.4300684705376626,DMSO
-0.3429790139198302,DMSO
-0.3429790139198304,DMSO
-0.3119160085916519,DMSO
-0.3119160085916519,DMSO
-0.6379033588638845,DMSO
-0.5918847079346605,DMSO
-0.2999453543737773,DMSO
-0.2471123100643031,DMSO
-0.1868660054048797,DMSO
-0.1131715606397589,DMSO
-0.1671972184991345,DMSO
-0.5310739278793335,Ethylene glycol
-0.5679444670677185,Ethylene glycol
-0.5368936955928802,Ethylene glycol
-0.5205477178096771,Ethylene glycol
-0.3065871596336365,Ethylene glycol
-0.2786117196083069,Ethylene glycol
-0.3513108193874359,Ethylene glycol
-0.3037166595458985,Cyclohexane
-0.0465593338012695,Cyclohexane
-0.0473556518554686,Cyclohexane
-0.0820803642272949,Cyclohexane
-0.0883693695068359,Cyclohexane
0.3766403794288636,Ethylene glycol
0.3530103564262391,Ethylene glycol
0.3404756784439087,Ethylene glycol
0.2296160459518433,Ethylene glycol
0.3174986541271209,Ethylene glycol
0.3608269095420837,Ethylene glycol
0.3870859891176224,Ethylene glycol
0.3440896272659303,Ethylene glycol
0.2747265547513962,Ethylene glycol
0.1761423647403717,Ethylene glycol
0.0752120018005371,Ethylene glycol
0.182774782180786,Ethylene glycol
0.1472203731536865,Ethylene glycol
0.187864065170288,Ethylene glycol
0.254957914352417,Ethylene glycol
-0.0872051119804382,Ethylene glycol
-0.058885633945465,Ethylene glycol
-0.0039811730384826,Ethylene glycol
0.0523614287376403,Ethylene glycol
-0.0150156915187835,Ethylene glycol
-0.0716474056243895,Ethylene glycol
-0.1574882268905639,Ethylene glycol
-0.1688496023416519,Ethylene glycol
-0.139466255903244,Ethylene glycol
-0.069670170545578,Ethylene glycol
0.354339748620987,Cyclohexane
0.3528173186534417,Cyclohexane
-0.0154219786837786,Cyclohexane
-0.1804554712242554,Cyclohexane
-0.3480738997459411,Cyclohexane
-0.3249545693397522,Cyclohexane
-0.5132551193237305,Cyclohexane
-0.3112542629241944,Cyclohexane
-0.2310755252838134,Cyclohexane
-0.264397144317627,Cyclohexane
-0.3769187927246094,Cyclohexane
-0.4284048080444336,Cyclohexane
-0.2940855026245118,Cyclohexane
-0.3608613014221191,Cyclohexane
-0.094055041672493,Cyclohexane
0.1645930315798578,Cyclohexane
0.4571816928041055,Cyclohexane
0.5167675018310547,Cyclohexane
0.4307557344436646,Cyclohexane
0.4368605613708497,Cyclohexane
0.2583284378051758,NMP
0.2341530323028564,NMP
0.213897705078125,NMP
0.2163954973220825,NMP
0.2299047708511353,NMP
0.2205053567886352,NMP
0.0995390415191651,NMP
0.1106717586517334,NMP
0.037115454673767,NMP
0.052831768989563,NMP
0.0793725252151489,NMP
-0.4722481966018677,DMSO
-0.5353915691375732,DMSO
-0.648616909980774,DMSO
-0.5427654981613159,DMSO
-0.4171094894409179,DMSO
-0.3113569021224975,DMSO
-0.132544994354248,DMSO
-0.1950383186340332,DMSO
-0.2198331356048584,DMSO
-0.4563822746276856,DMSO
-0.443520188331604,DMSO
-0.5722646713256837,DMSO
-0.505194902420044,DMSO
-0.4513640403747559,DMSO
-0.3345804810523987,DMSO
-0.3285678625106812,DMSO
-0.6608631014823914,NMP
-0.7192785739898682,NMP
-0.6610441207885742,NMP
-0.631021946668625,NMP
-0.7282205208549367,NMP
-0.5775437913757882,NMP
-0.5273435033115177,NMP
-0.5236566591953832,NMP
-0.3946138939790513,NMP
-0.3713158322855598,NMP
0.1327388930229425,Ethylene glycol
-0.0109859999448121,Ethylene glycol
-0.1238870093093292,Ethylene glycol
0.102460051239511,Ethylene glycol
0.0422638578983348,Ethylene glycol
-0.1460106772391993,Ethylene glycol
-0.1156125278387621,Ethylene glycol
-0.1423882134331586,Ethylene glycol
-0.1563979071268968,Ethylene glycol
-0.0943123041507072,Ethylene glycol
0.1609823703765869,n-Propyl acetate
0.1224517822265625,n-Propyl acetate
0.1460654735565186,n-Propyl acetate
0.1430048942565918,n-Propyl acetate
0.1746263504028321,n-Propyl acetate
0.2127577066421509,n-Propyl acetate
0.2018523216247559,n-Propyl acetate
0.1536122560501099,n-Propyl acetate
0.1013673543930053,n-Propyl acetate
0.189920425415039,n-Propyl acetate
0.1874954700469971,n-Propyl acetate
0.1026206016540527,n-Propyl acetate
0.1598346233367919,n-Propyl acetate
0.1617212295532226,n-Propyl acetate
0.2152451276779174,n-Propyl acetate
0.1442814850583902,n-Propyl acetate
0.1346733937290626,n-Propyl acetate
0.0503168351995855,n-Propyl acetate
-0.2200530373032566,Ethylene glycol
-0.1105413862630735,Ethylene glycol
0.1650979518890381,Ethylene glycol
0.1806991100311278,Ethylene glycol
0.0589470863342284,Ethylene glycol
0.3373444532142905,n-Propyl acetate
0.205701889943366,n-Propyl acetate
0.0821966787041361,n-Propyl acetate
0.0694394474129232,n-Propyl acetate
-0.1539421276495161,n-Propyl acetate
0.0779961680293745,n-Propyl acetate
0.020862917715822,n-Propyl acetate
-0.0603033621429404,n-Propyl acetate
-0.0194599594770397,n-Propyl acetate
-0.0394353226884384,n-Propyl acetate
-0.0429861405197651,n-Propyl acetate
-0.1006092474244452,n-Propyl acetate
-0.0919063456431622,n-Propyl acetate
-0.1346787810325623,n-Propyl acetate
-0.1122002601623534,NMP
-0.0969102382659912,NMP
-0.1143359541893005,NMP
-0.1299955248832703,NMP
-0.2136768698692321,NMP
-0.2188079953193665,NMP
-0.268015742301941,NMP
-0.1658056378364563,NMP
-0.1442329287528992,NMP
-0.0882840156555175,NMP
0.0238179266452789,NMP
0.0522085428237915,NMP
0.0522085428237915,NMP
0.0522085428237915,NMP
0.0522085428237915,NMP
0.0522085428237915,NMP
0.0522085428237915,NMP
0.0470223724842071,NMP
0.0470223724842071,NMP
0.0470223724842071,NMP
0.0470223724842072,NMP
0.0470223724842072,NMP
0.0470223724842072,NMP
0.0028631091117858,DMSO
-0.1270585656166079,DMSO
-0.2925858497619631,DMSO
-0.1341657042503357,DMSO
-0.0719454884529113,DMSO
-0.0571970343589782,DMSO
0.0302083492279052,DMSO
0.0302083492279052,DMSO
0.0302083492279052,DMSO
0.0302083492279053,DMSO
0.0302083492279053,DMSO
0.0302083492279052,DMSO
-0.0302083492279052,DMSO
-0.046339526772499,DMSO
0.1232262906441197,DMSO
0.217936098575592,DMSO
0.1876994357192507,DMSO
0.1694115204311244,DMSO
0.0634094504323183,DMSO
0.0811003670096398,DMSO
-0.0244322732653397,DMSO
-0.2120524048805237,NMP
-0.1209803819656372,NMP
-0.1466177105903625,NMP
-0.1147745847702025,NMP
-0.0757843255996704,NMP
-0.1087712049484253,NMP
-0.1031560897827149,NMP
-0.1211119890213012,NMP
-0.174595832824707,NMP
-0.174008309841156,NMP
-0.0879353880882263,NMP
-0.0718306899070739,NMP
-0.0048410892486572,NMP
-0.0229421257972717,NMP
-0.0782744586467743,NMP
-0.066747635602951,NMP
-0.0574272572994232,NMP
-0.1229465007781982,NMP
-0.1577353775501252,NMP
-0.1362584680318833,NMP
-0.1546337753534317,NMP
-0.1146556437015534,NMP
-0.1146556437015534,NMP
-0.2286615371704101,DMSO
-0.2236274480819703,DMSO
-0.3392044901847839,DMSO
-0.1689558625221252,DMSO
-0.1662627458572388,DMSO
-0.2101224660873412,DMSO
-0.2669781148433686,DMSO
-0.2808812856674194,DMSO
-0.2616806030273438,DMSO
-0.2502716481685639,DMSO
-0.2580171525478363,DMSO
-0.1906258165836334,DMSO
-0.1906258165836334,DMSO
-0.1981420516967773,Cyclohexane
-0.1608533859252929,Cyclohexane
-0.1401648521423339,Cyclohexane
-0.1245737075805664,Cyclohexane
-0.2351310253143311,Cyclohexane
-0.08982515335083,Cyclohexane
-0.2198848724365235,Cyclohexane
-0.2168653011322022,Cyclohexane
-0.0940256714820862,DMSO
-0.0879618525505065,DMSO
-0.0979404449462891,DMSO
-0.024509310722351,DMSO
-0.0245093107223511,DMSO
-0.1104916930198669,DMSO
-0.1232156157493591,DMSO
0.0063088536262511,DMSO
0.0080052614212035,DMSO
-0.0450666546821594,DMSO
-0.0330114364624024,DMSO
0.0222077369689941,Ethylene glycol
-0.0994287729263305,Ethylene glycol
-0.0839661359786987,Ethylene glycol
-0.0760812759399414,Ethylene glycol
-7.164478302001953e-05,Ethylene glycol
0.1633589267730713,DMSO
0.1633589267730713,DMSO
0.0477366447448731,DMSO
0.047736644744873,DMSO
0.1048119068145752,DMSO
0.1048119068145752,DMSO
0.0356202125549316,DMSO
0.0356202125549315,DMSO
-0.0334194302558898,DMSO
-0.0334194302558898,DMSO
0.521819829940796,Ethylene glycol
0.4503083229064941,Ethylene glycol
0.4859727941294509,Ethylene glycol
0.4125186204910279,Ethylene glycol
0.3979654312133789,Ethylene glycol
-0.6138313114643097,Cyclohexane
-0.5262856185436251,Cyclohexane
-0.4379050135612488,Cyclohexane
-0.3888517618179321,Cyclohexane
-0.292877122759819,Cyclohexane
-0.3393706157803535,Cyclohexane
-0.2322960421442987,Cyclohexane
-0.1979071593377739,Cyclohexane
-0.1977619901299476,Cyclohexane
-0.0881586138273085,DMSO
0.1012873672510077,DMSO
0.2139326756046471,DMSO
0.4104202826947086,DMSO
0.4234945476055146,DMSO
0.4684012681245804,DMSO
-0.2554907202720642,DMSO
-0.3211314082145691,DMSO
-0.2304636240005493,DMSO
-0.2110059261322019,DMSO
-0.2255586981773376,DMSO
-0.296957403421402,DMSO
-0.3305654227733612,DMSO
-0.3270938992500307,DMSO
-0.2860743701457977,DMSO
-0.2588436603546142,DMSO
-0.2497702538967132,DMSO
-0.2497702538967132,DMSO
-0.2323129475116728,DMSO
-0.2323129475116729,DMSO
-0.2004936784505844,DMSO
-0.2004936784505844,DMSO
-0.1567282825708389,DMSO
-0.1567282825708389,DMSO
-0.1791954189538956,DMSO
-0.1791954189538956,DMSO
-0.1408159732818604,Ethylene glycol
-0.1408159732818604,Ethylene glycol
-0.1075845641627565,Ethylene glycol
-0.1115499810767916,Ethylene glycol
-0.1400322914123535,Ethylene glycol
-0.1400322914123535,Ethylene glycol
-0.1378952264785766,Ethylene glycol
-0.1378952264785766,Ethylene glycol
-0.0227232575416564,Ethylene glycol
-0.0227232575416564,Ethylene glycol
-0.2083767475365782,DMSO
-0.18806284311083,DMSO
-0.0767471925132652,DMSO
0.1515794216251974,DMSO
0.2638502400368452,DMSO
0.1604053873975391,Ethylene glycol
0.1282931118437494,Ethylene glycol
0.0466878807533178,Ethylene glycol
0.0126825518514317,Ethylene glycol
-0.0071718692779541,Ethylene glycol
0.2076668739318847,Ethylene glycol
0.1779421567916871,Ethylene glycol
0.1629592776298523,Ethylene glycol
0.1314973857641488,Ethylene glycol
0.2457617521286011,Ethylene glycol
0.1747111678123473,Ethylene glycol
0.1695924997329712,Ethylene glycol
0.0833375453948974,Ethylene glycol
0.1808215081691742,Ethylene glycol
-0.537082850933075,Cyclohexane
-0.5462461113929749,Cyclohexane
-0.4764946103096007,Cyclohexane
-0.4463940262794497,Cyclohexane
-0.3614174723625183,Cyclohexane
-0.3249515295028686,Cyclohexane
-0.3230704367160798,Cyclohexane
-0.4664183855056761,Cyclohexane
-0.2975319921970368,Cyclohexane
-0.0998336998745799,NMP
-0.1569036543369293,NMP
-0.1145456545054912,NMP
-0.0915778037160635,NMP
-0.1157486587762833,NMP
-0.2486665993928909,NMP
-0.2228385508060454,NMP
-0.2535764276981354,NMP
-0.235628306865692,NMP
-0.2636500597000122,NMP
-0.5102643966674804,DMSO
-0.5186461480334401,DMSO
-0.5796510875225067,DMSO
-0.5962750315666198,DMSO
-0.4843292087316513,DMSO
-0.4326909929513931,DMSO
-0.3769979625940323,DMSO
0.40689218044281,Ethylene glycol
0.472489625688814,Ethylene glycol
0.3621026490056427,Ethylene glycol
0.3418413764564594,Ethylene glycol
0.2098223750711576,Ethylene glycol
0.1967199557219384,Ethylene glycol
0.2137644372175917,Ethylene glycol
0.3706345540146175,Ethylene glycol
0.3078892827033996,Ethylene glycol
0.2516268491744995,Ethylene glycol
0.2982456684112551,Ethylene glycol
0.4208641052246095,Ethylene glycol
0.4580745697021486,Ethylene glycol
0.497955322265625,Ethylene glycol
0.5541220903396606,Ethylene glycol
0.5138177871704102,Ethylene glycol
0.4030879735946655,Ethylene glycol
0.2318986654281616,Ethylene glycol
0.1491848230361938,Ethylene glycol
0.1441806554794312,Ethylene glycol
0.0753374993801117,n-Propyl acetate
0.0390558946524869,n-Propyl acetate
0.0457312202571479,n-Propyl acetate
0.0109368860721588,n-Propyl acetate
0.0045664608478546,n-Propyl acetate
0.0664921924471856,n-Propyl acetate
0.038444992620498,n-Propyl acetate
0.0357211753726005,n-Propyl acetate
0.0232817009091377,n-Propyl acetate
-0.4551128149032593,NMP
-0.509250283241272,NMP
-0.5116467475891113,NMP
-0.5328216552734375,NMP
-0.4629065990447998,NMP
-0.5044950246810913,NMP
-0.6011889576911926,NMP
-0.3083836513300327,NMP
-0.2733429853838045,NMP
-0.404178261756897,DMSO
-0.4401096105575562,DMSO
-0.4416828155517576,DMSO
-0.4199546575546264,DMSO
-0.3594262599945069,DMSO
-0.1958390474319458,Ethylene glycol
-0.1601792573928833,Ethylene glycol
-0.1575320959091187,Ethylene glycol
-0.0857184869809341,Ethylene glycol
0.0017578788377879,Ethylene glycol
0.2055044770240783,n-Propyl acetate
0.2400225400924682,n-Propyl acetate
0.2058652043342589,n-Propyl acetate
0.1272121854126454,n-Propyl acetate
0.1359062790870667,n-Propyl acetate
0.0469373291502324,n-Propyl acetate
-0.0942898257635533,n-Propyl acetate
-0.0840880274772644,n-Propyl acetate
-0.0882633030414581,n-Propyl acetate
-0.2261382639408111,Ethylene glycol
-0.2406243979930878,Ethylene glycol
-0.2430073544383049,Ethylene glycol
-0.1976721351966262,Ethylene glycol
-0.2425459939986467,Ethylene glycol
-0.1942760944366455,Ethylene glycol
-0.2494026646018028,Ethylene glycol
-0.2104869484901428,Ethylene glycol
-0.1212702989578247,Ethylene glycol
-0.0111602544784545,n-Propyl acetate
-0.0107187032699585,n-Propyl acetate
0.0502658596019719,n-Propyl acetate
0.0357018113136291,n-Propyl acetate
0.028092861175537,n-Propyl acetate
0.0809273719787598,n-Propyl acetate
-0.0079856514930725,n-Propyl acetate
-0.0013660192489624,n-Propyl acetate
0.0473367882918156,n-Propyl acetate
0.0697311263896354,n-Propyl acetate
0.0930379629135132,Ethylene glycol
0.1663123369216919,Ethylene glycol
0.2151769399642943,Ethylene glycol
-0.0406872034072876,Ethylene glycol
-0.0377859473228454,Ethylene glycol
-0.0563363432884215,Ethylene glycol
-0.0032702088356018,Ethylene glycol
0.0557726621627807,Ethylene glycol
0.0882315039634705,Ethylene glycol
0.009986788034439,Ethylene glycol
0.2171860337257385,n-Propyl acetate
0.0830525159835816,n-Propyl acetate
0.021188199520111,n-Propyl acetate
0.1382438540458679,n-Propyl acetate
0.0912046177086116,n-Propyl acetate
0.0394612888495309,n-Propyl acetate
-0.0207322838850542,n-Propyl acetate
-0.1356204330946636,n-Propyl acetate
-0.1156113147735596,n-Propyl acetate
0.2208521366119384,Cyclohexane
0.202181339263916,Cyclohexane
0.1996207237243652,Cyclohexane
0.2552958726882935,Cyclohexane
0.1799439191818237,Cyclohexane
0.0523768663406372,Cyclohexane
0.0343588590621947,Cyclohexane
0.0566121339797973,Cyclohexane
0.0222359895706176,Cyclohexane
0.0321512222290039,Cyclohexane
0.0364302176798441,Cyclohexane
-0.0245084975303023,Cyclohexane
-0.0122597206661661,Cyclohexane
0.0086549520492553,Cyclohexane
-0.148146390914917,Cyclohexane
-0.1004602909088134,Cyclohexane
-0.1319408416748047,Cyclohexane
-0.1425038576126098,Cyclohexane
0.0655537247732774,Cyclohexane
0.256508231163025,Ethylene glycol
-0.5104625225067139,Cyclohexane
-0.1728041768074035,Ethylene glycol
-0.2211295366287231,Ethylene glycol
-0.2239381670951843,Ethylene glycol
-0.2819866538047791,Ethylene glycol
-0.2139877080917357,Ethylene glycol
-0.2690723538398742,Ethylene glycol
0.2708439826965333,n-Propyl acetate
0.2931072115898132,n-Propyl acetate
0.2147457599639892,n-Propyl acetate
0.2656426429748534,n-Propyl acetate
0.1972083552472952,n-Propyl acetate
0.1183869046073261,n-Propyl acetate
-0.0049033535587946,n-Propyl acetate
-0.0467624962329865,n-Propyl acetate
-0.0850601494312287,n-Propyl acetate
0.1579412221908568,n-Propyl acetate
0.1621963977813721,n-Propyl acetate
0.1018527150154113,n-Propyl acetate
0.1513293385505676,n-Propyl acetate
0.1880292296409607,n-Propyl acetate
0.107718676328659,n-Propyl acetate
0.0717237293720245,n-Propyl acetate
0.0511510670185089,n-Propyl acetate
0.0524078607559203,n-Propyl acetate
0.0711600631475448,n-Propyl acetate
0.174486458301544,Ethylene glycol
0.1675421595573425,Ethylene glycol
0.1793901920318604,Ethylene glycol
0.1450597643852234,Ethylene glycol
0.1771687269210815,Ethylene glycol
0.2383112907409668,Ethylene glycol
0.2618747055530548,Ethylene glycol
0.2243324518203735,Ethylene glycol
0.1623785495758056,Ethylene glycol
0.1677585989236832,Ethylene glycol
-0.2687026858329773,DMSO
-0.2953410744667053,DMSO
-0.242397665977478,DMSO
-0.3249320387840271,DMSO
-0.20536869764328,DMSO
-0.1341986060142517,DMSO
-0.1073896884918212,DMSO
-0.0763280987739563,DMSO
0.0086694101403167,n-Propyl acetate
-0.0535381324139488,n-Propyl acetate
-0.0412264064181775,n-Propyl acetate
-0.1254289488148348,n-Propyl acetate
-0.2048294013478596,n-Propyl acetate
-0.1737137330276857,n-Propyl acetate
-0.2235287645225989,n-Propyl acetate
-0.2294909464900683,n-Propyl acetate
-0.1712902110827068,n-Propyl acetate
-0.1432625891332481,n-Propyl acetate
0.4298489093780518,n-Propyl acetate
0.3577942848205566,n-Propyl acetate
0.3581647047941089,n-Propyl acetate
0.4125581630691962,n-Propyl acetate
0.3726260036976995,n-Propyl acetate
0.2232144325356598,n-Propyl acetate
0.2068083308709813,n-Propyl acetate
0.2614405204083506,n-Propyl acetate
0.1740502103588458,n-Propyl acetate
0.037096946171661,n-Propyl acetate
-0.4472718238830567,NMP
-0.4432770013809204,NMP
-0.5226595997810364,NMP
-0.4115329384803772,NMP
-0.3757537603378296,NMP
-0.3569610118865967,NMP
-0.278382956981659,NMP
-0.3763990104198457,NMP
-0.3739097118377686,NMP
-0.3615678548812866,NMP
-0.5817025601863861,DMSO
-0.5515539348125458,DMSO
-0.5941928774118425,DMSO
-0.5126064717769623,DMSO
-0.4716138411313295,DMSO
-0.4405156224966049,DMSO
0.5088924730864699,Cyclohexane
0.625007243939452,Cyclohexane
0.5508449077606202,Cyclohexane
0.5972568988800049,Cyclohexane
0.6623785495758057,Cyclohexane
0.7575018405914307,Cyclohexane
0.6716599464416505,Cyclohexane
0.8138457507867409,Cyclohexane
0.7359069585800172,Cyclohexane
-0.0056364598035174,n-Propyl acetate
0.1773605942726136,n-Propyl acetate
0.2523600824212629,n-Propyl acetate
0.2540714981059789,n-Propyl acetate
0.2277604269937107,n-Propyl acetate
0.1525155901908874,n-Propyl acetate
0.162737637758255,n-Propyl acetate
0.1789998710155487,n-Propyl acetate
0.1132408976554871,n-Propyl acetate
-0.7171900272369385,DMSO
-0.6199473142623901,DMSO
-0.6571698188781738,DMSO
-0.6986193656921388,DMSO
-0.5235356390476227,DMSO
-0.3351439535617828,DMSO
-0.3791149258613587,DMSO
-0.3889371454715729,DMSO
-0.4035178422927856,DMSO
-0.1444422006607055,n-Propyl acetate
-0.1719394326210022,n-Propyl acetate
-0.132216215133667,n-Propyl acetate
-0.0985493659973145,n-Propyl acetate
-0.0132758617401123,n-Propyl acetate
-0.0217970013618469,n-Propyl acetate
-0.0330818295478821,n-Propyl acetate
-0.0473458170890808,n-Propyl acetate
-0.1534702777862548,n-Propyl acetate
0.2048732042312622,n-Propyl acetate
0.1246733665466308,n-Propyl acetate
0.0866264700889586,n-Propyl acetate
0.1613458395004273,n-Propyl acetate
0.2961118817329407,n-Propyl acetate
0.2451106309890746,n-Propyl acetate
0.2347989678382874,n-Propyl acetate
0.1951242685317993,n-Propyl acetate
0.2320546507835388,n-Propyl acetate
0.0012354415447493,n-Propyl acetate
-0.0187527010392103,n-Propyl acetate
-0.0777203967584078,n-Propyl acetate
-0.0946174775576476,n-Propyl acetate
-0.090677691568547,n-Propyl acetate
0.0691911192653211,n-Propyl acetate
0.0720371739957429,n-Propyl acetate
0.0410306033957679,n-Propyl acetate
0.038977591339568,n-Propyl acetate
-0.0309333801269531,Ethylene glycol
-0.0271494388580322,Ethylene glycol
-0.102401852607727,Ethylene glycol
-0.1439573764801025,Ethylene glycol
-0.1981483697891235,Ethylene glycol
-0.0889793634414672,Ethylene glycol
-0.0469051599502563,Ethylene glycol
0.0349966883659362,Ethylene glycol
-0.0128563642501831,Ethylene glycol
0.077342537109307,NMP
0.0278010040087535,NMP
0.211125409402909,NMP
0.1121469572036897,NMP
0.1306491295954899,NMP
0.1447211947123801,NMP
0.2216535471070129,NMP
0.1575048001691898,NMP
0.0575216449709702,NMP
-0.1307439638706178,DMSO
-0.1289825439453125,DMSO
-0.102236270904541,DMSO
-0.1754356615226235,DMSO
-0.0751289643916504,DMSO
-0.1649681850984867,DMSO
-0.0880203247070312,DMSO
0.7253077030181886,Cyclohexane
0.7670298814773561,Cyclohexane
0.7986049652099609,Cyclohexane
0.7895190715789793,Cyclohexane
0.7373989820480348,Cyclohexane
0.7168463468551636,Cyclohexane
0.6191289424896238,Cyclohexane
-0.0043113231658935,n-Propyl acetate
-0.060197114944458,n-Propyl acetate
0.0069007873535155,n-Propyl acetate
0.0069007873535156,n-Propyl acetate
-0.0284352302551268,n-Propyl acetate
-0.0407160520553588,n-Propyl acetate
-0.0609081983566283,n-Propyl acetate
-0.0727713108062745,n-Propyl acetate
-0.0954272747039794,n-Propyl acetate
-0.0670543909072876,n-Propyl acetate
-0.0196610689163208,n-Propyl acetate
-0.0177946090698243,n-Propyl acetate
0.017768144607544,n-Propyl acetate
0.0177681446075439,n-Propyl acetate
0.2006093263626099,NMP
0.141268253326416,NMP
0.1543836593627929,NMP
0.1040507555007934,NMP
0.2369376420974731,NMP
0.244519293308258,NMP
0.2283133268356324,NMP
0.2348598837852478,NMP
-0.9377344846725464,Cyclohexane
-0.818909706851322,Cyclohexane
-0.4496010225213842,Cyclohexane
-0.3119860111972219,Cyclohexane
-0.4313864832414622,Cyclohexane
-0.5287376508185582,Cyclohexane
-0.639316934292216,Cyclohexane
-0.6856390842135603,Cyclohexane
-0.7423864029882816,Cyclohexane
-0.1874974880959785,n-Propyl acetate
-0.2114951610565185,n-Propyl acetate
-0.2241365313529968,n-Propyl acetate
-0.1604224606968526,n-Propyl acetate
-0.0419463372941403,n-Propyl acetate
-0.0559126694769498,n-Propyl acetate
-0.0072159847074507,n-Propyl acetate
0.053108176053945,n-Propyl acetate
0.1433595258924417,n-Propyl acetate
0.165217399597168,NMP
0.0733163356781006,NMP
0.0438295602798462,NMP
0.1076290476413555,NMP
-0.0775596499443054,NMP
0.1001651988609997,NMP
-0.0365703105926513,NMP
-0.0967634916305542,NMP
0.3443450927734375,NMP
0.2384005784988403,NMP
0.0863988599596399,NMP
0.0390792625938511,NMP
0.0530244112014771,NMP
-0.0170909595076328,NMP
-0.096196705919228,NMP
-0.0826758895410745,NMP
0.092577040195465,NMP
0.2036803364753723,NMP
0.17277193069458,NMP
0.1910312175750732,NMP
0.2068035006523132,NMP
0.2073245644569397,NMP
0.2871320843696594,NMP
0.3770837783813477,NMP
-0.4687352776527403,NMP
-0.541560173034668,NMP
-0.3593120574951173,NMP
-0.3791592717170715,NMP
-0.3652629256248474,NMP
-0.2784859538078308,NMP
-0.2835144400596618,NMP
-0.264708399772644,NMP
-0.1433359384536741,DMSO
-0.3083879724144935,DMSO
-0.2744314819574356,DMSO
-0.2954730838537216,DMSO
-0.2242925614118576,DMSO
-0.2154742926359176,DMSO
-0.3427276611328125,DMSO
-0.316642053425312,DMSO
-0.2650940716266632,DMSO
-0.2423887252807621,DMSO
-0.0389433652162552,Ethylene glycol
0.0595756471157074,Ethylene glycol
0.0385806858539582,Ethylene glycol
0.0043029487133026,Ethylene glycol
0.0086793601512908,Ethylene glycol
-0.1099532565639297,Ethylene glycol
-0.2478191093202658,Ethylene glycol
-0.2390748262405396,Ethylene glycol
-0.158696174621582,Ethylene glycol
-0.0785376131534576,Ethylene glycol
-0.007537841796875,Ethylene glycol
-0.0006785392761231,Ethylene glycol
0.0015456676483154,Ethylene glycol
0.0517306327819824,Ethylene glycol
0.0616271495819091,Ethylene glycol
-0.0942568778991699,Ethylene glycol
-0.1149451732635498,Ethylene glycol
-0.0984261035919189,Ethylene glycol
-0.1020441055297852,Ethylene glycol
-0.1169369220733643,Ethylene glycol
-0.0786231756210326,Cyclohexane
-0.1555110216140747,Cyclohexane
-0.1199278831481933,Cyclohexane
-0.0493090152740478,Cyclohexane
-0.0018444061279297,Cyclohexane
-0.0823147296905516,Cyclohexane
-0.0392584800720214,Cyclohexane
-0.0842699408531189,Cyclohexane
-0.0664198398590086,Cyclohexane
-0.130703866481781,Cyclohexane
-0.4326533079147339,DMSO
-0.3778235912322998,DMSO
-0.4528617858886719,DMSO
-0.4221768379211426,DMSO
-0.3838468194007873,DMSO
-0.3915593028068542,DMSO
-0.3830558061599732,DMSO
-0.3079913854598999,DMSO
-0.4338080883026123,Cyclohexane
-0.3037757873535156,Cyclohexane
-0.2776646614074707,Cyclohexane
-0.4424906373023987,Cyclohexane
-0.4603272080421448,Cyclohexane
-0.3796460032463074,Cyclohexane
-0.2567993402481079,Cyclohexane
-0.2055497169494629,Cyclohexane
-0.2281495332717895,Cyclohexane
-0.1639859080314636,Cyclohexane
0.1105112224260101,n-Propyl acetate
0.0257918891464357,n-Propyl acetate
0.0478385090827942,n-Propyl acetate
0.0182870030403138,n-Propyl acetate
0.0626265704631805,n-Propyl acetate
0.0411990494874381,n-Propyl acetate
-0.0056582044789794,n-Propyl acetate
-0.0308109643312028,n-Propyl acetate
0.1710850740454593,n-Propyl acetate
0.1780482979283837,n-Propyl acetate
0.2008964102600981,n-Propyl acetate
0.3061864095768766,n-Propyl acetate
0.2406164242775839,n-Propyl acetate
0.2028345398218735,n-Propyl acetate
0.1522629294265014,n-Propyl acetate
0.1229317497627748,n-Propyl acetate
0.0667005818603284,n-Propyl acetate
-0.4551393985748291,Cyclohexane
-0.3785815238952636,Cyclohexane
-0.3061895370483398,Cyclohexane
-0.3990914821624756,Cyclohexane
-0.4217292070388794,Cyclohexane
-0.5303622484207153,Cyclohexane
-0.6082724332809453,Cyclohexane
-0.6527552604675293,Cyclohexane
-0.5384784936904905,Cyclohexane
-0.4821690320968628,Cyclohexane
-0.2740683555603027,DMSO
-0.2395811080932617,DMSO
-0.2720990777015686,DMSO
-0.2434795945882798,DMSO
-0.0340748205780983,DMSO
-0.0120677649974823,DMSO
0.0776216629892587,DMSO
0.0932386256754398,DMSO
0.0999933481216431,Ethylene glycol
0.1864322423934936,Ethylene glycol
0.1848630905151367,Ethylene glycol
0.2766081094741821,Ethylene glycol
0.1927987337112427,Ethylene glycol
0.1754608154296875,Ethylene glycol
0.1879932880401612,Ethylene glycol
0.140552282333374,Ethylene glycol
0.1286685466766358,Ethylene glycol
0.0752758979797363,Ethylene glycol
-0.741500735282898,Cyclohexane
-0.7429400682449341,Cyclohexane
-0.7429400682449343,Cyclohexane
-0.713996410369873,Cyclohexane
-0.713996410369873,Cyclohexane
-0.6482782363891602,Cyclohexane
-0.6482782363891604,Cyclohexane
-0.5624716281890869,Cyclohexane
-0.5624716281890869,Cyclohexane
-0.4593018293380736,Cyclohexane
-0.4593018293380737,Cyclohexane
-0.3875885009765625,Cyclohexane
-0.3875885009765623,Cyclohexane
-0.2013893127441406,Cyclohexane
-0.2013893127441406,Cyclohexane
-0.439369320869446,Cyclohexane
-0.4393693208694456,Cyclohexane
-0.39262855052948,Cyclohexane
-0.3471601009368896,Cyclohexane
0.0718984875882191,n-Propyl acetate
0.0768271684646607,n-Propyl acetate
0.1381598711013794,n-Propyl acetate
0.0842281579971313,n-Propyl acetate
0.1544378399848938,n-Propyl acetate
0.1571654677391052,n-Propyl acetate
0.0955129265785217,n-Propyl acetate
0.0833989977836609,n-Propyl acetate
0.0869417786598204,n-Propyl acetate
0.4984033107757569,DMSO
0.6146698296070099,DMSO
0.5563435256481172,DMSO
0.2156626382769538,DMSO
0.4682955020108146,DMSO
0.1819193326285431,DMSO
0.3700569868087769,DMSO
0.0598311152490342,DMSO
0.293221032461652,DMSO
-0.0193225937509883,DMSO
0.2110400012365716,DMSO
-0.0794420863394149,DMSO
0.1429009302859334,DMSO
-0.1191160115352688,DMSO
0.0595966712960734,DMSO
-0.147662124566105,DMSO
-0.1973412261760674,DMSO
-0.1893597841262819,Ethylene glycol
-0.0606240034103393,Ethylene glycol
0.0318674445152282,Ethylene glycol
-0.0802142620086667,Ethylene glycol
-0.1269882917404174,Ethylene glycol
-0.1069954633712768,Ethylene glycol
-0.2242677211761472,Ethylene glycol
-0.1969165205955505,Ethylene glycol
-0.0600276291370391,Ethylene glycol
-0.0256359577178955,Ethylene glycol
0.0862658023834228,n-Propyl acetate
0.1060324907302856,n-Propyl acetate
0.1788411140441894,n-Propyl acetate
0.1378011703491211,n-Propyl acetate
0.1863292455673217,n-Propyl acetate
0.1508996486663817,n-Propyl acetate
0.0935467481613159,n-Propyl acetate
0.1716629266738891,n-Propyl acetate
0.1615056991577149,n-Propyl acetate
-0.0882882475852966,NMP
0.2017886387406806,Ethylene glycol
0.1686352491378785,n-Propyl acetate
-0.0593280514526766,n-Propyl acetate
-0.0923793912439059,n-Propyl acetate
-0.1109958886320453,n-Propyl acetate
-0.1634795763786748,n-Propyl acetate
-0.1214128081009318,n-Propyl acetate
-0.1694656610488892,n-Propyl acetate
-0.1516728401184082,n-Propyl acetate
-0.2142309546470641,n-Propyl acetate
-0.2619291278216114,Cyclohexane
-0.3050892223228222,Cyclohexane
-0.1743529466171916,Cyclohexane
0.0291907557700041,Cyclohexane
-0.0440345003647917,Cyclohexane
-0.1661366334061969,Cyclohexane
-0.0651063273344865,Cyclohexane
-0.0061107475086355,Cyclohexane
0.2904573528613959,NMP
0.2224852523598617,NMP
0.1030595183564875,NMP
0.1154773000945632,NMP
0.0758317863116234,NMP
-0.0481069884759883,NMP
-0.164046632113158,NMP
-0.1885075621184746,NMP
-0.3165878432700473,NMP
-0.3135130597380313,NMP
-0.3210634589195251,DMSO
-0.3532404005527496,DMSO
-0.3590549230575562,DMSO
-0.3363808691501618,DMSO
-0.4131602346897125,DMSO
-0.3676201403141023,DMSO
-0.3906962275505066,DMSO
-0.2713620662689209,Ethylene glycol
-0.2600269317626953,Ethylene glycol
-0.2433371543884277,Ethylene glycol
-0.2867289781570434,Ethylene glycol
-0.3433327674865722,Ethylene glycol
-0.4415048956871034,Ethylene glycol
-0.3519943356513976,Ethylene glycol
-0.2759389877319336,Ethylene glycol
-0.2331708073616029,Ethylene glycol
-0.155316948890686,Ethylene glycol
-0.3290376663208008,DMSO
-0.3011907637119294,DMSO
-0.3620585203170777,DMSO
-0.3451248481869697,DMSO
-0.2334321066737174,DMSO
-0.1483410745859146,DMSO
-0.1406262852251529,DMSO
-0.172085601836443,DMSO
-0.1768978340551257,DMSO
-0.3084153336600428,DMSO
0.0658709704875946,NMP
0.1005187779664992,NMP
0.097010612487793,NMP
0.1256466545164586,NMP
0.1421716371551156,NMP
0.145854327827692,NMP
0.1604706831276416,NMP
0.0983506608754395,NMP
0.0983794350177049,NMP
0.0627187713980674,NMP
0.0554943308234213,NMP
0.0655075982213021,NMP
0.0614844784140586,NMP
0.0230687856674194,NMP
0.0437826812267304,NMP
0.0526362657546997,Cyclohexane
0.0410720109939574,Cyclohexane
0.1503158807754516,Cyclohexane
0.1605615615844727,Cyclohexane
0.1272217631340026,Cyclohexane
0.1559184193611145,Cyclohexane
0.1492817997932434,Cyclohexane
0.1341380476951598,Cyclohexane
0.1107699871063233,Cyclohexane
0.1104532503497999,Cyclohexane
0.0671595335006714,Cyclohexane
0.2036046981811523,Cyclohexane
0.063092827796936,Cyclohexane
0.0753881931304931,Cyclohexane
-0.0638730525970459,Cyclohexane
-0.1421301364898681,Cyclohexane
-0.2009855508804321,Cyclohexane
-0.0193756818771362,Cyclohexane
-0.0951740741729736,Cyclohexane
-0.0316434800624847,n-Propyl acetate
-0.0013650357723236,n-Propyl acetate
0.0002099573612213,n-Propyl acetate
-0.005743940360844,n-Propyl acetate
-0.0361479474276251,n-Propyl acetate
-0.0011253427459763,n-Propyl acetate
-0.0248533087279597,n-Propyl acetate
-0.0163749366761192,n-Propyl acetate
0.0245828628540039,n-Propyl acetate
-0.0301241704691031,n-Propyl acetate
-0.6457878351211548,Cyclohexane
-0.5775027275085449,Cyclohexane
-0.5891088247299194,Cyclohexane
-0.5394532680511475,Cyclohexane
-0.5435107946395874,Cyclohexane
-0.4542725086212156,Cyclohexane
-0.4573365449905395,Cyclohexane
-0.4080373048782348,Cyclohexane
-0.4399802684783933,Cyclohexane
-0.3614906072616577,Cyclohexane
-0.3630825281143188,Cyclohexane
-0.3200324773788452,Cyclohexane
-0.2989450693130493,Cyclohexane
0.071522831916809,NMP
0.0788051486015319,NMP
0.0196986198425292,NMP
0.0775429606437683,NMP
-0.0133919417858124,NMP
0.0068859159946441,NMP
0.0221343040466308,NMP
0.027515023946762,NMP
-0.0262015883154333,NMP
-0.0586137771606445,NMP
0.3002440575510263,DMSO
0.2046265006065368,DMSO
0.2402811646461486,DMSO
-0.1842923601892042,DMSO
-0.2812366485595703,DMSO
0.1188490390777587,Ethylene glycol
0.2049796655774116,Ethylene glycol
0.1556107252836228,Ethylene glycol
0.2061285376548767,Ethylene glycol
0.2887886970547023,Ethylene glycol
-0.1104009747505188,DMSO
-0.1017547845840457,DMSO
-0.0806989073753357,DMSO
-0.0741833448410034,DMSO
-0.0593945384025572,DMSO
-0.1224374771118165,DMSO
-0.1544548869132994,DMSO
-0.1764925718307496,DMSO
-0.235970914363861,DMSO
0.4355950355529785,Ethylene glycol
0.4660756587982179,Ethylene glycol
0.4479140833753269,Ethylene glycol
0.3425879895978065,Ethylene glycol
0.4042949951187424,Ethylene glycol
0.4372409327180257,Ethylene glycol
0.4537930717011651,Ethylene glycol
0.5100919529795647,Ethylene glycol
0.5073570460081102,Ethylene glycol
0.5932291597127916,Ethylene glycol
0.5320228934288026,Ethylene glycol
0.4318945035338402,Ethylene glycol
-0.3388887643814087,Cyclohexane
-0.2931714057922363,Cyclohexane
-0.4278661608695984,Cyclohexane
-0.3902819752693177,Cyclohexane
-0.3376901149749756,Cyclohexane
-0.3574440479278565,Cyclohexane
-0.3428846597671509,Cyclohexane
-0.2980674207210541,Cyclohexane
-0.313022255897522,Cyclohexane
-0.2381891831755639,Cyclohexane
-0.1752571910619735,Cyclohexane
-0.0544644445180892,Cyclohexane
-0.0653972029685974,Cyclohexane
-0.0441179871559143,Cyclohexane
-0.1298931241035461,Cyclohexane
-0.1769486069679261,Cyclohexane
-0.2091212272644043,Cyclohexane
-0.0559345707297325,n-Propyl acetate
0.0003621755167842,n-Propyl acetate
-0.0553671568632126,n-Propyl acetate
-0.0794334560632705,n-Propyl acetate
-0.0085628479719161,n-Propyl acetate
-0.044026323636008,n-Propyl acetate
0.0342678274958103,n-Propyl acetate
-0.0036762209520174,n-Propyl acetate
0.1378785098755774,n-Propyl acetate
-0.0439980598757195,Ethylene glycol
-0.2860435245265285,Ethylene glycol
-0.182683527469635,Ethylene glycol
-0.1773234605789185,Ethylene glycol
-0.4035173952579498,Ethylene glycol
-0.5817273035645485,Ethylene glycol
-0.1752941608428955,Cyclohexane
-0.1363477706909179,Cyclohexane
-0.1059527397155761,Cyclohexane
-0.1090842485427856,Cyclohexane
-0.0672599077224731,Cyclohexane
-0.271004557609558,Cyclohexane
-0.1489808559417724,Cyclohexane
-0.2496200799942015,Cyclohexane
-0.0092033520340919,NMP
0.0202299728989601,NMP
0.0131900385022163,NMP
-0.0686687482520937,NMP
-0.0808115825057029,NMP
-0.0502388598397374,NMP
-0.0667427573353052,NMP
-0.0345904976129531,NMP
-0.0346192717552185,NMP
-0.0562284365296363,NMP
-0.0592821091413497,NMP
-0.0801752284169197,NMP
-0.0813149511814117,NMP
-0.049515351653099,NMP
-0.066752016544342,NMP
0.1348233222961425,Ethylene glycol
0.0779294967651367,Ethylene glycol
0.0197653770446777,Ethylene glycol
-0.0739748477935789,Ethylene glycol
-0.0178017616271973,Ethylene glycol
-0.1594811677932739,Ethylene glycol
-0.0988680124282835,Ethylene glycol
-0.065196394920349,Ethylene glycol
-0.0049799680709837,Ethylene glycol
0.0081813335418701,Ethylene glycol
-0.052368402481079,Cyclohexane
-0.061144471168518,Cyclohexane
-0.1042661666870116,Cyclohexane
-0.0301907062530517,Cyclohexane
-0.335551142692566,Cyclohexane
-0.3401862382888794,Cyclohexane
-0.3406699895858764,Cyclohexane
-0.2821985483169555,Cyclohexane
-0.2922443151473999,Cyclohexane
-0.2893270254135132,Cyclohexane
-0.2911347150802613,Cyclohexane
-0.1997072696685791,Cyclohexane
-0.1968406438827515,Cyclohexane
-0.1203880310058593,Cyclohexane
-0.1572158336639404,Cyclohexane
-0.1270811557769776,Cyclohexane
-0.1346181631088256,Cyclohexane
-0.0764493346214293,Cyclohexane
-0.0572198033332825,Cyclohexane
0.0645726276007541,Cyclohexane
0.0279179179051304,Cyclohexane
-0.1082615344862164,Cyclohexane
-0.1264011961669426,Cyclohexane
0.0283696464876683,Cyclohexane
0.0575544583401012,Cyclohexane
0.0918205306398542,Cyclohexane
0.2373183257877827,Cyclohexane
-0.0284194648265838,NMP
-0.0997661054134368,NMP
-0.0459581911563873,NMP
-0.0408463478088378,NMP
-0.037276268005371,NMP
-0.0027216672897338,NMP
-0.0032610297203063,NMP
-0.0339707732200622,NMP
0.0331036448478699,NMP
0.047143280506134,NMP
-0.1515401303768158,DMSO
-0.1319203972816467,DMSO
-0.080302357673645,DMSO
-0.0275723934173584,DMSO
-0.0496141314506531,DMSO
-0.0012124776840209,DMSO
0.0104432702064514,DMSO
0.0155103802680969,DMSO
0.064258575439453,DMSO
0.0605694651603698,DMSO
0.0920779705047608,DMSO
0.0847192406654357,DMSO
0.0370903015136718,DMSO
0.0215715169906616,DMSO
0.0315628051757811,Ethylene glycol
-0.0116996765136719,Ethylene glycol
-0.0124435424804687,Ethylene glycol
-0.0182745456695556,Ethylene glycol
0.0305230617523193,Ethylene glycol
0.1212019920349121,Ethylene glycol
0.0447096069403426,Ethylene glycol
-0.0056946277618407,Ethylene glycol
0.0130470411572632,Ethylene glycol
-0.3916834592819214,Cyclohexane
-0.3431644439697265,Cyclohexane
-0.329317569732666,Cyclohexane
-0.2561124563217164,Cyclohexane
-0.2605206966400146,Cyclohexane
-0.2588915824890135,Cyclohexane
-0.2583577632904053,Cyclohexane
-0.1142102479934692,Cyclohexane
-0.1019302606582641,Cyclohexane
-0.1260544061660766,Cyclohexane
-0.0996056795120239,Cyclohexane
-0.0460764169692993,Cyclohexane
-0.0493959188461303,Cyclohexane
0.3828301429748535,Ethylene glycol
0.3869740962982178,Ethylene glycol
0.3766934871673584,Ethylene glycol
0.2824590206146239,Ethylene glycol
0.3013606071472168,Ethylene glycol
-0.0980825424194336,Ethylene glycol
-0.1730546951293946,Ethylene glycol
-0.1705219745635986,Ethylene glycol
-0.134512424468994,Ethylene glycol
-0.2009961605072021,Ethylene glycol
0.0003149509429931,Ethylene glycol
0.0505392551422119,Ethylene glycol
0.0583506822586059,Ethylene glycol
0.0470387935638427,Ethylene glycol
0.1036474704742432,Ethylene glycol
0.0612728761884352,n-Propyl acetate
0.0390586202046901,n-Propyl acetate
0.0202106660523744,n-Propyl acetate
0.0522900299971967,n-Propyl acetate
-0.041757921041609,n-Propyl acetate
-0.0098436359021205,n-Propyl acetate
-0.0783367353154614,n-Propyl acetate
-0.0088852643966675,n-Propyl acetate
-0.0505374670028686,n-Propyl acetate
-0.5175355970859528,Cyclohexane
-0.4139627330005169,Cyclohexane
-0.4024283960461616,Cyclohexane
-0.4168598800897598,Cyclohexane
-0.3695991635322571,Cyclohexane
-0.3419118709862232,Cyclohexane
-0.3010983467102051,Cyclohexane
-0.2762688100337982,Cyclohexane
-0.242382824420929,Cyclohexane
-0.2285711467266083,Cyclohexane
-0.2724647521972657,Cyclohexane
0.0811891555786132,Ethylene glycol
0.110824465751648,Ethylene glycol
0.1354457139968873,Ethylene glycol
0.0889130830764771,Ethylene glycol
0.1404651403427124,Ethylene glycol
0.1767687797546387,Ethylene glycol
0.1761816740036011,Ethylene glycol
0.2215760946273804,Ethylene glycol
0.2058123350143433,Ethylene glycol
0.4329619407653809,n-Propyl acetate
0.473912239074707,n-Propyl acetate
0.4197137355804444,n-Propyl acetate
0.2716372013092041,n-Propyl acetate
0.2654807567596436,n-Propyl acetate
0.2654607239108842,n-Propyl acetate
0.2104937913890507,n-Propyl acetate
0.1260037697489151,n-Propyl acetate
-0.0359630212296621,n-Propyl acetate
0.0327165848182358,n-Propyl acetate
-0.0657276636905646,n-Propyl acetate
-0.0349242178162745,n-Propyl acetate
0.0089630457808165,n-Propyl acetate
0.018099690741042,n-Propyl acetate
0.0574451923214165,n-Propyl acetate
0.0266809463500976,n-Propyl acetate
0.052531361579895,n-Propyl acetate
0.0455653667449951,DMSO
0.0128304958343505,DMSO
-0.0975959300994873,DMSO
-0.0942440032958984,DMSO
-0.0925471782684326,DMSO
-0.1494960784912109,DMSO
-0.1381447315216064,DMSO
-0.0825669765472412,DMSO
-0.074587345123291,DMSO
-0.0862252712249755,DMSO
-0.0573422908782959,DMSO
-0.1234581470489502,DMSO
-0.1303924322128296,DMSO
-0.1297341585159301,DMSO
-0.1426374912261963,DMSO
-0.1459294557571411,DMSO
-0.1498674154281616,DMSO
0.0142640377099798,n-Propyl acetate
0.1975476607719484,n-Propyl acetate
0.2272071981137156,n-Propyl acetate
0.177143652407701,n-Propyl acetate
0.228913426399231,n-Propyl acetate
0.1556644989079568,n-Propyl acetate
0.0952460765838623,n-Propyl acetate
0.0915450917516624,n-Propyl acetate
0.1826634726832293,NMP
0.0190239383713788,NMP
0.0367810838356142,NMP
-0.0488616384084902,NMP
-0.1118452699017308,NMP
-0.034101406705685,NMP
-0.0522182352947276,NMP
0.0568782687187195,NMP
-0.0032818261066204,NMP
-0.0624452726409544,NMP
-0.3877887725830078,DMSO
-0.3505228757858276,DMSO
-0.40706467628479,DMSO
-0.2243157625198364,DMSO
-0.1628962755203247,DMSO
-0.3445731401443486,DMSO
-0.4540499448776243,DMSO
-0.2964701652526857,DMSO
-0.2498749494552612,DMSO
-0.3279008865356445,DMSO
-0.038916528224945,Ethylene glycol
-0.1623605489730835,Ethylene glycol
-0.087228000164032,Ethylene glycol
-0.0640921592712402,Ethylene glycol
-0.1334840059280395,Ethylene glycol
-0.11131352186203,Ethylene glycol
-0.1502452492713929,Ethylene glycol
-0.2223493456840515,Ethylene glycol
-0.1081010103225707,Ethylene glycol
-0.1795152425765991,Ethylene glycol
-0.0110738443793041,Cyclohexane
0.0762299834184513,Cyclohexane
-0.0052886097071971,Cyclohexane
0.0514848052307855,Cyclohexane
-0.087503386699741,Cyclohexane
-0.0246262157072333,Cyclohexane
0.0785661637783051,Cyclohexane
0.0590950250625611,Cyclohexane
0.0539106726646424,Cyclohexane
0.0546096563339233,Cyclohexane
0.0417379140853882,Cyclohexane
0.0237032771110535,Cyclohexane
0.1303877830505371,Cyclohexane
0.1364253759384155,Cyclohexane
0.1737573146820067,n-Propyl acetate
0.1134800910949707,n-Propyl acetate
0.0704185366630553,n-Propyl acetate
0.0559918880462646,n-Propyl acetate
0.1498211622238159,n-Propyl acetate
0.1352293491363525,n-Propyl acetate
0.1864880621433258,n-Propyl acetate
0.1701425909996033,n-Propyl acetate
0.1875770539045334,n-Propyl acetate
-0.3652822971343995,Cyclohexane
-0.3060787916183471,Cyclohexane
-0.2799589335918427,Cyclohexane
-0.2804416902363301,Cyclohexane
-0.1577234268188476,Cyclohexane
-0.0942633748054505,Cyclohexane
-0.1231983900070191,Cyclohexane
-0.0849058628082275,NMP
-0.0862666094637097,NMP
0.0505107995014095,NMP
0.0094194944530941,NMP
0.0747253894805907,NMP
0.0530540943145751,Ethylene glycol
0.0750267017280253,Ethylene glycol
-0.0223158726919794,Ethylene glycol
0.0011698007583617,Ethylene glycol
0.0554350750416871,Ethylene glycol
0.0076148509979247,n-Propyl acetate
0.0491926670074463,n-Propyl acetate
0.0968656539916991,n-Propyl acetate
0.1121323704719543,n-Propyl acetate
0.0942032933235168,n-Propyl acetate
0.1206992864608764,n-Propyl acetate
0.0906023383140564,n-Propyl acetate
0.0810176730155944,n-Propyl acetate
0.0364455580711365,n-Propyl acetate
0.1677372455596923,NMP
0.1593385636806488,NMP
0.1428353488445282,NMP
0.2495147436857223,NMP
0.3151234667748213,NMP
-0.693863183259964,DMSO
-0.6620210111141205,DMSO
-0.6500415205955505,DMSO
-0.6194713115692139,DMSO
-0.4624336808919907,DMSO
-0.1392158974532602,Ethylene glycol
0.1302567861087827,Ethylene glycol
0.4122768115114903,Ethylene glycol
0.4978282679143603,Ethylene glycol
0.6086513996124269,Ethylene glycol
-0.4447533786296845,NMP
-0.4278330206871032,NMP
-0.4140114039182663,NMP
-0.3927015662193298,NMP
-0.3648803830146789,NMP
-0.2797484695911407,NMP
-0.2728128880262375,NMP
-0.2423681542277336,NMP
-0.2368952855467796,NMP
-0.2382441777735948,NMP
-0.2397837359458208,NMP
-0.170169397490099,NMP
-0.1539353958796709,NMP
-0.125128474086523,NMP
-0.1332164108753204,NMP
-0.010028839111328,n-Propyl acetate
0.1293418407440186,n-Propyl acetate
0.132251501083374,n-Propyl acetate
0.1655259132385254,n-Propyl acetate
0.239270269870758,n-Propyl acetate
0.1580340266227722,n-Propyl acetate
0.0938816070556641,n-Propyl acetate
0.150775671005249,n-Propyl acetate
0.2676693201065064,n-Propyl acetate
-0.2566467523574829,Cyclohexane
-0.2577340602874756,Cyclohexane
-0.2635031938552856,Cyclohexane
-0.1387331485748288,Cyclohexane
-0.2429129481315615,Cyclohexane
-0.1794177293777465,Cyclohexane
-0.2395151853561403,Cyclohexane
-0.172670841217041,Cyclohexane
-0.0262280702590942,Cyclohexane
0.0125156641006469,Cyclohexane
-0.0108666419982907,Cyclohexane
0.1821843981742859,Cyclohexane
0.209715485572815,Cyclohexane
0.2621752619743347,Cyclohexane
0.1253519058227538,Cyclohexane
0.1708116829395295,Cyclohexane
0.1365639865398407,Cyclohexane
0.1410874277353286,Cyclohexane
0.1027763932943343,Cyclohexane
0.0087157264351845,Cyclohexane
-0.1133538633584976,Cyclohexane
-0.0576696507632732,Cyclohexane
0.3548165163507301,Ethylene glycol
0.3781780600547791,Ethylene glycol
0.3668192923068999,Ethylene glycol
0.2479669749736787,Ethylene glycol
0.2803202718496322,Ethylene glycol
0.1651677340269088,Ethylene glycol
0.2132768798619508,Ethylene glycol
0.0834519984200596,Ethylene glycol
0.1522336490452289,Ethylene glycol
0.1840285807847977,Ethylene glycol
0.0263921022415161,n-Propyl acetate
0.0282713174819946,n-Propyl acetate
0.0889240503311157,n-Propyl acetate
0.0514994859695434,n-Propyl acetate
0.016505241394043,n-Propyl acetate
0.0013035535812377,n-Propyl acetate
-0.0619585514068604,n-Propyl acetate
-0.1446663141250611,n-Propyl acetate
-0.1030085003822034,n-Propyl acetate
-0.1244392022490501,n-Propyl acetate
-0.1232258453965187,n-Propyl acetate
-0.1427263841032982,n-Propyl acetate
-0.0889796689152718,n-Propyl acetate
-0.0314822494983673,n-Propyl acetate
-0.0920219868421555,n-Propyl acetate
-0.0518216490745545,n-Propyl acetate
-0.112855702638626,n-Propyl acetate
-0.1071115732192992,n-Propyl acetate
0.0504094809293747,NMP
0.0552654443308711,NMP
0.0773995572235435,NMP
0.1502733836729696,NMP
0.0760864883531075,NMP
0.0621284865550196,NMP
-0.0596130192279815,NMP
0.009907603263855,NMP
0.0387848019599914,NMP
0.0293549747281119,NMP
0.1984891891479492,Ethylene glycol
0.1413125991821291,Ethylene glycol
0.1275216341018676,Ethylene glycol
0.1446840763092041,Ethylene glycol
0.2366142272949218,Ethylene glycol
0.2639292478561401,Ethylene glycol
0.2179213762283326,Ethylene glycol
0.3234041929244995,Ethylene glycol
0.3840088844299316,Ethylene glycol
0.3115929365158081,Ethylene glycol
-0.0157237648963928,Cyclohexane
-0.0734803676605224,Cyclohexane
-0.180440008640289,Cyclohexane
-0.089921176433563,Cyclohexane
-0.1447821259498596,Cyclohexane
-0.0227192640304569,Cyclohexane
-0.1265926957130434,Cyclohexane
-0.0498928129673004,Cyclohexane
-0.1589663028717041,Cyclohexane
-0.1346216201782226,Cyclohexane
-0.0580806732177734,Cyclohexane
-0.2147929668426513,Cyclohexane
-0.2522413730621338,Cyclohexane
-0.3321666717529297,Cyclohexane
-0.3143842220306397,Cyclohexane
-0.4770853519439697,Cyclohexane
-0.5074894428253174,Cyclohexane
-0.096768493988839,NMP
-0.1347654976670983,NMP
-0.1341194093166731,NMP
-0.3134056329727173,NMP
-0.2718231678009034,NMP
-0.2819396555423737,NMP
-0.2200158536434174,NMP
-0.2839176952838898,NMP
-0.4009001553058623,NMP
-0.0798382344383049,n-Propyl acetate
-0.0979084968566894,n-Propyl acetate
-0.1729037761688233,n-Propyl acetate
-0.1269639647416696,n-Propyl acetate
-0.1034727548559013,n-Propyl acetate
-0.1014072895050049,n-Propyl acetate
-0.0561127662658692,n-Propyl acetate
-0.0876555442810058,n-Propyl acetate
-0.080589771270752,n-Propyl acetate
-0.1181016617762394,n-Propyl acetate
-0.7098689079284666,NMP
-0.7717379927635192,NMP
-0.7307841181755066,NMP
-0.6675747036933899,NMP
-0.7203882932662965,NMP
-0.7491317391395569,NMP
-0.7055609822273257,NMP
-0.6179101467132568,NMP
-0.5829272866249086,NMP
-0.5454620122909545,NMP
-0.5634273290634156,DMSO
-0.5389912128448486,DMSO
-0.6486857533454895,DMSO
-0.5927371382713318,DMSO
-0.5620499849319458,DMSO
-0.5025047957897186,DMSO
-0.4333705902099609,DMSO
0.0380024909973145,Ethylene glycol
0.0086518523018784,Ethylene glycol
0.100798487663269,Ethylene glycol
0.1155400276184081,Ethylene glycol
0.2095447182655335,Ethylene glycol
0.3155883550643921,Ethylene glycol
-0.319346010684967,NMP
-0.2771323323249817,NMP
-0.215172827243805,NMP
-0.2063657641410828,NMP
-0.1862219572067261,NMP
-0.7285285592079164,DMSO
-0.5921177268028259,DMSO
-0.4878209233283996,DMSO
-0.4442742466926574,DMSO
-0.447583556175232,DMSO
0.2718285562423992,NMP
0.3312635570764542,NMP
0.259013555943966,NMP
0.2839281484484673,NMP
0.1819545738399028,NMP
0.1971237622201443,NMP
0.1699332371354103,NMP
0.1208664029836655,NMP
0.0959170907735825,NMP
-0.2863780111074447,DMSO
-0.3575584436766803,DMSO
-0.1973263695836067,DMSO
-0.1391629129648208,DMSO
-0.1109549254179,DMSO
-0.0843951404094696,DMSO
-0.0382485985755919,DMSO
-0.0093731284141539,Ethylene glycol
-0.0909424424171448,Ethylene glycol
-0.1410964727401732,Ethylene glycol
-0.0715093910694121,Ethylene glycol
0.043974995613098,Ethylene glycol
0.0518961846828461,Ethylene glycol
0.0660561025142669,Ethylene glycol
-0.0427951589226723,Ethylene glycol
-0.1460343077778816,Ethylene glycol
-0.1026825904846191,Cyclohexane
-0.0819971561431884,Cyclohexane
0.0816133022308349,Cyclohexane
0.1160533428192139,Cyclohexane
0.0892190933227538,Cyclohexane
0.1077197790145874,Cyclohexane
0.0321329832077026,Cyclohexane
0.2642678022384644,Cyclohexane
0.1046427488327027,Cyclohexane
0.0600579977035521,Cyclohexane
-0.2892444095139737,NMP
-0.3473042249679565,NMP
-0.2185941338539123,NMP
-0.2242807447910308,NMP
-0.3576139062643051,NMP
-0.1976940631866455,NMP
-0.2965053953230381,NMP
-0.1918425485491752,NMP
-0.2935751397162676,NMP
-0.310083169490099,NMP
-0.4472550515308915,DMSO
-0.461049266833564,DMSO
-0.494769436262591,DMSO
-0.528485896530633,DMSO
-0.5952409863610942,DMSO
-0.5798243954777719,DMSO
-0.6244638860225677,DMSO
-0.6101810187101364,DMSO
0.3655965328216554,Ethylene glycol
0.2824780941009522,Ethylene glycol
0.307243824005127,Ethylene glycol
0.3118424415588379,Ethylene glycol
0.2101449966430665,Ethylene glycol
0.1281878352165222,Ethylene glycol
0.0218851566314696,Ethylene glycol
0.0598930120468139,Ethylene glycol
-0.0509642362594605,Ethylene glycol
-0.0226656794548034,Ethylene glycol
-0.0646674633026123,Ethylene glycol
-0.0706148743629455,Ethylene glycol
-0.1525837779045105,Ethylene glycol
-0.1524731516838074,Ethylene glycol
-0.047103226184845,Ethylene glycol
-0.0031429529190064,Ethylene glycol
0.0646043717861175,Ethylene glycol
0.0392399728298187,Ethylene glycol
-0.013019859790802,Ethylene glycol
-0.0513811409473419,Ethylene glycol
0.0812727212905883,n-Propyl acetate
0.1608763933181762,n-Propyl acetate
0.1620371341705322,n-Propyl acetate
0.1835558414459229,n-Propyl acetate
0.2494423389434814,n-Propyl acetate
0.1313437819480896,n-Propyl acetate
0.1277032494544983,n-Propyl acetate
0.0298629403114318,n-Propyl acetate
-0.0150983333587647,n-Propyl acetate
0.0554124116897583,n-Propyl acetate
-0.6231787204742432,DMSO
-0.5429916977882386,DMSO
-0.59314101934433,DMSO
-0.6170501112937925,DMSO
-0.538057267665863,DMSO
-0.41443657875061,DMSO
-0.3678330779075622,DMSO
-0.5648549199104309,NMP
-0.5543840527534488,NMP
-0.6907886564731597,NMP
-0.5837986469268799,NMP
-0.5555380582809448,NMP
-0.4974692761898043,NMP
-0.5819690674543381,NMP
-0.5434361100196838,NMP
-0.5434361100196838,NMP
-0.4847109410911798,NMP
-0.4847109410911797,NMP
-0.4847109410911799,NMP
-0.4847109410911798,NMP
-0.1232823729515075,DMSO
-0.1232823729515076,DMSO
-0.0618518590927124,DMSO
-0.0511012971401214,DMSO
-0.1288352459669113,DMSO
-0.1288352459669113,DMSO
-0.2337985932826994,DMSO
-0.209461972117424,DMSO
-0.2498403117060661,DMSO
-0.2498403117060661,DMSO
-0.2498403117060661,DMSO
-0.1411038637161255,DMSO
-0.0288530439138412,DMSO
0.0007310062646865,DMSO
0.0007310062646865,DMSO
-0.0146419703960418,DMSO
-0.1283201277256012,DMSO
-0.1823701784014701,DMSO
-0.1823701784014701,DMSO
-0.1684388145804405,DMSO
-0.1738446801900863,DMSO
-0.1738446801900863,DMSO
-0.1667439546436071,DMSO
-0.1667439546436071,DMSO
-0.1667439546436071,DMSO
-0.1667439546436071,DMSO
-0.1667439546436071,DMSO
-0.2879549306358534,NMP
-0.3969204425811767,NMP
-0.4440725445747375,NMP
-0.4477119445800781,NMP
-0.4129676818847657,NMP
-0.4832027554512024,NMP
-0.6857901215553284,NMP
-0.5464372634887695,NMP
-0.5645017027854919,NMP
-0.6753649711608888,NMP
-0.2982586026191712,DMSO
-0.2637921571731567,DMSO
-0.2765166163444519,DMSO
-0.3894264217984199,DMSO
-0.3773036152124405,DMSO
-0.3399239182472229,DMSO
-0.3920588791370392,DMSO
0.1420641722344223,Ethylene glycol
0.1744713289392737,Ethylene glycol
0.1684610972747142,Ethylene glycol
0.0996692108828906,Ethylene glycol
0.0678160881994461,Ethylene glycol
0.0501064428613691,Ethylene glycol
-0.201085120723568,Ethylene glycol
-0.1682426087901353,Ethylene glycol
-0.1957451516914283,Ethylene glycol
-0.1314914546942949,Ethylene glycol
-0.3966382145881653,Cyclohexane
-0.3432450921245618,Cyclohexane
-0.3571899980306626,Cyclohexane
-0.2742333114147186,Cyclohexane
-0.3197262659668922,Cyclohexane
-0.3365863934159279,Cyclohexane
-0.406073570251465,DMSO
-0.4509081840515136,DMSO
-0.5315300226211548,DMSO
-0.5571414232254028,DMSO
-0.2070566415786743,DMSO
-0.0540556907653808,DMSO
0.3923373222351074,NMP
0.4545800685882569,NMP
0.4735017311474286,NMP
0.3369217869435346,NMP
0.0053271293050124,NMP
-0.1166514793366375,NMP
-0.3999134719218138,NMP
-0.5204315185546875,NMP
-0.525471568107605,NMP
-0.4726973772048951,NMP
-0.233605146408081,DMSO
-0.3618559837341306,DMSO
-0.359082818031311,DMSO
-0.2448078393936155,DMSO
-0.1161673069000241,DMSO
-0.078737139701843,DMSO
-0.0814483165740966,DMSO
-0.0097126960754394,DMSO
-0.1111472845077514,DMSO
-0.0764635801315307,DMSO
-0.1545603275299074,Ethylene glycol
0.0371594429016113,Ethylene glycol
0.0572874546051025,Ethylene glycol
0.1770174503326416,Ethylene glycol
0.063359260559082,Ethylene glycol
0.0553724765777587,Ethylene glycol
0.0063602924346924,Ethylene glycol
-0.0174583196640014,Ethylene glycol
-0.0141155719757079,Ethylene glycol
-0.0368775129318237,Ethylene glycol
-0.1328792572021485,Cyclohexane
-0.2079370021820067,Cyclohexane
-0.1130597591400147,Cyclohexane
-0.0312184669538471,Cyclohexane
0.0109267829825521,Cyclohexane
0.002298355102539,Cyclohexane
-0.0171172618865967,Cyclohexane
0.0380161395026768,Cyclohexane
0.109317201406431,Cyclohexane
0.2033987045288086,Cyclohexane
-0.1082811371261596,n-Propyl acetate
-0.1006634165229343,n-Propyl acetate
-0.0572643161649337,n-Propyl acetate
-0.0661395813665901,n-Propyl acetate
-0.0174325445866113,n-Propyl acetate
-0.0574413397146243,n-Propyl acetate
-0.0037324806889099,n-Propyl acetate
-0.0078683286537218,n-Propyl acetate
-0.0061582937417833,n-Propyl acetate
-0.0112555738263639,n-Propyl acetate
0.5524219870567322,DMSO
0.5593993365764618,DMSO
0.5258029997348785,DMSO
0.4620498120784759,DMSO
0.4465654492378235,DMSO
0.3457334339618683,DMSO
0.378766268491745,DMSO
0.29707470536232,DMSO
0.32410529255867,DMSO
0.3041513562202453,DMSO
-0.1391620635986328,DMSO
-0.1021609306335449,DMSO
0.0357623100280762,DMSO
0.0857417583465576,DMSO
0.1776606615100364,DMSO
0.2304341793060302,DMSO
0.1325005987516672,DMSO
0.1590463402112903,DMSO
0.2687935406070734,DMSO
0.2036652565002442,Ethylene glycol
0.0788321495056152,Ethylene glycol
0.030186653137207,Ethylene glycol
0.096611499786377,Ethylene glycol
-0.0482525825500487,Ethylene glycol
-0.1289353370666504,Ethylene glycol
0.056915283203125,Ethylene glycol
0.0262722969055176,Ethylene glycol
0.0298585891723633,Ethylene glycol
0.1480107307434082,Ethylene glycol
-0.3183327335037256,NMP
-0.2980163027789771,NMP
-0.3538726968535862,NMP
-0.3199252486228943,NMP
-0.2099297642707825,NMP
-0.2458110451698303,NMP
-0.2812530398368836,NMP
-0.2512686252593993,NMP
-0.1980506398647814,NMP
-0.2545398416078518,NMP
-0.1597580768297954,DMSO
-0.2130188184938425,DMSO
-0.0801703809184147,DMSO
-0.0023901327064281,DMSO
-0.0820180144243074,DMSO
-0.0828596904685008,DMSO
-0.1106654850249074,DMSO
-0.1024456225124626,DMSO
0.0545498672933266,Ethylene glycol
0.1197196350189115,Ethylene glycol
0.2157000117968409,Ethylene glycol
0.2184016891037812,Ethylene glycol
0.2264961023919174,Ethylene glycol
0.2694985740988023,Ethylene glycol
0.3245337171283339,Ethylene glycol
0.4290740354571742,Ethylene glycol
0.4963055172339828,Ethylene glycol
0.654758455683311,Ethylene glycol
-0.1638177386355526,DMSO
0.0717665463971611,DMSO
-0.0626288011236253,DMSO
0.1941250530336939,DMSO
0.2785667777061463,DMSO
0.1468426585197449,DMSO
0.1019160151481628,DMSO
0.0388251822246037,DMSO
0.4814841747283936,Ethylene glycol
0.3553186655044556,Ethylene glycol
0.3181952238082886,Ethylene glycol
0.2130756378173828,Ethylene glycol
0.2823305130004883,Ethylene glycol
0.3195685148239136,Ethylene glycol
0.1872675418853759,Ethylene glycol
0.2200740575790404,Ethylene glycol
0.2210114002227783,Ethylene glycol
0.2486131191253662,Ethylene glycol
0.0113699436187744,Cyclohexane
0.0389926433563231,Cyclohexane
0.0090460777282714,Cyclohexane
-0.0418617725372313,Cyclohexane
-0.0255324840545654,Cyclohexane
-0.0471062660217285,Cyclohexane
-0.0458147525787352,Cyclohexane
-0.0446248054504395,Cyclohexane
-0.018774390220642,Cyclohexane
-0.5436161756515503,NMP
-0.6662927865982056,NMP
-0.6199544072151184,NMP
-0.7250064313411713,NMP
-0.6797592639923096,NMP
-0.5985543429851534,NMP
-0.5518380999565125,NMP
-0.5631374269723893,NMP
-0.5699381530284882,NMP
-0.3183074753140305,DMSO
-0.2207246076881235,DMSO
-0.3223575084994051,DMSO
-0.2859304593112284,DMSO
-0.2581204401482961,DMSO
-0.3245298378676423,DMSO
-0.3396519434241882,DMSO
-0.2525014381080218,DMSO
-0.20115174492462,DMSO
-0.3441834449768067,Ethylene glycol
-0.4328550100326538,Ethylene glycol
-0.3680260181427002,Ethylene glycol
-0.3704060316085815,Ethylene glycol
-0.3487152457237245,Ethylene glycol
-0.2899260520935059,Ethylene glycol
-0.2418480515480042,Ethylene glycol
-0.3065911531448365,Ethylene glycol
-0.3726413398981095,Ethylene glycol
-0.4359486103057861,Cyclohexane
-0.5272676944732666,Cyclohexane
-0.4317231178283691,Cyclohexane
-0.357560396194458,Cyclohexane
-0.4297749996185303,Cyclohexane
-0.3052656650543213,Cyclohexane
-0.262216567993164,Cyclohexane
-0.2783750295639038,Cyclohexane
-0.2618887424468994,Cyclohexane
-0.2091246843338013,Cyclohexane
0.2091543078422547,NMP
0.2629738003015519,NMP
0.2372973337769509,NMP
0.3465708047151565,NMP
0.3945041075348854,NMP
0.3160239830613136,NMP
0.2223998904228211,NMP
0.2863675709813833,NMP
0.2644985429942608,NMP
0.2243298441171646,NMP
-0.0706641674041748,Ethylene glycol
-0.0376399755477905,Ethylene glycol
-0.0575505495071411,Ethylene glycol
0.0124324560165405,Ethylene glycol
-0.1137331724166869,Ethylene glycol
-0.1142671108245849,Ethylene glycol
-0.0601464509963989,Ethylene glycol
-0.1367992162704467,Ethylene glycol
-0.025231122970581,Ethylene glycol
-0.0830796957015991,Ethylene glycol
-0.4924583435058595,NMP
-0.487053394317627,NMP
-0.5076085329055786,NMP
-0.3491122722625733,NMP
-0.4059909582138061,NMP
-0.2189348936080933,NMP
-0.24665367603302,NMP
-0.2283936738967895,NMP
-0.225095808506012,NMP
-0.2338401079177857,NMP
-1.093884289264679,DMSO
-1.063088357448578,DMSO
-1.0828702449798586,DMSO
-1.0470480918884275,DMSO
-0.7330804467201236,DMSO
-0.7599727511405946,DMSO
-0.6956952810287476,DMSO
-0.6574114561080932,DMSO
-0.6758864521980286,DMSO
-0.0153284072875976,Ethylene glycol
0.0679495334625244,Ethylene glycol
0.0622720718383789,Ethylene glycol
0.018874168395996,Ethylene glycol
-0.048133373260498,Ethylene glycol
-0.0279803276062011,Ethylene glycol
0.07621431350708,Ethylene glycol
0.0694184303283691,Ethylene glycol
0.2020719051361084,Ethylene glycol
0.1455976963043213,Ethylene glycol
0.0017761588096619,NMP
-0.0761298537254334,NMP
-0.0741423368453979,NMP
-0.0566903054714202,NMP
-0.0594002306461334,NMP
-0.1115834259752793,NMP
-0.1398226618766785,NMP
-0.0887471907412386,NMP
-0.1143359839916229,NMP
-0.0455385857273723,NMP
-0.0840295871804148,NMP
0.101839876540123,NMP
0.0619823452149831,NMP
0.1779661728069186,NMP
0.1798014519736171,NMP
0.1299675703048707,NMP
0.1638127863407135,NMP
0.1731391251087189,NMP
0.1140727102756499,NMP
0.0040419101715087,NMP
0.0728316307067871,NMP
0.0821660757064819,NMP
0.0947911739349364,NMP
0.1224339604377747,NMP
0.7887960076332092,Ethylene glycol
0.7566307485103607,Ethylene glycol
0.6753347218036649,Ethylene glycol
0.5325789004564285,Ethylene glycol
0.5159240961074829,Ethylene glycol
0.4091292438097298,Ethylene glycol
-0.6069521605968475,Ethylene glycol
-0.5313699096441269,Ethylene glycol
-0.4696304500102997,Ethylene glycol
-0.4149883538484573,Ethylene glycol
-0.4505045041441918,Ethylene glycol
-0.3902102997526527,Ethylene glycol
-0.5090051591396332,Ethylene glycol
-0.3808022290468216,Ethylene glycol
-0.3494696393609048,Ethylene glycol
-0.2941700071096421,Ethylene glycol
-0.3027280569076538,Cyclohexane
-0.4298392534255981,Cyclohexane
-0.3992736339569092,Cyclohexane
-0.3373090028762816,Cyclohexane
-0.2959940433502196,Cyclohexane
-0.1881481409072876,Cyclohexane
-0.1905797719955444,Cyclohexane
-0.2001633644104005,Cyclohexane
-0.3019694685935974,Cyclohexane
-0.2490087151527407,Cyclohexane
0.0349687933921813,NMP
-0.0266618728637695,NMP
-0.0677558481693268,NMP
-0.170804351568222,NMP
-0.1104982197284699,NMP
-0.0561421513557434,NMP
-0.0727742910385131,NMP
-0.0677252411842346,NMP
-0.1066870093345642,NMP
-0.065665602684021,NMP
-0.1088634729385376,Ethylene glycol
-0.0880951881408692,Ethylene glycol
-0.0962293744087219,Ethylene glycol
-0.146290898323059,Ethylene glycol
-0.1780074834823609,Ethylene glycol
-0.2426797747611999,Ethylene glycol
-0.2008800506591797,Ethylene glycol
-0.1811394691467285,Ethylene glycol
-0.0989785194396973,Ethylene glycol
-0.0410051941871643,Ethylene glycol
0.165661685168743,NMP
0.0630677826702595,NMP
0.0646634586155414,NMP
0.017866514623165,NMP
0.0263957679271698,NMP
-0.0229752138257026,NMP
-0.0341838225722312,NMP
-0.0004504173994064,NMP
-0.0004792064428328,NMP
0.011219173669815,NMP
0.0087125599384308,NMP
0.1001633405685425,NMP
0.099786728620529,NMP
0.130115307867527,NMP
0.073685760455024,NMP
-0.3837597913883884,NMP
-0.274595320224762,NMP
-0.3977800941206141,NMP
-0.1415413838814495,NMP
-0.1193960096109253,NMP
-0.4246641397476196,Ethylene glycol
-0.2816314697265625,Ethylene glycol
-0.3498281240463257,Ethylene glycol
-0.4414403438568115,Ethylene glycol
-0.4969235658645631,Ethylene glycol
-0.4806896299123765,DMSO
-0.5994722098112106,DMSO
-0.5994722098112106,DMSO
-0.5898916050791742,DMSO
-0.5898916050791743,DMSO
-0.6438733041286469,DMSO
-0.643873304128647,DMSO
-0.39016592502594,DMSO
-0.39016592502594,DMSO
-0.3805618584156036,DMSO
-0.3805618584156036,DMSO
-0.2738710027188063,DMSO
-0.2738710027188063,DMSO
-0.2298609539866447,DMSO
-0.2389499992132187,DMSO
-0.5910991430282594,NMP
-0.5728719234466552,NMP
-0.525910973548889,NMP
-0.4023913145065307,NMP
-0.4005769491195677,NMP
-0.4678244590759277,NMP
-0.542452812194824,NMP
-0.400712251663208,NMP
0.446570634841919,Ethylene glycol
0.455782413482666,Ethylene glycol
0.3798182010650635,Ethylene glycol
0.3491659164428711,Ethylene glycol
0.3545353412628174,Ethylene glycol
0.3080532550811767,Ethylene glycol
0.2828454971313477,Ethylene glycol
0.1548600196838379,Ethylene glycol
0.1231706142425537,Ethylene glycol
-0.053415723145008,DMSO
-0.053415723145008,DMSO
0.0455521792173385,DMSO
0.0455521792173385,DMSO
-0.0215276479721069,DMSO
-0.0215276479721069,DMSO
-0.015891283750534,DMSO
-0.015891283750534,DMSO
-0.0919190347194671,DMSO
-0.0919190347194671,DMSO
-0.2440121173858642,Ethylene glycol
-0.2232601642608642,Ethylene glycol
-0.270733177661896,Ethylene glycol
-0.1758651733398435,Ethylene glycol
-0.2164232432842254,Ethylene glycol
-0.2772005796432493,Cyclohexane
-0.3448282480239868,Cyclohexane
-0.3852992057800293,Cyclohexane
-0.3928581476211548,Cyclohexane
-0.3376356363296509,Cyclohexane
-0.4463982582092285,Cyclohexane
-0.4083675146102905,Cyclohexane
-0.4307725429534912,Cyclohexane
-0.4785286784172056,Cyclohexane
-0.0517517998814581,NMP
-0.1015565842390061,NMP
-0.0273093916475773,NMP
-0.0201237127184868,NMP
0.0230749165639281,NMP
-0.0079709775745869,NMP
0.0767495930194854,NMP
0.1010172069072723,NMP
0.1173438429832459,NMP
0.0751480758190155,NMP
0.0080914520999567,Ethylene glycol
0.1207816600799559,Ethylene glycol
0.0667579174041747,Ethylene glycol
0.0975903272628783,Ethylene glycol
0.0619948804378509,Ethylene glycol
0.0054010748863221,Ethylene glycol
0.1357095837593079,Ethylene glycol
0.0841100066900253,Ethylene glycol
0.0371191948652268,Ethylene glycol
0.0379662923514843,Ethylene glycol
-0.729564905166626,Cyclohexane
-0.6697797775268555,Cyclohexane
-0.5589828491210938,Cyclohexane
-0.4275407791137695,Cyclohexane
-0.4492125511169433,Cyclohexane
-0.5561020374298096,Cyclohexane
-0.5253725051879883,Cyclohexane
-0.5822515487670898,Cyclohexane
-0.5681991577148438,Cyclohexane
-0.5979766845703127,Cyclohexane
0.333834171295166,Ethylene glycol
0.2982816696166993,Ethylene glycol
0.3183469772338867,Ethylene glycol
0.2516125440597535,Ethylene glycol
0.3186997175216675,Ethylene glycol
0.3613309264183044,Ethylene glycol
0.3409243822097778,Ethylene glycol
0.3760257959365845,Ethylene glycol
0.2788577675819397,Ethylene glycol
0.3373383283615113,Ethylene glycol
-0.497832477092743,Cyclohexane
-0.4582590162754059,Cyclohexane
-0.4655453264713288,Cyclohexane
-0.4853326845694599,Cyclohexane
-0.3727450519800186,Cyclohexane
-0.3686254764907062,Cyclohexane
-0.3236547410488129,Cyclohexane
0.1502108573913574,Ethylene glycol
0.2025054693222046,Ethylene glycol
0.0881404876708984,Ethylene glycol
0.1647889614105224,Ethylene glycol
-0.0020415782928466,Ethylene glycol
0.0874465703964233,Ethylene glycol
0.0352780818939209,Ethylene glycol
0.0401941537857055,Ethylene glycol
0.1394824981689453,Ethylene glycol
0.1640996932983398,Ethylene glycol
-0.3903113603591919,Cyclohexane
-0.4360895752906799,Cyclohexane
-0.3323658108711242,Cyclohexane
-0.2818982899188996,Cyclohexane
-0.2788361310958862,Cyclohexane
-0.3599278628826141,Cyclohexane
-0.1617164313793182,Cyclohexane
-0.0259236010028708,n-Propyl acetate
-0.0569660395013217,n-Propyl acetate
0.0037712377218107,n-Propyl acetate
0.1105508204895533,n-Propyl acetate
0.1332748069135176,n-Propyl acetate
0.1560126543045044,n-Propyl acetate
0.0597105622291564,n-Propyl acetate
0.039443850517273,n-Propyl acetate
0.1061767339706421,n-Propyl acetate
-0.1065670847892761,NMP
-0.1173682808876038,NMP
-0.1358502507209777,NMP
-0.1897570490837096,NMP
-0.1815527081489563,NMP
-0.202261209487915,NMP
-0.1299619674682616,NMP
-0.061273455619812,NMP
-0.0311872959136962,NMP
-0.5310660600662231,Ethylene glycol
-0.5820177495479584,Ethylene glycol
-0.4958227872848511,Ethylene glycol
-0.4860986769199371,Ethylene glycol
-0.3564707934856415,Ethylene glycol
-0.3777510821819306,Ethylene glycol
-0.3581686464501939,Ethylene glycol
-0.1136755992442892,Ethylene glycol
0.0678894326426581,Ethylene glycol
-0.9244300127029418,DMSO
-0.8334116935729982,DMSO
-0.7663676142692567,DMSO
-0.5815380811691284,DMSO
-0.5317713618278505,DMSO
-0.4506406784057618,DMSO
-0.4044445753097534,DMSO
-0.4423776268959046,DMSO
-0.1287636777284251,Ethylene glycol
-0.152886893880078,Ethylene glycol
-0.163435697555542,Ethylene glycol
-0.1731239557266236,Ethylene glycol
-0.157501074311062,Ethylene glycol
-0.2767421138832512,Ethylene glycol
-0.3248718976974487,Ethylene glycol
-0.2436387538909912,Ethylene glycol
-0.1649430990219117,Ethylene glycol
-0.1205426454544068,Ethylene glycol
-0.0336164236068725,Ethylene glycol
-0.0752748250961303,Ethylene glycol
0.0501841306686401,Ethylene glycol
0.0473418235778808,Ethylene glycol
-0.0159167051315307,Ethylene glycol
-0.0032191276550292,Ethylene glycol
0.0997959375381469,Ethylene glycol
0.1723053455352783,Ethylene glycol
0.1400539278984069,Ethylene glycol
0.1930063962936402,Ethylene glycol
-0.0809216499328614,Ethylene glycol
-0.1157666444778442,Ethylene glycol
0.0195833444595336,Ethylene glycol
-0.0313354730606078,Ethylene glycol
-0.132421851158142,Ethylene glycol
-0.1363916397094727,Ethylene glycol
-0.0827839374542235,Ethylene glycol
-0.0263701677322387,Ethylene glycol
-0.0516550540924072,Ethylene glycol
-0.013698935508728,Ethylene glycol
0.141066312789917,n-Propyl acetate
0.2123832702636719,n-Propyl acetate
0.251279354095459,n-Propyl acetate
0.3396846055984497,n-Propyl acetate
0.3478497266769409,n-Propyl acetate
0.2856220006942749,n-Propyl acetate
0.2115830183029174,n-Propyl acetate
0.1741048097610473,n-Propyl acetate
0.180212140083313,n-Propyl acetate
-0.6561613082885742,DMSO
-0.8425422906875608,DMSO
-0.8509145975112917,DMSO
-0.798340916633606,DMSO
-0.6618539094924928,DMSO
-0.5678836107254027,DMSO
-0.3346532583236694,DMSO
-0.1422663927078247,DMSO
-0.2790501117706299,DMSO
-0.1928850412368774,DMSO
-0.2470606565475464,DMSO
-0.3795006275177001,DMSO
-0.3143095970153808,DMSO
-0.276869535446167,DMSO
-0.2137209177017209,DMSO
-0.215701937675476,DMSO
-0.1489200592041013,DMSO
0.8050525188446044,Ethylene glycol
0.7805798053741455,Ethylene glycol
0.7141997814178467,Ethylene glycol
0.7074099779129029,Ethylene glycol
0.6894603967666627,Ethylene glycol
0.6771779060363771,Ethylene glycol
0.525172233581543,Ethylene glycol
0.3243781328201294,Ethylene glycol
0.2924841642379761,Ethylene glycol
0.1837577819824219,Ethylene glycol
0.1819341182708739,Ethylene glycol
0.1351473331451416,Ethylene glycol
-0.3998324871063232,Cyclohexane
-0.3302452564239502,Cyclohexane
-0.36431884765625,Cyclohexane
-0.4021830558776856,Cyclohexane
-0.2671401500701905,Cyclohexane
-0.1792623996734619,Cyclohexane
0.0053098201751708,Cyclohexane
-0.1215639114379882,Cyclohexane
-0.2266068584439386,DMSO
-0.2321509299871234,DMSO
-0.2172214685028116,DMSO
-0.2218885421752929,DMSO
-0.0930351018905639,DMSO
-0.0998480319976807,DMSO
-0.0798812508583068,DMSO
-0.9817099571228028,DMSO
-0.8710808753967285,DMSO
-0.9530085325241088,DMSO
-0.915861964225769,DMSO
-0.7230406999588013,DMSO
-0.6961654424667361,DMSO
-0.5930968523025513,DMSO
0.1002676784992218,n-Propyl acetate
0.1124610900878906,n-Propyl acetate
0.0895128548145293,n-Propyl acetate
0.0242972373962402,n-Propyl acetate
0.0943856537342072,n-Propyl acetate
0.1631712019443512,n-Propyl acetate
0.0963826179504394,n-Propyl acetate
0.0878415703773499,n-Propyl acetate
0.1096015572547912,n-Propyl acetate
0.0431745648384093,n-Propyl acetate
-0.0035827159881591,Ethylene glycol
-0.0285851955413818,Ethylene glycol
-0.0054438114166259,Ethylene glycol
0.0366506576538085,Ethylene glycol
0.0680797100067138,Ethylene glycol
-0.019255757331848,Ethylene glycol
0.0645542144775391,Ethylene glycol
-0.0102436542510986,Ethylene glycol
-0.0807341337203979,Ethylene glycol
-0.0446473360061645,Ethylene glycol
-0.0121926069259644,Ethylene glycol
0.0440852642059327,Ethylene glycol
0.1618746519088746,Ethylene glycol
0.1676504611968995,Ethylene glycol
0.0920472145080567,Ethylene glycol
0.0903948545455933,Ethylene glycol
0.1685134172439575,Ethylene glycol
0.2015501856803894,Ethylene glycol
0.1842508316040039,Ethylene glycol
0.2209227681159973,Ethylene glycol
-0.438430428504944,NMP
-0.3371831178665159,NMP
-0.3560665845870971,NMP
-0.3893542289733886,NMP
-0.2881408929824829,NMP
-0.2546328306198119,NMP
-0.3712424039840698,NMP
-0.1813440322875975,NMP
-0.2538936138153078,NMP
-0.3007997274398802,NMP
-0.3009435829397016,DMSO
-0.2367477664776039,DMSO
-0.2219031244274406,DMSO
-0.2825535055887901,DMSO
0.0030774550200773,DMSO
0.0380516205508173,DMSO
0.042859000762288,DMSO
-0.5136188268661499,NMP
-0.5241400003433228,NMP
-0.4340579509735107,NMP
-0.4436029195785522,NMP
-0.3940023183822632,NMP
-0.4960089921951294,NMP
-0.6477146148681641,NMP
-0.5805718898773193,NMP
-0.4915498495101928,NMP
-0.1393396854400634,DMSO
-0.1288074254989624,DMSO
-0.1962575912475586,DMSO
-0.3266983032226563,DMSO
-0.2872967720031738,DMSO
-0.2227088212966919,DMSO
-0.6727695167064667,NMP
-0.6130145788192749,NMP
-0.6140555441379547,NMP
-0.5121614634990691,NMP
-0.506106972694397,NMP
-0.5206367969512941,NMP
-0.5331482887268069,NMP
-0.4767777770757677,NMP
-0.4742674678564073,NMP
-0.4988282173871993,NMP
-0.485993668437004,NMP
-0.4208664149045944,NMP
-0.4263939633965492,NMP
-0.4539593458175661,NMP
-0.4281369298696518,NMP
-0.2734410762786865,NMP
-0.2371578216552735,NMP
-0.2078776955604553,NMP
-0.157555878162384,NMP
-0.1908218264579772,NMP
-0.2841362953186035,NMP
-0.3238178491592407,NMP
-0.2377216815948487,NMP
-0.2130274772644043,NMP
-0.149787425994873,Cyclohexane
-0.0612194538116455,Cyclohexane
-0.1073882579803467,Cyclohexane
-0.0606044685072975,Cyclohexane
-0.3074698535556219,Cyclohexane
-0.3707310677265507,Cyclohexane
-0.509052038192749,Cyclohexane
-0.3070454597473144,Ethylene glycol
-0.0885498523712158,Ethylene glycol
-0.065661668777466,Ethylene glycol
-0.0504019856452941,Ethylene glycol
-0.2031921148300172,Ethylene glycol
-0.2030571699142455,Ethylene glycol
-0.2104904055595395,Ethylene glycol
-0.1032184362411498,DMSO
-0.1851637363433838,DMSO
-0.1417338084336397,DMSO
-0.1236059367656708,DMSO
0.0191058665513993,DMSO
-0.1430212259292602,Ethylene glycol
-0.0790412425994873,Ethylene glycol
-0.0990129709243773,Ethylene glycol
-0.096626341342926,Ethylene glycol
-0.1269136667251587,Ethylene glycol
-0.1051543354988098,Cyclohexane
0.2515586577355861,DMSO
-0.0470584630966186,Ethylene glycol
0.1053730249404907,Ethylene glycol
0.1373112201690674,Ethylene glycol
0.0435069799423217,Ethylene glycol
-0.0647162199020385,Ethylene glycol
-0.018088957397483,n-Propyl acetate
0.0520569765736244,n-Propyl acetate
0.2418080678379125,n-Propyl acetate
0.237643837928772,n-Propyl acetate
0.134523630142212,n-Propyl acetate
0.138512372970581,n-Propyl acetate
0.0960747599601746,n-Propyl acetate
0.185689389705658,n-Propyl acetate
0.2149333357810974,n-Propyl acetate
0.097118784007821,n-Propyl acetate
0.1029732765664062,n-Propyl acetate
0.0746938462081865,n-Propyl acetate
0.0399974654511012,n-Propyl acetate
0.1377472960559033,n-Propyl acetate
0.1069063886169852,n-Propyl acetate
0.0852857486448028,n-Propyl acetate
0.0848818521845654,n-Propyl acetate
0.0821983814239502,n-Propyl acetate
0.0608173282766354,n-Propyl acetate
0.0898038902839616,n-Propyl acetate
0.0612925291061401,n-Propyl acetate
0.0304459782949933,n-Propyl acetate
0.0600289106369019,n-Propyl acetate
0.0909461975097656,n-Propyl acetate
0.0563833895982806,n-Propyl acetate
0.1277291774749756,n-Propyl acetate
0.0631097555160523,n-Propyl acetate
0.4871273987609381,DMSO
0.3786516800083426,DMSO
0.3991941962812904,DMSO
0.4738569259643555,DMSO
0.2951791098644349,DMSO
0.2667051345075961,DMSO
0.1915166587108352,DMSO
0.0468143687961504,DMSO
0.1544294357299805,DMSO
0.1556107997894287,DMSO
0.1236155033111572,Cyclohexane
0.2163643836975097,Cyclohexane
0.330078125,Cyclohexane
0.2485513687133789,Cyclohexane
0.2986490726470947,Cyclohexane
0.2678346633911133,Cyclohexane
0.1825251579284668,Cyclohexane
0.5482254028320312,Ethylene glycol
0.4682309627532959,Ethylene glycol
0.4742547273635866,Ethylene glycol
0.39028000831604,Ethylene glycol
0.3562048673629761,Ethylene glycol
0.2593559026718139,Ethylene glycol
0.1823517084121702,Ethylene glycol
-0.1539688110351563,Cyclohexane
-0.1936483383178711,Cyclohexane
-0.2342817783355713,Cyclohexane
-0.2411210536956786,Cyclohexane
-0.2431185245513916,Cyclohexane
-0.2039387889633239,Cyclohexane
-0.1074832677841186,Cyclohexane
-0.1565178632736206,Cyclohexane
-0.0230727195739746,Cyclohexane
0.026871681213379,Ethylene glycol
0.0792672634124754,Ethylene glycol
0.0685331821441652,Ethylene glycol
0.0007007122039794,Ethylene glycol
0.0239660739898681,Ethylene glycol
0.0427362918853759,Ethylene glycol
0.047998309135437,Ethylene glycol
0.1086187362670898,Ethylene glycol
0.1806843280792236,Ethylene glycol
0.1685334444046018,Ethylene glycol
0.7361151576042178,DMSO
0.7785658240318301,DMSO
0.833638191223145,DMSO
0.7252164483070374,DMSO
0.7239480018615723,DMSO
0.6703994870185852,DMSO
-0.1012273253794143,n-Propyl acetate
-0.0966154063549076,n-Propyl acetate
-0.0849517029451066,n-Propyl acetate
-0.0472623168704869,n-Propyl acetate
0.0319191997733561,n-Propyl acetate
0.1500228047370911,n-Propyl acetate
0.0615439228446687,n-Propyl acetate
0.0266604969571147,n-Propyl acetate
-0.0125294578203447,n-Propyl acetate
0.2068300247192383,n-Propyl acetate
0.1793345212936402,n-Propyl acetate
0.1350308060646056,n-Propyl acetate
0.2262799143791198,n-Propyl acetate
0.194631278514862,n-Propyl acetate
0.2252783179283142,n-Propyl acetate
-0.0297198295593262,n-Propyl acetate
0.0354516506195069,n-Propyl acetate
0.0398929715156555,n-Propyl acetate
0.0174530744552612,n-Propyl acetate
0.0205757021903991,n-Propyl acetate
0.0587385032133558,n-Propyl acetate
0.0353475817236959,n-Propyl acetate
0.041507157776208,n-Propyl acetate
0.048188892802277,n-Propyl acetate
-0.0030453354120255,Ethylene glycol
0.023223966360092,Ethylene glycol
0.0050252750515938,Ethylene glycol
-0.0031779035925865,Ethylene glycol
-0.0197954149916767,Ethylene glycol
-0.0528130084276199,Ethylene glycol
-0.031813845038414,Ethylene glycol
-0.0894257873296738,Ethylene glycol
-0.1415154486894607,Ethylene glycol
-0.836594820022583,Cyclohexane
-0.7401244640350342,Cyclohexane
-0.6171889305114746,Cyclohexane
-0.724648714065552,Cyclohexane
-0.8186759948730469,Cyclohexane
-0.7032210826873777,Cyclohexane
-0.6943345069885254,Cyclohexane
-0.9284231662750244,Cyclohexane
-0.250778093934059,DMSO
-0.2460076892748475,DMSO
-0.3470669984817505,DMSO
-0.4311233162879945,DMSO
-0.3682562448084354,DMSO
-0.3508168533444405,DMSO
-0.3673412650823593,DMSO
-0.2360742390155792,DMSO
-0.2417973577976226,DMSO
-0.2776490151882172,DMSO
-0.3042668402194977,DMSO
-0.4195873737335205,Cyclohexane
-0.2970701456069946,Cyclohexane
-0.3412458896636963,Cyclohexane
-0.3385018110275268,Cyclohexane
-0.2899618744850158,Cyclohexane
-0.2580023407936096,Cyclohexane
-0.1692386269569397,Cyclohexane
-0.1360483555019487,Cyclohexane
0.0334608040255162,Cyclohexane
-0.1014463901519776,Ethylene glycol
-0.1177839015201615,Ethylene glycol
-0.0637527952318125,Ethylene glycol
-0.1208108175507347,Ethylene glycol
-0.1750429379285402,Ethylene glycol
-0.0169293440641987,Ethylene glycol
-0.2593031417993118,Ethylene glycol
-0.1626738868161704,Ethylene glycol
-0.2729842010730415,Ethylene glycol
-0.3349291623542739,Ethylene glycol
-0.3246530294418335,Ethylene glycol
-0.3231309782713652,Ethylene glycol
-0.225092850625515,Ethylene glycol
-0.5679692029953002,DMSO
-0.6108531951904297,DMSO
-0.5430318117141723,DMSO
-0.3945916295051574,DMSO
-0.374207079410553,DMSO
-0.3613793849945069,DMSO
-0.3363030552864074,DMSO
-0.3383087515830995,DMSO
0.2158143520355224,Cyclohexane
0.2344629764556884,Cyclohexane
0.2489612102508545,Cyclohexane
0.2960653305053711,Cyclohexane
0.2361266613006591,Cyclohexane
0.3892080783843994,Cyclohexane
0.2604744434356689,Cyclohexane
0.2908689975738525,Cyclohexane
0.3295642137527466,Cyclohexane
0.1515173912048339,n-Propyl acetate
0.1971303224563598,n-Propyl acetate
0.190524697303772,n-Propyl acetate
0.1445845365524292,n-Propyl acetate
0.1046496629714965,n-Propyl acetate
0.068985104560852,n-Propyl acetate
0.0876251459121704,n-Propyl acetate
0.1450897455215454,n-Propyl acetate
0.1662001609802246,n-Propyl acetate
0.2849897146224976,n-Propyl acetate
0.2815825939178467,n-Propyl acetate
0.306369423866272,n-Propyl acetate
0.3155581951141358,n-Propyl acetate
0.3445919156074524,n-Propyl acetate
0.3742293119430543,n-Propyl acetate
0.3728599548339844,n-Propyl acetate
0.3071250319480896,n-Propyl acetate
0.2320052981376648,n-Propyl acetate
0.2540252208709717,n-Propyl acetate
-0.4656147658824921,DMSO
-0.461609274148941,DMSO
-0.6031111627817154,DMSO
-0.6815488338470459,DMSO
-0.6015252247452736,DMSO
-0.52271993085742,DMSO
-0.4345148652791977,DMSO
-0.9754167795181276,DMSO
-0.986882328987122,DMSO
-1.039553999900818,DMSO
-1.095992922782898,DMSO
-1.0168246477842329,DMSO
-0.9291380345821384,DMSO
-0.8576889336109161,DMSO
-0.831126570701599,DMSO
-0.91203894559294,DMSO
-0.0308486223220824,n-Propyl acetate
-0.0239380598068238,n-Propyl acetate
0.0241827964782714,n-Propyl acetate
0.0303899049758911,n-Propyl acetate
-0.0015427768230437,n-Propyl acetate
-0.0195084214210509,n-Propyl acetate
-0.005696341395378,n-Propyl acetate
-0.0149166733026504,n-Propyl acetate
0.0315248519182206,n-Propyl acetate
0.0938875675201416,n-Propyl acetate
0.121002435684204,n-Propyl acetate
0.063244104385376,n-Propyl acetate
0.0900285840034485,n-Propyl acetate
0.1124159693717956,n-Propyl acetate
-0.0067062973976134,n-Propyl acetate
-0.029006689786911,n-Propyl acetate
-0.0077185928821564,n-Propyl acetate
0.0549076497554779,n-Propyl acetate
0.1406393945217132,n-Propyl acetate
0.1481251716613769,DMSO
0.1744356155395508,DMSO
0.0400917530059814,DMSO
0.1335756778717041,DMSO
0.3384571075439453,DMSO
0.2503788471221924,DMSO
0.2926118373870849,DMSO
-0.4517676830291748,Cyclohexane
-0.4355475902557373,Cyclohexane
-0.4875385761260986,Cyclohexane
-0.4924379587173462,Cyclohexane
-0.6165448427200317,Cyclohexane
-0.657606840133667,Cyclohexane
-0.6927979588508606,Cyclohexane
-0.7926691770553589,Cyclohexane
-0.6774751543998718,Cyclohexane
-0.5992072820663452,Cyclohexane
0.2347887572548541,Ethylene glycol
0.0546023438739363,Ethylene glycol
-0.0944374066131871,Ethylene glycol
-0.2847492049868239,Ethylene glycol
-0.2347203755550017,Ethylene glycol
-0.334382876753807,Ethylene glycol
-0.2710252229638074,Ethylene glycol
-0.2756200238817886,Ethylene glycol
-0.3170496942549491,Ethylene glycol
-0.2991676330566406,Ethylene glycol
-0.6347283124923706,Cyclohexane
-0.5483666062355044,Cyclohexane
-0.5200565159320831,Cyclohexane
-0.4584700465202331,Cyclohexane
-0.3237368166446686,Cyclohexane
-0.2754140496253966,Cyclohexane
-0.1467786133289337,Cyclohexane
-0.2102090129628777,Cyclohexane
-0.4533643722534179,Cyclohexane
-0.3703869581222534,Cyclohexane
-0.3794125318527221,Cyclohexane
-0.3685556650161739,Cyclohexane
-0.4322552680969238,Cyclohexane
-0.4564683437347414,Cyclohexane
-0.4537614583969116,Cyclohexane
-0.6179185509681702,Cyclohexane
-0.469302773475647,Cyclohexane
-0.4143775701522829,Cyclohexane
0.1705225706100465,Ethylene glycol
0.2508772015571595,Ethylene glycol
0.1833291957698768,Ethylene glycol
0.08133156621582,Ethylene glycol
0.1284622607305479,Ethylene glycol
0.1107314745248905,Ethylene glycol
0.1978818962825053,Ethylene glycol
0.2009549341800766,Ethylene glycol
0.1658905023030905,Ethylene glycol
0.1402640572632633,Ethylene glycol
-0.7259869575500488,DMSO
-0.7441842555999755,DMSO
-0.7445535659790039,DMSO
-0.7586832046508788,DMSO
-0.7581439614295961,DMSO
-0.5896470546722412,DMSO
-0.607258677482605,DMSO
-0.1158083081245421,Ethylene glycol
-0.1224598884582519,Ethylene glycol
-0.0086705684661864,Ethylene glycol
0.0786793828010559,Ethylene glycol
0.1626621186733245,Ethylene glycol
0.1331313268028209,Ethylene glycol
0.1016974703666982,Cyclohexane
0.1607582687047593,Cyclohexane
0.2043850125391545,Cyclohexane
0.2647790037833072,Cyclohexane
0.1474600293588293,Cyclohexane
0.2707009440365833,Cyclohexane
0.1489908510691938,Cyclohexane
0.1563664033841783,Cyclohexane
-0.0864763503827719,Cyclohexane
0.0589407086372376,NMP
0.0309479385614395,NMP
-0.022518828511238,NMP
-0.0287948548793792,NMP
-0.0623638331890106,NMP
-0.1167837977409363,NMP
-0.1612111926078797,NMP
-0.1235690978731084,NMP
-0.0822824080282427,NMP
-0.0254137496154842,NMP
-0.0193190523272122,DMSO
0.0207307353012765,DMSO
0.0904043468792289,DMSO
0.0591560058588025,DMSO
0.0784119917634897,DMSO
0.1165344715118409,DMSO
0.020420640707016,DMSO
-0.0449011623859406,Ethylene glycol
0.0287857949733733,Ethylene glycol
0.0852183401584625,Ethylene glycol
0.0463098138570785,Ethylene glycol
0.0656632483005524,Ethylene glycol
0.0508826822042465,Ethylene glycol
0.1098105758428573,Ethylene glycol
0.0211662724614143,Ethylene glycol
-0.0194932110607624,Ethylene glycol
0.0698765702545643,Ethylene glycol
-0.0822434886056638,n-Propyl acetate
0.0313229985890516,n-Propyl acetate
0.0705761508968172,n-Propyl acetate
0.129037320613861,n-Propyl acetate
0.0581414103507995,n-Propyl acetate
0.0222553108882173,n-Propyl acetate
-0.006573096923247,n-Propyl acetate
-0.0114362547803303,n-Propyl acetate
0.0116624895992749,n-Propyl acetate
0.0089723912720328,NMP
0.0173021848491296,NMP
0.0005659724729412,NMP
-0.0058996230340072,NMP
-0.0885319737890361,NMP
-0.0095855954951927,NMP
-0.0460904221781708,NMP
-0.0616880196467329,NMP
-0.0857070622100243,NMP
-0.053471763744161,NMP
0.0191566944122313,Ethylene glycol
0.0004613995552062,Ethylene glycol
0.000568687915802,Ethylene glycol
0.1030257344245911,Ethylene glycol
0.1488081216812134,Ethylene glycol
0.0815770626068115,Ethylene glycol
0.0809877216815948,Ethylene glycol
-0.015323758125305,Ethylene glycol
-0.1062518954277039,Ethylene glycol
-0.0561685860157012,Ethylene glycol
-0.7309546470642091,DMSO
-0.8916478753089906,DMSO
-0.9955849051475524,DMSO
-1.0038607120513916,DMSO
-0.9539006352424622,DMSO
-1.1578903794288635,DMSO
-0.4301731198182499,NMP
-0.4827236533164974,NMP
-0.4255085261668554,NMP
-0.5100762844085693,NMP
-0.6597008109092712,NMP
-0.4784908330861216,NMP
-0.6977245807647706,NMP
-0.7368098497390747,NMP
-0.6012150179779369,NMP
-0.7476518154144288,NMP
-0.7517842054367065,NMP
-0.7056271534917677,NMP
-0.7517842054367064,NMP
-0.6762775778770443,NMP
-0.6041761698828109,NMP
-0.6762775778770448,NMP
-0.6762775778770448,NMP
-0.6762775778770447,NMP
-0.4338500499725344,DMSO
-0.3154252469539642,DMSO
-0.3842284977436063,DMSO
-0.3843925893306732,DMSO
-0.3748215734958647,DMSO
-0.3928045332431792,DMSO
-0.4115793108940125,DMSO
-0.4115793108940124,DMSO
-0.4243718087673187,DMSO
-0.4243718087673188,DMSO
-0.4243718087673186,DMSO
-0.0342958569526671,n-Propyl acetate
-0.2403692007064819,n-Propyl acetate
-0.3757871389389038,n-Propyl acetate
-0.4503908157348634,n-Propyl acetate
-0.3348047733306885,n-Propyl acetate
-0.245320200920105,n-Propyl acetate
-0.2375985383987427,n-Propyl acetate
-0.2375985383987426,n-Propyl acetate
0.0662243366241455,n-Propyl acetate
0.0888986289501189,n-Propyl acetate
0.0291999590240924,n-Propyl acetate
-0.0853733912099945,n-Propyl acetate
-0.1067417882988309,n-Propyl acetate
-0.1091976099981124,n-Propyl acetate
-0.1011464534820997,n-Propyl acetate
-0.1617239266633988,n-Propyl acetate
-0.1349211301821454,n-Propyl acetate
0.0851222276687622,n-Propyl acetate
-0.0280383236327203,n-Propyl acetate
-0.0958966388300625,n-Propyl acetate
-0.0591992872324129,n-Propyl acetate
-0.0600100729652193,n-Propyl acetate
-0.071717232465744,n-Propyl acetate
0.0417864203091932,n-Propyl acetate
-0.0079284776075011,n-Propyl acetate
0.0001475321267291,n-Propyl acetate
-0.0099157616508838,n-Propyl acetate
-0.1262152940034866,Ethylene glycol
-0.1030222438275813,Ethylene glycol
-0.2643555700778961,Ethylene glycol
-0.2456608195960561,Ethylene glycol
-0.0724427700042725,Ethylene glycol
-0.0218076109886169,Ethylene glycol
-0.0816992819309234,Ethylene glycol
-0.0500997751951217,Ethylene glycol
-0.2717325687408447,Ethylene glycol
-0.1823652872391453,Ethylene glycol
-0.1373409926891327,NMP
-0.1000354737043381,NMP
-0.1559105962514877,NMP
-0.1174755735382658,NMP
-0.1145740449428558,NMP
-0.0268356204032897,NMP
-0.0729669034481047,NMP
-0.08404554228151,NMP
-0.0296759940117401,NMP
0.0145821348148977,NMP
-0.1573646068572998,Ethylene glycol
-0.1419489979743957,Ethylene glycol
-0.1505433619022369,Ethylene glycol
-0.0292447805404663,Ethylene glycol
0.0061392486095427,Ethylene glycol
-0.0285656750202178,Ethylene glycol
0.0131684839725494,Ethylene glycol
-0.1107685416936875,Ethylene glycol
-0.1156746074557303,Ethylene glycol
-0.0445480644702911,Ethylene glycol
0.0220374877135551,NMP
0.071218196484718,NMP
0.078901989365553,NMP
0.0432562259015178,NMP
0.0104756512461004,NMP
-0.0624663455342497,NMP
-0.0433078494723039,NMP
-0.0235316614858678,NMP
-0.0645536071581065,NMP
-0.0653194045696247,NMP
-0.1368407676986339,NMP
-0.1448039375517406,NMP
-0.182416599690183,NMP
-0.5360841900110246,DMSO
-0.5420046672224998,DMSO
-0.5417724130675197,DMSO
-0.4869912900030613,DMSO
-0.5191418901085854,DMSO
-0.4800393283367158,DMSO
-0.4376161396503449,DMSO
-0.4127593636512756,DMSO
-0.4142958521842957,DMSO
-0.4137873053550721,DMSO
-0.4558347761631012,DMSO
-0.4343580007553101,DMSO
-0.43435800075531,DMSO
-0.2947248220443726,DMSO
-0.2428239136934281,DMSO
-0.2677723132073879,DMSO
-0.2423808723688125,DMSO
-0.2186465263366699,DMSO
-0.0608075261116028,Ethylene glycol
-0.1165430843830109,Ethylene glycol
-0.0688165128231049,Ethylene glycol
-0.2088547348976135,Ethylene glycol
0.0313805639743804,Ethylene glycol
-0.1652255725130548,Cyclohexane
-0.0087374448776244,Cyclohexane
-0.0211174488067626,Cyclohexane
0.0737072825431824,Cyclohexane
0.0656783580780029,Cyclohexane
0.2787232038602354,Ethylene glycol
0.1553123518824578,Ethylene glycol
0.0680952817201614,Ethylene glycol
0.0504818111658096,Ethylene glycol
-0.0397543907165528,Ethylene glycol
0.0321561396121978,Ethylene glycol
0.0324112772941588,Ethylene glycol
-0.0074249755780993,Ethylene glycol
-0.0062543376653452,Ethylene glycol
-0.0843682885169983,Ethylene glycol
-0.2855311185121535,NMP
-0.2825260162353515,NMP
-0.3212378323078154,NMP
-0.2494993507862091,NMP
-0.2362464666366578,NMP
-0.276591757312417,NMP
-0.2387335235252977,NMP
-0.2293618693947792,NMP
-0.2532742694020271,NMP
0.0873279571533203,Cyclohexane
0.1569051742553711,Cyclohexane
0.2872271537780761,Cyclohexane
0.0675936937332153,Cyclohexane
0.1606906652450561,Cyclohexane
0.0741358995437622,Cyclohexane
0.1860256195068359,Cyclohexane
0.2100791931152343,Cyclohexane
0.2750204801559449,Cyclohexane
-0.2023464441299439,DMSO
-0.2483843564987182,DMSO
-0.2574130296707153,DMSO
-0.0926798582077026,DMSO
-0.0945115685462951,DMSO
-0.0653684139251709,DMSO
-0.0653684139251707,DMSO
0.0002424716949462,DMSO
0.0168590545654298,DMSO
0.0930703878402708,DMSO
0.1189714074134826,DMSO
0.0669352412223815,DMSO
0.2503949403762818,DMSO
0.188090292339989,DMSO
0.1069224391524705,DMSO
0.0385908848532161,DMSO
-0.0443707644374227,DMSO
0.1122170007422507,DMSO
0.0558275974878987,DMSO
0.0216158071640534,DMSO
-0.053290843963623,Ethylene glycol
-0.3093501329421997,Ethylene glycol
-0.2686078548431395,Ethylene glycol
-0.2975986003875732,Ethylene glycol
-0.2982913255691527,Ethylene glycol
-0.286813974380493,Ethylene glycol
-0.1449288129806518,Ethylene glycol
-0.1212267875671386,Ethylene glycol
-0.1237490177154541,Ethylene glycol
-0.1294245719909668,Ethylene glycol
0.0230414867401123,Ethylene glycol
-0.0107035636901855,Ethylene glycol
0.0005186796188354,Ethylene glycol
-0.042351484298706,Ethylene glycol
-0.0573933124542236,Ethylene glycol
-0.1048897504806518,Ethylene glycol
-0.0525249242782592,Ethylene glycol
-0.0549886226654053,Ethylene glycol
0.0316925644874571,Ethylene glycol
0.0072773098945617,Ethylene glycol
-0.5096620321273804,Cyclohexane
-0.2622397501576578,Cyclohexane
-0.0236457312900073,Cyclohexane
0.0433383580690662,Cyclohexane
-0.0780910046531753,Cyclohexane
-0.1464994622965814,Cyclohexane
-0.0581015751297933,Cyclohexane
-0.6377193927764893,Cyclohexane
0.2449623942375183,DMSO
0.3015269041061401,DMSO
0.3309386396043172,DMSO
0.0055695852153923,DMSO
-0.2545820300977968,DMSO
-0.3692249953746795,DMSO
-0.3846247643232345,DMSO
0.0839329955768591,DMSO
0.0492624579767405,DMSO
0.0069632913189051,DMSO
0.1028277923567634,DMSO
0.1134425244900899,DMSO
0.1274671988660938,DMSO
0.1637016062226966,DMSO
0.0992480330800708,DMSO
-0.0397216483805231,DMSO
-0.0767910439700246,DMSO
0.0008170892793095,DMSO
-0.0891581837509603,DMSO
-0.0804597026183585,DMSO
-0.1044842134552083,DMSO
-0.1884324679025116,DMSO
-0.1279116170653331,DMSO
-0.3999199569225311,Cyclohexane
-0.3315767943859099,Cyclohexane
-0.3578524887561798,Cyclohexane
-0.2204182147979734,Cyclohexane
-0.1931522786617279,Cyclohexane
-0.0504270493984221,Cyclohexane
-0.0539545118808745,Cyclohexane
-0.0529899299144744,Cyclohexane
-0.1019259244203567,Cyclohexane
-0.0619878321886062,Cyclohexane
-0.0518834888935088,NMP
-0.0553397685289383,NMP
0.0490486537297931,NMP
-0.0422086417675019,NMP
-0.0640843212604523,NMP
-0.0875627994537354,NMP
-0.0905738174915314,NMP
-0.1044082045555115,NMP
-0.0853546857833862,NMP
-0.1460643410682679,NMP
-0.3508490622043609,DMSO
-0.2827355861663818,DMSO
-0.2648278921842575,DMSO
-0.2788055688142776,DMSO
-0.2346859276294708,DMSO
-0.1875845491886139,DMSO
-0.2551537752151489,DMSO
-0.3720267343460707,Ethylene glycol
-0.3513249733534564,Ethylene glycol
-0.3831756114959717,Ethylene glycol
-0.4001882374286651,Ethylene glycol
-0.353263944387436,Ethylene glycol
-0.337467759847641,Ethylene glycol
-0.3516766726970673,Ethylene glycol
-0.4486592002213001,Ethylene glycol
-0.4308137074112892,Ethylene glycol
-0.2898938390426337,Ethylene glycol
-0.6058912277221682,Cyclohexane
-0.5709913372993469,Cyclohexane
-0.528133362531662,Cyclohexane
-0.58046705275774,Cyclohexane
-0.5269257724285124,Cyclohexane
-0.5680082440376282,Cyclohexane
-0.4445460624992847,Cyclohexane
-0.3779367171227932,DMSO
-0.2400167528539896,DMSO
-0.2765563949942589,DMSO
-0.2384908907115459,DMSO
-0.1576655306853354,DMSO
0.2276376485824585,Ethylene glycol
0.3312188386917115,Ethylene glycol
0.2042359113693236,Ethylene glycol
0.2402697801589965,Ethylene glycol
0.2223426134161565,Ethylene glycol
0.2475225329399109,n-Propyl acetate
0.1693085432052612,n-Propyl acetate
0.1771797239780426,n-Propyl acetate
0.2107705175876617,n-Propyl acetate
0.1923044621944427,n-Propyl acetate
0.1064376831054688,n-Propyl acetate
0.034808486700058,n-Propyl acetate
-0.0015748143196105,n-Propyl acetate
0.0506586283445357,n-Propyl acetate
-0.185302160680294,n-Propyl acetate
-0.1890756040811538,n-Propyl acetate
-0.2573535144329071,n-Propyl acetate
-0.3061147034168243,n-Propyl acetate
-0.2614232301712036,n-Propyl acetate
-0.229964017868042,n-Propyl acetate
-0.240249216556549,n-Propyl acetate
-0.2814198136329651,n-Propyl acetate
0.8363026140641643,Cyclohexane
0.5928610563278198,Cyclohexane
0.5498885698616505,Cyclohexane
0.5508984029293061,Cyclohexane
0.4596021473407746,Cyclohexane
0.442759931087494,Cyclohexane
0.564324051141739,Cyclohexane
-0.6915712598711252,Cyclohexane
-0.4972401671111583,Cyclohexane
-0.4853344336152076,Cyclohexane
-0.3927243053913116,Cyclohexane
-0.3880639672279358,Cyclohexane
-0.3492962718009949,Cyclohexane
-0.1203189641237258,Cyclohexane
-0.1544879078865051,Cyclohexane
-0.1236240565776825,Cyclohexane
-0.2484580874443054,NMP
-0.250490814447403,NMP
-0.2163314521312714,NMP
-0.2422392368316651,NMP
-0.269614428281784,NMP
0.1583657264709472,n-Propyl acetate
0.2015725374221801,n-Propyl acetate
0.2097219228744506,n-Propyl acetate
0.2182059288024903,n-Propyl acetate
0.2075507640838623,n-Propyl acetate
0.1171221733093262,n-Propyl acetate
0.0756417512893677,n-Propyl acetate
0.1613444089889527,n-Propyl acetate
0.1100925207138061,n-Propyl acetate
-0.0459845066070555,NMP
-0.066343069076538,NMP
0.1117594242095948,n-Propyl acetate
0.1108784079551696,n-Propyl acetate
0.1562041044235229,n-Propyl acetate
0.2399402856826783,n-Propyl acetate
0.2583282589912415,n-Propyl acetate
0.1876895427703857,n-Propyl acetate
0.1513781547546387,n-Propyl acetate
0.0803259611129759,n-Propyl acetate
0.0552681088447571,n-Propyl acetate
0.1451220512390137,n-Propyl acetate
0.4834682941436768,Ethylene glycol
0.3611552715301513,Ethylene glycol
0.3974661827087402,Ethylene glycol
0.3377823829650879,Ethylene glycol
0.2177611589431762,Ethylene glycol
0.3139513731002807,Ethylene glycol
0.4068619608879089,Ethylene glycol
0.3405814170837402,Ethylene glycol
0.4049991369247436,Ethylene glycol
0.448773443698883,Ethylene glycol
0.1980420351028441,Ethylene glycol
0.1179401793589348,Ethylene glycol
0.03755384683609,Ethylene glycol
0.0087295174598693,Ethylene glycol
-0.1556938290596008,Ethylene glycol
-0.0406719148159027,n-Propyl acetate
-0.0880748629570007,n-Propyl acetate
-0.0566923022270201,n-Propyl acetate
-0.0815780162811279,n-Propyl acetate
-0.0964305251836777,n-Propyl acetate
-0.0098864138126373,n-Propyl acetate
0.030297428369522,n-Propyl acetate
-0.0463909804821014,n-Propyl acetate
-0.0514004752039909,n-Propyl acetate
-0.0336951091885566,n-Propyl acetate
0.1216337446612532,NMP
0.1219824821862705,NMP
0.1607917641771725,NMP
0.1611852645069869,NMP
0.1807462510074582,NMP
0.1810340962328306,NMP
0.2120622376655038,NMP
0.2122603706857494,NMP
0.0915398996608032,NMP
0.0916009750686875,NMP
0.0496914737831214,NMP
0.049861121098338,NMP
-0.0119135330538742,NMP
-0.0118610122869066,NMP
-0.0589052814672816,NMP
-0.0587061106215924,NMP
-0.0122096846110268,NMP
-0.0121627656502781,NMP
-0.0848064324086834,NMP
-0.0847618158494774,NMP
0.1716978408829007,n-Propyl acetate
0.1710888743400574,n-Propyl acetate
0.1174254005372105,n-Propyl acetate
0.1543485517463921,n-Propyl acetate
0.1345966862576724,n-Propyl acetate
0.1341513693332673,n-Propyl acetate
0.1573736369609833,n-Propyl acetate
0.1294519603252411,n-Propyl acetate
0.1103532314300538,n-Propyl acetate
0.1285721659660338,n-Propyl acetate
-0.1674320697784424,NMP
-0.2377544119954109,NMP
-0.2348595708608628,NMP
-0.2140482366085053,NMP
-0.2213793098926544,NMP
-0.0875030606985093,NMP
-0.0481853187084197,NMP
-0.0467614084482193,NMP
-0.0666597336530686,NMP
-0.1293646991252899,NMP
-0.1471643880294197,n-Propyl acetate
-0.1843136698007583,n-Propyl acetate
-0.2020353078842163,n-Propyl acetate
-0.2106116488575936,n-Propyl acetate
-0.174033772200346,n-Propyl acetate
-0.2572374790906906,n-Propyl acetate
-0.2836536251243626,n-Propyl acetate
-0.1996044889092446,n-Propyl acetate
-0.2006106153130532,n-Propyl acetate
-0.2070528492331504,n-Propyl acetate
-0.0890291482210158,NMP
-0.105932518839836,NMP
-0.1036269664764404,NMP
-0.0020186007022857,NMP
-0.0341076552867889,NMP
-0.1298089921474456,NMP
-0.1150036454200744,NMP
-0.0485846400260925,NMP
-0.1191193461418151,NMP
-0.1528698205947876,NMP
-0.2931708097457888,Cyclohexane
-0.2569471597671511,Cyclohexane
-0.3709366917610169,Cyclohexane
-0.3441445827484131,Cyclohexane
-0.3621283769607543,Cyclohexane
-0.4091590642929077,Cyclohexane
-0.4267203211784365,Cyclohexane
-0.35113126039505,Cyclohexane
-0.2470869421958923,Cyclohexane
-0.2451113164424896,Cyclohexane
-0.0700896978378293,Cyclohexane
-0.0487205386161804,Cyclohexane
-0.1336313486099242,Cyclohexane
-0.1063976287841795,Cyclohexane
-0.1192500591278076,Cyclohexane
-0.1448876857757568,Cyclohexane
-0.1740594506263735,Cyclohexane
-0.1357146501541137,Cyclohexane
-0.0256763696670532,Cyclohexane
-0.0312559008598327,Cyclohexane
-0.0185466408729553,DMSO
-0.0868914723396301,DMSO
-0.1699318289756775,DMSO
-0.3689615428447723,DMSO
-0.3160985410213468,DMSO
-0.2682691812515259,DMSO
-0.2423018217086792,DMSO
-0.2447383403778076,DMSO
0.6240329146385193,Ethylene glycol
0.5052663683891297,Ethylene glycol
0.3338626027107239,Ethylene glycol
0.3429394662380218,Ethylene glycol
0.2737712264060974,Ethylene glycol
0.1466624736785888,Ethylene glycol
0.073763757944107,Ethylene glycol
0.1291023939847946,Ethylene glycol
0.0272472351789473,Ethylene glycol
0.2238917926380968,DMSO
0.0275276751322298,DMSO
0.0359395959332758,DMSO
-0.0096044623198262,DMSO
0.0171504103909111,DMSO
0.0463023123043742,DMSO
0.0875933115789065,DMSO
0.1064137816429138,DMSO
0.0023791193962098,DMSO
-0.0234006643295288,n-Propyl acetate
0.0126789808273315,n-Propyl acetate
0.1649618148803711,n-Propyl acetate
0.1410657167434693,n-Propyl acetate
0.1210317611694336,n-Propyl acetate
-0.004289984703064,n-Propyl acetate
0.0168201327323914,n-Propyl acetate
-0.0031412243843079,n-Propyl acetate
-0.0269467830657959,n-Propyl acetate
-0.0632551908493042,n-Propyl acetate
-0.7838789224624634,Cyclohexane
-0.6443811655044556,Cyclohexane
-0.6422686576843262,Cyclohexane
-0.6885730028152464,Cyclohexane
-0.5385962724685671,Cyclohexane
-0.4063829183578492,Cyclohexane
-0.3940150737762451,Cyclohexane
-0.5229634046554567,Cyclohexane
-0.4400913119316101,Cyclohexane
0.0227248072624206,DMSO
0.0513051152229309,DMSO
0.0006642937660218,DMSO
0.0852949023246765,DMSO
-0.008802741765976,DMSO
-0.0286938250064849,DMSO
0.0328667759895323,DMSO
0.0510073900222777,Ethylene glycol
0.0759015083312988,Ethylene glycol
0.0058050155639648,Ethylene glycol
-0.1214302778244019,Ethylene glycol
-0.1282947063446045,Ethylene glycol
-0.0123407840728759,Ethylene glycol
-0.0596068501472472,Ethylene glycol
0.0907354950904845,Ethylene glycol
0.0304737711369311,Ethylene glycol
-0.0351778268814087,Ethylene glycol
-0.4047943204641343,NMP
-0.3763797851849841,NMP
-0.399024666287005,NMP
-0.3818682692945004,NMP
-0.3158307615667581,NMP
-0.3313003554940224,NMP
-0.3252970799803734,NMP
-0.3106759716756642,NMP
-0.3720368593931198,NMP
0.1380376145243645,NMP
0.0995517075061797,NMP
0.101382926106453,NMP
0.1142317503690718,NMP
0.1137608587741852,NMP
0.0918549001216889,NMP
0.1347047686576843,NMP
0.1347047686576843,NMP
0.0879029333591462,NMP
-0.5455958843231201,Cyclohexane
-0.4965711832046511,Cyclohexane
-0.5620645284652711,Cyclohexane
-0.6025184392929077,Cyclohexane
-0.4760342836380005,Cyclohexane
-0.3805632591247557,Cyclohexane
-0.3465914726257324,Cyclohexane
-0.3557928800582886,Cyclohexane
-0.3555343747138976,Cyclohexane
-0.0482622087001801,DMSO
-0.0004215240478516,DMSO
-0.0282721668481826,DMSO
0.0407846271991729,DMSO
-0.0271055623888968,DMSO
-0.0279328748583793,DMSO
-0.0334046436473726,DMSO
0.0222175121307373,Ethylene glycol
-0.0157731771469116,Ethylene glycol
-0.0668208599090576,Ethylene glycol
-0.1506563425064087,Ethylene glycol
-0.0866578817367554,Ethylene glycol
-0.1158249378204346,Ethylene glycol
-0.158331573009491,Ethylene glycol
-0.1068745255470275,Ethylene glycol
-0.0722575187683104,Ethylene glycol
-0.0005416274070738,Ethylene glycol
-0.4024519324302673,Cyclohexane
-0.3963721096515655,Cyclohexane
-0.3990201503038406,Cyclohexane
-0.5254579335451128,Cyclohexane
-0.5176204293966293,Cyclohexane
-0.5474252589046955,Cyclohexane
-0.522704690694809,Cyclohexane
-0.4808951318264008,Cyclohexane
-0.471553236246109,Cyclohexane
-0.3959804326295852,Cyclohexane
-0.3741680756211281,Cyclohexane
-0.3768162056803701,Cyclohexane
-0.5116772651672363,Cyclohexane
-0.5056208968162537,Cyclohexane
-0.5565101802349091,Cyclohexane
-0.5608831942081451,Cyclohexane
0.2094216346740722,Cyclohexane
0.1062355041503906,Cyclohexane
0.2512888908386231,Cyclohexane
0.2973384857177735,Cyclohexane
0.3508661985397339,Cyclohexane
0.1614575386047363,Cyclohexane
-0.1100577195080539,Cyclohexane
-0.1924461126327515,Cyclohexane
-0.1559654474258422,Cyclohexane
-0.1977612972259521,Cyclohexane
0.1338222026824951,Cyclohexane
0.1803196666888063,Cyclohexane
0.1594237979864718,Cyclohexane
0.0058704286243545,Cyclohexane
-0.1613493543044937,Cyclohexane
-0.1944225007181428,Cyclohexane
-0.3585281372070313,Cyclohexane
-0.297806978225708,Cyclohexane
-0.3581472635269165,Cyclohexane
-0.3191864490509033,Cyclohexane
-0.0021496052878529,DMSO
-0.1191999912261962,DMSO
-0.1918466091156006,DMSO
0.0489511489868164,DMSO
-0.1578303575515747,DMSO
-0.1909384727478027,DMSO
-0.1546896696090698,DMSO
-0.1925307512283325,DMSO
-0.3496830463409424,DMSO
-1.1292858123779297,Cyclohexane
-1.077026605606079,Cyclohexane
-1.0799756581940532,Cyclohexane
-0.9851229190826414,Cyclohexane
-1.014551877975464,Cyclohexane
-1.0300414562225342,Cyclohexane
-1.127872109413147,Cyclohexane
-1.168933033943176,Cyclohexane
0.0554615259170531,NMP
-0.0271563082933426,NMP
-0.1080258339643478,NMP
-0.1470096409320831,NMP
-0.1185125634074211,NMP
-0.0348643958568573,NMP
0.0333525538444519,NMP
-0.0253667980432509,NMP
0.0609454363584517,NMP
0.0491187274456024,NMP
0.0267290506175947,NMP
0.0436393112350837,Ethylene glycol
-0.1555884853043521,Ethylene glycol
-0.1481055021286011,Ethylene glycol
-0.1525342464447021,Ethylene glycol
-0.1935113668441773,Ethylene glycol
-0.0091402530670166,Ethylene glycol
0.058633804321289,Ethylene glycol
0.0799672603607177,Ethylene glycol
-0.0113428831100463,Ethylene glycol
-0.1743378490209579,NMP
-0.2332080602645874,NMP
-0.1662700027227401,NMP
-0.1513301134109497,NMP
-0.1513301134109497,NMP
-0.0116652250289917,NMP
-0.2598656415939331,NMP
-0.3479008376598358,NMP
-0.31395822763443,NMP
-0.3103891909122467,NMP
-0.360933186412371,NMP
-0.326819480405157,NMP
-0.3317000844077322,NMP
-0.3353113788123702,NMP
-0.2984913455636552,NMP
-0.2517128170422927,NMP
-0.3777943160384894,NMP
-0.314461840813397,NMP
-0.3277396997840877,NMP
-0.2870779911265432,NMP
-0.3465405255556107,NMP
-0.3257313723615732,NMP
-0.271843809787156,NMP
-0.331442877650261,NMP
-0.3505322933197022,DMSO
-0.3505322933197021,DMSO
-0.3505322933197021,DMSO
-0.3434352278709412,DMSO
-0.3434352278709411,DMSO
-0.4085976779460907,DMSO
-0.4085976779460908,DMSO
-0.4085976779460907,DMSO
-0.2616074979305267,DMSO
-0.2616074979305267,DMSO
-0.2047972083091736,DMSO
-0.2047972083091735,DMSO
-0.2047972083091735,DMSO
-0.1745966672897339,DMSO
-0.1745966672897339,DMSO
-0.20975860953331,DMSO
-0.2097586095333099,DMSO
-0.2097586095333099,DMSO
-0.2470601946115493,DMSO
-0.2470601946115493,DMSO
-0.3200873732566834,DMSO
-0.3200873732566834,DMSO
-0.3200873732566833,DMSO
-0.2812390476465225,DMSO
-0.2812390476465225,DMSO
-0.2812390476465226,DMSO
-0.2812390476465225,DMSO
-0.2350924909114837,DMSO
-0.2350924909114838,DMSO
-0.2350924909114837,DMSO
-0.2350924909114837,DMSO
-0.0496773869109183,DMSO
-0.0474292867505603,DMSO
-0.0718104714484724,DMSO
0.2935301054737387,DMSO
0.5918386125472157,DMSO
0.5320973992347718,Ethylene glycol
0.5549781322479247,Ethylene glycol
0.5772867202758788,Ethylene glycol
0.5925373435020449,Ethylene glycol
0.569339096546173,Ethylene glycol
0.6588921546936034,Ethylene glycol
0.741809755563736,Ethylene glycol
0.6612248420715333,Ethylene glycol
0.7226300239562988,Ethylene glycol
0.710174858570099,Ethylene glycol
-0.7847602963447572,NMP
-0.8177116513252258,NMP
-0.771446466445923,NMP
-0.7712002396583559,NMP
-0.6772992014884949,NMP
-0.6942011713981628,NMP
-0.7018060684204103,NMP
-0.6700550317764282,NMP
-0.6643341183662413,NMP
-0.6986244022846222,NMP
-0.6829475760459902,NMP
-0.6407113075256348,NMP
-0.7535058259963993,NMP
-0.7460314035415652,NMP
-0.6485059857368469,NMP
-0.6638692915439606,NMP
0.1552119553089142,NMP
0.1764618456363678,NMP
0.1298435628414154,NMP
0.1383223533630371,NMP
0.0475395917892456,NMP
0.078664130789062,NMP
-0.0098196589086685,NMP
-0.0220421112834535,NMP
-0.0579817058092545,NMP
-0.1252802564225392,NMP
-0.2105792835354805,DMSO
-0.1948477029800415,DMSO
-0.1349233388900756,DMSO
-0.0793117880821228,DMSO
0.0280011892318725,DMSO
0.0400595664978027,DMSO
0.0299574732780456,DMSO
0.1561006158590316,NMP
0.1287360191345215,NMP
0.1354652047157288,NMP
0.1505437195301056,NMP
0.0963515043258667,NMP
0.0843197703361511,NMP
0.0202457308769226,NMP
-0.0231613231081289,NMP
-0.1624072268605232,DMSO
-0.2407986223697663,DMSO
-0.2083565592765809,DMSO
-0.1108582019805908,DMSO
-0.0981716513633728,DMSO
-0.0531182289123535,DMSO
-0.0800524055957795,DMSO
-0.1049218475818634,DMSO
-0.0073768496513367,NMP
0.0044908672155895,NMP
-0.0230268239974975,NMP
0.0220940389585219,NMP
0.02994897469019,NMP
0.0598439574241638,NMP
0.0726600885391235,NMP
0.0891937017440795,NMP
-0.4169824606059449,DMSO
-0.293714398972534,DMSO
-0.1766796066683994,DMSO
-0.1609260982355499,DMSO
-0.1388579607009888,DMSO
-0.0133623480796813,DMSO
0.0231663584709167,DMSO
0.0101404190063476,DMSO
0.1340282896158267,DMSO
-0.2262469929700406,DMSO
-0.4498021793327451,DMSO
-0.4618126153945923,DMSO
-0.4048103690147401,DMSO
-0.3390954136848449,DMSO
-0.2997720241546631,DMSO
-0.0799184762601318,n-Propyl acetate
-0.0796698667167885,n-Propyl acetate
-0.0567179434770026,n-Propyl acetate
-0.0197424242862522,n-Propyl acetate
-0.0342667903844962,n-Propyl acetate
0.0500804135739824,n-Propyl acetate
0.0523451620415289,n-Propyl acetate
0.1313466842150335,n-Propyl acetate
0.0590246332533408,n-Propyl acetate
-0.3337597521686656,Cyclohexane
-0.3039568364620209,Cyclohexane
-0.2900158911943436,Cyclohexane
-0.3239049222320318,Cyclohexane
-0.3368052616715432,Cyclohexane
-0.4195591360330581,Cyclohexane
-0.1529968816241182,Cyclohexane
0.250297614089039,Cyclohexane
0.2633820176124573,Cyclohexane
0.134624570608139,Cyclohexane
0.1326647996902464,Cyclohexane
-0.5839875395319933,Cyclohexane
-0.6044390350580217,Cyclohexane
-0.5679571439760298,Cyclohexane
-0.6341656800359488,Cyclohexane
-0.674849970266223,Cyclohexane
-0.6798970177769661,Cyclohexane
-0.5829640718509665,Cyclohexane
-0.5986765994058854,Cyclohexane
-0.5247219736004919,Cyclohexane
-0.5391545295715332,Cyclohexane
-0.5029542030190498,Cyclohexane
-0.4885876029729843,Cyclohexane
-0.5045010671019554,Cyclohexane
-0.5724024344235659,Cyclohexane
-0.6196269094944,Cyclohexane
-0.7814670503139497,Cyclohexane
-0.7814670503139496,Cyclohexane
-0.6686432659626007,Cyclohexane
-0.5673847198486329,Cyclohexane
-0.2253505885601043,Ethylene glycol
-0.9288865327835084,Cyclohexane
-1.1424486935138702,Cyclohexane
-1.1375450789928436,Cyclohexane
-1.3391337394714355,Cyclohexane
-1.1825159192085266,Cyclohexane
-1.0178930014371872,Cyclohexane
-1.0153763741254809,Cyclohexane
-0.990580715239048,Cyclohexane
-0.9872494935989378,Cyclohexane
-0.3595354780554771,n-Propyl acetate
-0.3085603630170226,n-Propyl acetate
-0.285038135945797,n-Propyl acetate
-0.2770970836281776,n-Propyl acetate
-0.2215782403945923,n-Propyl acetate
-0.2574432492256164,n-Propyl acetate
-0.1154181063175201,n-Propyl acetate
-0.1305827796459198,n-Propyl acetate
-0.1489813327789306,n-Propyl acetate
-0.5180493593215942,Cyclohexane
-0.4298052191734314,Cyclohexane
-0.2897681593894959,Cyclohexane
-0.2596638798713684,Cyclohexane
-0.3317280113697052,Cyclohexane
-0.2942790389060974,Cyclohexane
-0.2825042307376861,Cyclohexane
-0.1798658967018127,DMSO
-0.1297841668128967,DMSO
-0.2335339486598969,DMSO
-0.1455950736999512,DMSO
0.0689073204994202,DMSO
-0.0378360152244567,DMSO
-0.1138961315155028,DMSO
0.263871757290227,n-Propyl acetate
0.218381643295288,n-Propyl acetate
0.0882356166839598,n-Propyl acetate
0.115777850151062,n-Propyl acetate
0.1198896169662476,n-Propyl acetate
0.0989897251129149,n-Propyl acetate
0.0634379386901856,n-Propyl acetate
0.0710597038269043,n-Propyl acetate
0.0648479461669922,n-Propyl acetate
-0.7511422634124756,DMSO
-0.7791316509246828,DMSO
-0.8364822864532471,DMSO
-0.5824196338653564,DMSO
-0.5157475471496582,DMSO
-0.4640591144561767,DMSO
-0.3828070163726806,DMSO
-0.3260574340820313,DMSO
-0.3422925472259522,DMSO
-0.1895959377288818,DMSO
-0.24253511428833,DMSO
-0.3240084648132324,DMSO
0.2732138633728027,Ethylene glycol
0.1813867046612075,Ethylene glycol
0.2150877177254325,Ethylene glycol
0.3079051919510452,Ethylene glycol
0.2446370999920467,Ethylene glycol
0.2225010395050049,Ethylene glycol
0.226599931716919,Ethylene glycol
0.2546871079118098,Ethylene glycol
0.210634650794546,Ethylene glycol
0.4084863662719726,Cyclohexane
0.6450471878051759,Cyclohexane
0.475888729095459,Cyclohexane
0.2441072463989257,Cyclohexane
0.2018227577209472,Cyclohexane
-0.3056573867797851,Cyclohexane
-0.0035047531127929,Cyclohexane
-0.0874242782592774,Cyclohexane
-0.1677727699279785,Cyclohexane
-0.335773229598999,Cyclohexane
0.1068031787872313,n-Propyl acetate
-0.1663281917572021,n-Propyl acetate
-0.1784078108629803,n-Propyl acetate
-0.0570504665374755,Cyclohexane
0.0998936907418422,Cyclohexane
-0.0239408016204834,Cyclohexane
0.0684762001037597,Cyclohexane
-0.0009748935699462,Cyclohexane
-0.277990460395813,DMSO
-0.4078027606010437,DMSO
-0.3163282275199889,DMSO
-0.3085086345672607,DMSO
-0.3063573837280272,DMSO
-0.141236501280992,Ethylene glycol
-0.1249310646118763,Ethylene glycol
-0.1948698588192741,Ethylene glycol
-0.1474030390073517,Ethylene glycol
-0.0078778336864226,Ethylene glycol
-0.3372062444686889,DMSO
-0.3263041973114009,DMSO
-0.2457760572433471,DMSO
-0.1966983079910278,DMSO
-0.1599992513656616,DMSO
0.6429578065872192,Ethylene glycol
0.6527570486068726,Ethylene glycol
0.6065009832382202,Ethylene glycol
0.593819260597229,Ethylene glycol
0.4361292123794555,Ethylene glycol
0.6867407730349796,Cyclohexane
0.6062236711545346,Cyclohexane
0.3600449042159823,Cyclohexane
0.2533865862842548,Cyclohexane
0.3765392805028212,Cyclohexane
0.5095317301760716,Cyclohexane
0.5866916569303715,Cyclohexane
0.6254753849846457,Cyclohexane
-0.4699865579605103,NMP
-0.511785626411438,NMP
-0.511785626411438,NMP
-0.5017087459564209,NMP
-0.5017087459564209,NMP
-0.5546518564224243,NMP
-0.5546518564224243,NMP
-0.560381293296814,NMP
-0.560381293296814,NMP
-0.5424375534057617,NMP
-0.5424375534057617,NMP
-0.645841956138611,NMP
-0.645841956138611,NMP
-0.5157315135002137,NMP
-0.5157315135002137,NMP
-0.4580799341201782,NMP
-0.4580799341201782,NMP
-0.5168847336230136,NMP
-0.6701314449310302,DMSO
-0.564927339553833,DMSO
-0.6324001550674438,DMSO
-0.497861385345459,DMSO
-0.4817097187042234,DMSO
-0.7726858258247377,NMP
-0.8380529135465621,NMP
-0.7669537067413329,NMP
-0.6306583136320114,NMP
-0.5384715944528577,NMP
-0.4294249415397644,NMP
-0.4887254014611244,NMP
-0.4593341797590256,NMP
-0.4506560266017914,NMP
-0.4339201599359513,NMP
-0.237836692482233,DMSO
-0.1922757998108863,DMSO
-0.2148646712303161,DMSO
-0.2497373092919588,DMSO
-0.1917235143482685,DMSO
-0.0865995213389396,DMSO
-0.0451027303934097,DMSO
0.0140428990125656,DMSO
0.0815807580947876,DMSO
0.2361997365951537,Ethylene glycol
0.2014158964157105,Ethylene glycol
0.2876471281051636,Ethylene glycol
0.2744811773300171,Ethylene glycol
0.3269306421279906,Ethylene glycol
0.2391727566719056,Ethylene glycol
0.2690625703544245,Ethylene glycol
0.3004442503966789,Ethylene glycol
0.2301639914512634,Ethylene glycol
-0.6967616081237794,Cyclohexane
-0.5773712992668152,Cyclohexane
-0.5643685460090637,Cyclohexane
-0.6420890092849731,Cyclohexane
-0.5709678530693054,Cyclohexane
-0.5455776751041412,Cyclohexane
-0.3963722884654999,Cyclohexane
-0.2978498637676239,Cyclohexane
-0.6279443301078889,Ethylene glycol
-0.4552168155124503,Ethylene glycol
-0.435763679237506,Ethylene glycol
-0.4109502996835293,Ethylene glycol
-0.3332989996157197,Ethylene glycol
-0.0423798957498632,Ethylene glycol
-0.054366632881973,Ethylene glycol
0.130063575745865,Ethylene glycol
0.2456674235310112,Ethylene glycol
0.364827376983515,Ethylene glycol
0.0998868942260741,Ethylene glycol
0.1560670137405396,Ethylene glycol
0.2233681678771972,Ethylene glycol
0.2767626047134399,Ethylene glycol
0.1886042356491089,Ethylene glycol
0.1403799057006836,Ethylene glycol
0.075405478477478,Ethylene glycol
0.1666423082351684,Ethylene glycol
0.1592433452606201,Ethylene glycol
0.1114710569381714,Ethylene glycol
-0.295262336730957,Cyclohexane
-0.2118170261383054,Cyclohexane
-0.1144728660583496,Cyclohexane
-0.2331645488739013,Cyclohexane
-0.1335620880126951,Cyclohexane
-0.1705083847045898,Cyclohexane
-0.1078274250030522,Cyclohexane
-0.1349666118621826,Cyclohexane
-0.1559665203094482,Cyclohexane
-0.1518659591674802,Cyclohexane
-0.1807219982147216,Cyclohexane
-0.6870152950286866,NMP
-0.715675473213196,NMP
-0.7490553855895994,NMP
-0.7001397609710694,NMP
-0.5966807603836061,NMP
-0.5812917947769165,NMP
-0.5762002468109132,NMP
-0.4680716991424561,NMP
-0.5418046712875365,NMP
-0.541811466217041,NMP
-0.5235961675643921,NMP
-0.5535929799079895,NMP
-0.0122843776176957,n-Propyl acetate
0.0501265227794647,n-Propyl acetate
0.0588336467793489,n-Propyl acetate
0.0013172903712988,n-Propyl acetate
0.0552762854095941,n-Propyl acetate
0.106631801230833,n-Propyl acetate
0.0690351128578185,n-Propyl acetate
0.0898406207561492,n-Propyl acetate
0.061177760362625,n-Propyl acetate
-0.0564203262329102,n-Propyl acetate
-0.075237583481874,n-Propyl acetate
-0.0967792868614196,n-Propyl acetate
0.006172239780426,n-Propyl acetate
0.038410484790802,n-Propyl acetate
0.0368748307228088,n-Propyl acetate
-0.0190535285652981,n-Propyl acetate
-0.0233104825019836,n-Propyl acetate
-0.026265114545822,n-Propyl acetate
0.2366974353790283,n-Propyl acetate
0.2849562168121338,n-Propyl acetate
0.1328547000885009,n-Propyl acetate
0.1168115139007569,n-Propyl acetate
0.0414745807647705,n-Propyl acetate
-0.0257641077041626,n-Propyl acetate
-0.0277273654937744,n-Propyl acetate
0.0305132865905762,n-Propyl acetate
0.0693536240769026,n-Propyl acetate
0.2160561084747315,n-Propyl acetate
0.2854223847389221,Ethylene glycol
0.3174940049648285,Ethylene glycol
0.2086753845214844,Ethylene glycol
0.2511784732341767,Ethylene glycol
0.1987205743789673,Ethylene glycol
0.1965105384588241,Ethylene glycol
0.1918020695447922,Ethylene glycol
0.2723408453166485,Ethylene glycol
0.2846031761728227,Ethylene glycol
-0.0632274150848388,Ethylene glycol
-0.0204079151153565,Ethylene glycol
0.0578467845916748,Ethylene glycol
0.0786612033843994,Ethylene glycol
0.0630960464477539,Ethylene glycol
0.1037840843200683,Ethylene glycol
0.1321940422058106,Ethylene glycol
0.0894069671630858,Ethylene glycol
0.1197571754455567,Ethylene glycol
-0.332263469696045,Cyclohexane
-0.2720824851051091,Cyclohexane
0.4300878752312975,Cyclohexane
0.597543293211945,Cyclohexane
0.7009050846099854,Cyclohexane
0.7709439992904663,Cyclohexane
0.8995590209960938,Cyclohexane
0.8284749984741211,Cyclohexane
0.8608672618865967,Cyclohexane
0.0090520381927489,NMP
-0.0238773822784424,NMP
-0.1309142112731934,NMP
0.0040320754051209,NMP
-0.0454718470573426,NMP
-0.1342579126358032,NMP
-0.180277168750763,NMP
-0.2926182746887207,NMP
-0.3274047076702118,NMP
-0.3137058317661286,NMP
-0.1649320721626281,NMP
-0.0756450891494751,NMP
-0.0884595513343811,NMP
-0.0448233485221862,NMP
0.0511779189109802,NMP
0.096201092004776,NMP
0.2560027092695237,NMP
0.2636228948831558,NMP
0.2916158325970173,NMP
0.107628583908081,DMSO
0.1381493806838989,DMSO
0.1399518847465515,DMSO
0.1764151453971863,DMSO
0.1174805760383606,DMSO
0.1675411462783813,DMSO
0.2936165034770965,DMSO
0.2336156666278839,DMSO
0.1784152686595917,DMSO
0.1161243915557861,n-Propyl acetate
-0.1978659629821778,n-Propyl acetate
-0.2101775407791138,n-Propyl acetate
-0.3021402359008789,n-Propyl acetate
-0.3447195291519165,n-Propyl acetate
-0.2202247977256775,n-Propyl acetate
-0.1941421031951903,n-Propyl acetate
-0.1500345468521118,n-Propyl acetate
-0.0171313285827636,n-Propyl acetate
-0.0135672092437744,n-Propyl acetate
-0.1435994803905487,n-Propyl acetate
-0.5638058185577393,Cyclohexane
-0.4790865182876587,Cyclohexane
-0.2057857513427735,Cyclohexane
-0.2649921178817749,Cyclohexane
-0.18265962600708,Cyclohexane
-0.1424510478973388,Cyclohexane
-0.0304917097091674,Cyclohexane
-0.2818089723587036,NMP
-0.1744778156280517,NMP
-0.5980194807052612,NMP
-0.5129987001419067,NMP
-0.5262795686721802,NMP
-0.4098532199859619,NMP
-0.2294434309005736,NMP
-0.0262073271554598,Ethylene glycol
-0.0455840826034546,Ethylene glycol
-0.0109879970550538,Ethylene glycol
-0.0520879030227661,Ethylene glycol
-0.0912191064632416,Ethylene glycol
-0.1511355936527252,Ethylene glycol
-0.111311549989032,Ethylene glycol
-0.0365534126758575,Ethylene glycol
-0.0522039383649825,Ethylene glycol
-0.0168782919645309,Ethylene glycol
-0.154798150062561,Ethylene glycol
-0.3063089251518249,Ethylene glycol
-0.3108720183372498,Ethylene glycol
-0.1967222094535827,Ethylene glycol
-0.0542792677879334,Ethylene glycol
-0.1296103596687317,DMSO
-0.2077950835227965,DMSO
-0.2266578674316406,DMSO
-0.2369454205036162,DMSO
-0.2233345508575439,DMSO
-0.0861556828022003,DMSO
-0.0776655375957489,DMSO
0.0027094334363937,DMSO
0.0117961466312409,DMSO
0.0290080904960632,DMSO
0.0468392968177794,DMSO
0.1263493970036507,DMSO
0.1181811895221471,DMSO
0.0873070796951652,DMSO
0.0851051672361791,DMSO
-0.0222502349648855,n-Propyl acetate
-0.09601092338562,n-Propyl acetate
-0.0899715423583984,n-Propyl acetate
-0.0852987766265869,n-Propyl acetate
-0.0578353404998779,n-Propyl acetate
-0.1817459464073182,n-Propyl acetate
-0.1765287518501282,n-Propyl acetate
-0.1828957796096801,n-Propyl acetate
-0.1908491148325004,n-Propyl acetate
-0.2390599250793454,Cyclohexane
-0.3390517234802244,Cyclohexane
-0.4409332275390623,Cyclohexane
-0.427523136138916,Cyclohexane
-0.3705813884735107,Cyclohexane
-0.2931985855102539,Cyclohexane
-0.2839097976684572,Cyclohexane
-0.2765856981277466,Cyclohexane
-0.3761162757873537,Cyclohexane
0.0575500726699829,Ethylene glycol
0.0282903909683227,Ethylene glycol
-0.0133653879165649,Ethylene glycol
0.1406654715538025,Ethylene glycol
0.142037272453308,Ethylene glycol
0.1253560781478881,Ethylene glycol
0.2139270305633545,Ethylene glycol
0.1400525569915772,Ethylene glycol
0.1440464258193969,Ethylene glycol
0.5584728717803955,NMP
0.6115946769714355,NMP
0.5758701562881468,NMP
0.6128721833229063,NMP
0.4476041793823242,DMSO
0.4386608600616455,DMSO
0.6155523061752319,DMSO
0.6953639984130859,DMSO
-0.1870110034942627,Cyclohexane
0.3992717266082764,n-Propyl acetate
0.3037591576576233,n-Propyl acetate
0.2383714318275452,n-Propyl acetate
0.1822818517684936,n-Propyl acetate
0.262995183467865,n-Propyl acetate
0.2568054795265198,n-Propyl acetate
0.2664822936058044,n-Propyl acetate
0.2310847043991089,n-Propyl acetate
0.2393324673175812,n-Propyl acetate
-0.291395425796509,Cyclohexane
-0.2461628913879394,Cyclohexane
-0.2537806034088132,Cyclohexane
-0.2949047088623049,Cyclohexane
-0.3057203292846677,Cyclohexane
-0.3469781875610351,Cyclohexane
-0.343179702758789,Cyclohexane
-0.3996737003326416,Cyclohexane
-0.3912310600280761,Cyclohexane
-0.3366811275482175,Cyclohexane
-0.2545459270477295,Cyclohexane
-0.2047183513641357,Cyclohexane
-0.1988031864166259,Cyclohexane
-0.1478974819183347,Cyclohexane
-0.1485311985015869,Cyclohexane
-0.4386669099330902,DMSO
-0.4137056320905685,DMSO
-0.3981688842177391,DMSO
-0.3176565542817116,DMSO
-0.3180868253111839,DMSO
-0.3030127957463264,DMSO
-0.3089359030127526,DMSO
-0.3390382528305054,DMSO
-0.3169824481010437,DMSO
-0.3253660500049591,DMSO
-0.3019887059926987,DMSO
-0.7603099346160889,Cyclohexane
-0.5350837707519531,Cyclohexane
-0.3395168781280522,Cyclohexane
-0.4804213047027592,Cyclohexane
-0.4905812740325928,Cyclohexane
0.294015884399414,DMSO
0.2282600402832031,DMSO
0.3272498846054077,DMSO
0.5350990295410156,DMSO
-0.0802959576249123,Cyclohexane
-0.0657903626561164,Cyclohexane
-0.0381744988262652,Cyclohexane
-0.026147938799113,Cyclohexane
-0.2111430987715721,Cyclohexane
-0.1968910396099091,Cyclohexane
-0.2201657904010424,Cyclohexane
0.1087930947542191,n-Propyl acetate
0.1055871949239563,n-Propyl acetate
0.063563298434019,n-Propyl acetate
0.0288416389375925,n-Propyl acetate
0.0108669549226761,n-Propyl acetate
0.0265680253505707,n-Propyl acetate
0.0415971279144287,n-Propyl acetate
-0.0346755357067384,n-Propyl acetate
0.0045278262932894,n-Propyl acetate
-0.0633310675621032,n-Propyl acetate
-0.0333540439605712,n-Propyl acetate
-0.0079178214073181,n-Propyl acetate
-0.0812268853187561,n-Propyl acetate
-0.0846930146217345,n-Propyl acetate
-0.0135387778282166,n-Propyl acetate
-0.0842650532722472,n-Propyl acetate
0.0065657496452331,n-Propyl acetate
-0.0482846498489379,n-Propyl acetate
-0.1161681722493603,DMSO
-0.0986949502574682,DMSO
0.0532877448775863,DMSO
-0.0399918402129541,DMSO
-0.1168602406978606,DMSO
-0.1102997064590454,DMSO
-0.0826276391744613,DMSO
-0.0360744521021842,DMSO
-0.1905114650726318,Ethylene glycol
-0.1220608949661255,Ethylene glycol
-0.0688526630401611,Ethylene glycol
0.0346431732177734,Ethylene glycol
-0.0387225151062011,Ethylene glycol
0.0220897197723389,Ethylene glycol
-0.08856201171875,Ethylene glycol
-0.1239898204803466,Ethylene glycol
-0.0982252359390258,Ethylene glycol
-0.1119682788848877,Ethylene glycol
0.0625140070915222,n-Propyl acetate
0.0734075009822845,n-Propyl acetate
0.075122982263565,n-Propyl acetate
0.0308452397584915,n-Propyl acetate
0.0710856169462204,n-Propyl acetate
0.0235589034855366,n-Propyl acetate
0.0264409799128771,n-Propyl acetate
0.0245590545237064,n-Propyl acetate
0.0196514278650283,n-Propyl acetate
-0.166111859163526,DMSO
-0.1368976944583306,DMSO
0.0089401423311184,DMSO
-0.0012963714892944,DMSO
0.0143759399652481,DMSO
0.0597473531961441,DMSO
0.0798788964748383,DMSO
0.0743780136108397,DMSO
0.0862950086593628,DMSO
0.0038225054740906,DMSO
-0.0045477151870726,DMSO
-0.5332732796669006,Cyclohexane
-0.5332732796669006,Cyclohexane
0.0823312401771545,NMP
-0.1007132530212402,NMP
-0.0831331014633179,NMP
-0.1754529476165772,NMP
-0.123422810164368,NMP
-0.1500636935234069,NMP
-0.1500636935234069,NMP
-0.0274286270141601,NMP
-0.0221081972122192,NMP
-0.0221081972122191,NMP
0.0231697261333465,NMP
0.0193838477134705,NMP
0.0280295014381408,NMP
0.0280295014381408,NMP
0.0326167121529578,NMP
0.032616712152958,NMP
0.0566098988056182,NMP
0.0024353265762329,NMP
0.000569224357605,NMP
0.0168015360832215,NMP
0.0921788215637207,NMP
0.1306231021881103,NMP
0.0986469388008118,NMP
0.0855336189270019,NMP
0.1037222743034363,NMP
0.1866686940193177,NMP
